--
-- PostgreSQL database dump
--

-- Dumped from database version 9.5.12
-- Dumped by pg_dump version 9.5.12

SET statement_timeout = 0;
SET lock_timeout = 0;
SET client_encoding = 'UTF8';
SET standard_conforming_strings = on;
SELECT pg_catalog.set_config('search_path', '', false);
SET check_function_bodies = false;
SET client_min_messages = warning;
SET row_security = off;

--
-- Name: plpgsql; Type: EXTENSION; Schema: -; Owner: -
--

CREATE EXTENSION IF NOT EXISTS plpgsql WITH SCHEMA pg_catalog;


--
-- Name: EXTENSION plpgsql; Type: COMMENT; Schema: -; Owner: -
--

COMMENT ON EXTENSION plpgsql IS 'PL/pgSQL procedural language';


SET default_tablespace = '';

SET default_with_oids = false;

--
-- Name: ar_internal_metadata; Type: TABLE; Schema: public; Owner: -
--

CREATE TABLE public.ar_internal_metadata (
    key character varying NOT NULL,
    value character varying,
    created_at timestamp without time zone NOT NULL,
    updated_at timestamp without time zone NOT NULL
);


--
-- Name: artists; Type: TABLE; Schema: public; Owner: -
--

CREATE TABLE public.artists (
    id bigint NOT NULL,
    name character varying,
    created_at timestamp without time zone NOT NULL,
    updated_at timestamp without time zone NOT NULL
);


--
-- Name: artists_id_seq; Type: SEQUENCE; Schema: public; Owner: -
--

CREATE SEQUENCE public.artists_id_seq
    START WITH 1
    INCREMENT BY 1
    NO MINVALUE
    NO MAXVALUE
    CACHE 1;


--
-- Name: artists_id_seq; Type: SEQUENCE OWNED BY; Schema: public; Owner: -
--

ALTER SEQUENCE public.artists_id_seq OWNED BY public.artists.id;


--
-- Name: cd_songs; Type: TABLE; Schema: public; Owner: -
--

CREATE TABLE public.cd_songs (
    id bigint NOT NULL,
    cd_id bigint,
    song_id bigint,
    created_at timestamp without time zone NOT NULL,
    updated_at timestamp without time zone NOT NULL
);


--
-- Name: cd_songs_id_seq; Type: SEQUENCE; Schema: public; Owner: -
--

CREATE SEQUENCE public.cd_songs_id_seq
    START WITH 1
    INCREMENT BY 1
    NO MINVALUE
    NO MAXVALUE
    CACHE 1;


--
-- Name: cd_songs_id_seq; Type: SEQUENCE OWNED BY; Schema: public; Owner: -
--

ALTER SEQUENCE public.cd_songs_id_seq OWNED BY public.cd_songs.id;


--
-- Name: cds; Type: TABLE; Schema: public; Owner: -
--

CREATE TABLE public.cds (
    id bigint NOT NULL,
    name character varying,
    released_at date,
    created_at timestamp without time zone NOT NULL,
    updated_at timestamp without time zone NOT NULL
);


--
-- Name: cds_id_seq; Type: SEQUENCE; Schema: public; Owner: -
--

CREATE SEQUENCE public.cds_id_seq
    START WITH 1
    INCREMENT BY 1
    NO MINVALUE
    NO MAXVALUE
    CACHE 1;


--
-- Name: cds_id_seq; Type: SEQUENCE OWNED BY; Schema: public; Owner: -
--

ALTER SEQUENCE public.cds_id_seq OWNED BY public.cds.id;


--
-- Name: lyric_types; Type: TABLE; Schema: public; Owner: -
--

CREATE TABLE public.lyric_types (
    id bigint NOT NULL,
    name character varying,
    created_at timestamp without time zone NOT NULL,
    updated_at timestamp without time zone NOT NULL
);


--
-- Name: lyric_types_id_seq; Type: SEQUENCE; Schema: public; Owner: -
--

CREATE SEQUENCE public.lyric_types_id_seq
    START WITH 1
    INCREMENT BY 1
    NO MINVALUE
    NO MAXVALUE
    CACHE 1;


--
-- Name: lyric_types_id_seq; Type: SEQUENCE OWNED BY; Schema: public; Owner: -
--

ALTER SEQUENCE public.lyric_types_id_seq OWNED BY public.lyric_types.id;


--
-- Name: lyric_url_songs; Type: TABLE; Schema: public; Owner: -
--

CREATE TABLE public.lyric_url_songs (
    id bigint NOT NULL,
    lyric_url_id bigint,
    song_id bigint,
    created_at timestamp without time zone NOT NULL,
    updated_at timestamp without time zone NOT NULL
);


--
-- Name: lyric_url_songs_id_seq; Type: SEQUENCE; Schema: public; Owner: -
--

CREATE SEQUENCE public.lyric_url_songs_id_seq
    START WITH 1
    INCREMENT BY 1
    NO MINVALUE
    NO MAXVALUE
    CACHE 1;


--
-- Name: lyric_url_songs_id_seq; Type: SEQUENCE OWNED BY; Schema: public; Owner: -
--

ALTER SEQUENCE public.lyric_url_songs_id_seq OWNED BY public.lyric_url_songs.id;


--
-- Name: lyric_urls; Type: TABLE; Schema: public; Owner: -
--

CREATE TABLE public.lyric_urls (
    id bigint NOT NULL,
    url character varying,
    lyric_website_id bigint,
    created_at timestamp without time zone NOT NULL,
    updated_at timestamp without time zone NOT NULL
);


--
-- Name: lyric_urls_id_seq; Type: SEQUENCE; Schema: public; Owner: -
--

CREATE SEQUENCE public.lyric_urls_id_seq
    START WITH 1
    INCREMENT BY 1
    NO MINVALUE
    NO MAXVALUE
    CACHE 1;


--
-- Name: lyric_urls_id_seq; Type: SEQUENCE OWNED BY; Schema: public; Owner: -
--

ALTER SEQUENCE public.lyric_urls_id_seq OWNED BY public.lyric_urls.id;


--
-- Name: lyric_websites; Type: TABLE; Schema: public; Owner: -
--

CREATE TABLE public.lyric_websites (
    id bigint NOT NULL,
    name character varying,
    created_at timestamp without time zone NOT NULL,
    updated_at timestamp without time zone NOT NULL
);


--
-- Name: lyric_websites_id_seq; Type: SEQUENCE; Schema: public; Owner: -
--

CREATE SEQUENCE public.lyric_websites_id_seq
    START WITH 1
    INCREMENT BY 1
    NO MINVALUE
    NO MAXVALUE
    CACHE 1;


--
-- Name: lyric_websites_id_seq; Type: SEQUENCE OWNED BY; Schema: public; Owner: -
--

ALTER SEQUENCE public.lyric_websites_id_seq OWNED BY public.lyric_websites.id;


--
-- Name: lyrics; Type: TABLE; Schema: public; Owner: -
--

CREATE TABLE public.lyrics (
    id bigint NOT NULL,
    song_id bigint,
    singer_id bigint,
    lyric_type_id bigint,
    lyric text,
    ruby text,
    lyric_with_ruby text,
    lyric_order integer,
    created_at timestamp without time zone NOT NULL,
    updated_at timestamp without time zone NOT NULL,
    part_lyric_order integer
);


--
-- Name: lyrics_id_seq; Type: SEQUENCE; Schema: public; Owner: -
--

CREATE SEQUENCE public.lyrics_id_seq
    START WITH 1
    INCREMENT BY 1
    NO MINVALUE
    NO MAXVALUE
    CACHE 1;


--
-- Name: lyrics_id_seq; Type: SEQUENCE OWNED BY; Schema: public; Owner: -
--

ALTER SEQUENCE public.lyrics_id_seq OWNED BY public.lyrics.id;


--
-- Name: schema_migrations; Type: TABLE; Schema: public; Owner: -
--

CREATE TABLE public.schema_migrations (
    version character varying NOT NULL
);


--
-- Name: search_log_songs; Type: TABLE; Schema: public; Owner: -
--

CREATE TABLE public.search_log_songs (
    id bigint NOT NULL,
    search_log_id bigint,
    song_id bigint,
    created_at timestamp without time zone NOT NULL,
    updated_at timestamp without time zone NOT NULL,
    phrase_hit_count integer
);


--
-- Name: search_log_songs_id_seq; Type: SEQUENCE; Schema: public; Owner: -
--

CREATE SEQUENCE public.search_log_songs_id_seq
    START WITH 1
    INCREMENT BY 1
    NO MINVALUE
    NO MAXVALUE
    CACHE 1;


--
-- Name: search_log_songs_id_seq; Type: SEQUENCE OWNED BY; Schema: public; Owner: -
--

ALTER SEQUENCE public.search_log_songs_id_seq OWNED BY public.search_log_songs.id;


--
-- Name: search_logs; Type: TABLE; Schema: public; Owner: -
--

CREATE TABLE public.search_logs (
    id bigint NOT NULL,
    searchword character varying,
    searchtype character varying,
    created_at timestamp without time zone NOT NULL,
    updated_at timestamp without time zone NOT NULL,
    hit_song_count integer,
    ip_address character varying
);


--
-- Name: search_logs_id_seq; Type: SEQUENCE; Schema: public; Owner: -
--

CREATE SEQUENCE public.search_logs_id_seq
    START WITH 1
    INCREMENT BY 1
    NO MINVALUE
    NO MAXVALUE
    CACHE 1;


--
-- Name: search_logs_id_seq; Type: SEQUENCE OWNED BY; Schema: public; Owner: -
--

ALTER SEQUENCE public.search_logs_id_seq OWNED BY public.search_logs.id;


--
-- Name: singers; Type: TABLE; Schema: public; Owner: -
--

CREATE TABLE public.singers (
    id bigint NOT NULL,
    name character varying,
    is_kick boolean,
    created_at timestamp without time zone NOT NULL,
    updated_at timestamp without time zone NOT NULL
);


--
-- Name: singers_id_seq; Type: SEQUENCE; Schema: public; Owner: -
--

CREATE SEQUENCE public.singers_id_seq
    START WITH 1
    INCREMENT BY 1
    NO MINVALUE
    NO MAXVALUE
    CACHE 1;


--
-- Name: singers_id_seq; Type: SEQUENCE OWNED BY; Schema: public; Owner: -
--

ALTER SEQUENCE public.singers_id_seq OWNED BY public.singers.id;


--
-- Name: songs; Type: TABLE; Schema: public; Owner: -
--

CREATE TABLE public.songs (
    id bigint NOT NULL,
    lyric_url_id bigint,
    name character varying,
    lyricist character varying,
    composer character varying,
    arranger character varying,
    created_at timestamp without time zone NOT NULL,
    updated_at timestamp without time zone NOT NULL,
    cd_id bigint,
    note text,
    search_log_song_id bigint,
    artist_id bigint
);


--
-- Name: songs_id_seq; Type: SEQUENCE; Schema: public; Owner: -
--

CREATE SEQUENCE public.songs_id_seq
    START WITH 1
    INCREMENT BY 1
    NO MINVALUE
    NO MAXVALUE
    CACHE 1;


--
-- Name: songs_id_seq; Type: SEQUENCE OWNED BY; Schema: public; Owner: -
--

ALTER SEQUENCE public.songs_id_seq OWNED BY public.songs.id;


--
-- Name: id; Type: DEFAULT; Schema: public; Owner: -
--

ALTER TABLE ONLY public.artists ALTER COLUMN id SET DEFAULT nextval('public.artists_id_seq'::regclass);


--
-- Name: id; Type: DEFAULT; Schema: public; Owner: -
--

ALTER TABLE ONLY public.cd_songs ALTER COLUMN id SET DEFAULT nextval('public.cd_songs_id_seq'::regclass);


--
-- Name: id; Type: DEFAULT; Schema: public; Owner: -
--

ALTER TABLE ONLY public.cds ALTER COLUMN id SET DEFAULT nextval('public.cds_id_seq'::regclass);


--
-- Name: id; Type: DEFAULT; Schema: public; Owner: -
--

ALTER TABLE ONLY public.lyric_types ALTER COLUMN id SET DEFAULT nextval('public.lyric_types_id_seq'::regclass);


--
-- Name: id; Type: DEFAULT; Schema: public; Owner: -
--

ALTER TABLE ONLY public.lyric_url_songs ALTER COLUMN id SET DEFAULT nextval('public.lyric_url_songs_id_seq'::regclass);


--
-- Name: id; Type: DEFAULT; Schema: public; Owner: -
--

ALTER TABLE ONLY public.lyric_urls ALTER COLUMN id SET DEFAULT nextval('public.lyric_urls_id_seq'::regclass);


--
-- Name: id; Type: DEFAULT; Schema: public; Owner: -
--

ALTER TABLE ONLY public.lyric_websites ALTER COLUMN id SET DEFAULT nextval('public.lyric_websites_id_seq'::regclass);


--
-- Name: id; Type: DEFAULT; Schema: public; Owner: -
--

ALTER TABLE ONLY public.lyrics ALTER COLUMN id SET DEFAULT nextval('public.lyrics_id_seq'::regclass);


--
-- Name: id; Type: DEFAULT; Schema: public; Owner: -
--

ALTER TABLE ONLY public.search_log_songs ALTER COLUMN id SET DEFAULT nextval('public.search_log_songs_id_seq'::regclass);


--
-- Name: id; Type: DEFAULT; Schema: public; Owner: -
--

ALTER TABLE ONLY public.search_logs ALTER COLUMN id SET DEFAULT nextval('public.search_logs_id_seq'::regclass);


--
-- Name: id; Type: DEFAULT; Schema: public; Owner: -
--

ALTER TABLE ONLY public.singers ALTER COLUMN id SET DEFAULT nextval('public.singers_id_seq'::regclass);


--
-- Name: id; Type: DEFAULT; Schema: public; Owner: -
--

ALTER TABLE ONLY public.songs ALTER COLUMN id SET DEFAULT nextval('public.songs_id_seq'::regclass);


--
-- Data for Name: ar_internal_metadata; Type: TABLE DATA; Schema: public; Owner: -
--

COPY public.ar_internal_metadata (key, value, created_at, updated_at) FROM stdin;
environment	development	2018-05-18 13:23:19.398795	2018-05-18 13:23:19.398795
\.


--
-- Data for Name: artists; Type: TABLE DATA; Schema: public; Owner: -
--

COPY public.artists (id, name, created_at, updated_at) FROM stdin;
432004563	KICK THE CAN CREW	2018-05-18 13:23:33.040803	2018-05-18 13:23:33.040803
298486374	MyString	2018-05-18 13:23:33.040803	2018-05-18 13:23:33.040803
\.


--
-- Name: artists_id_seq; Type: SEQUENCE SET; Schema: public; Owner: -
--

SELECT pg_catalog.setval('public.artists_id_seq', 432004563, true);


--
-- Data for Name: cd_songs; Type: TABLE DATA; Schema: public; Owner: -
--

COPY public.cd_songs (id, cd_id, song_id, created_at, updated_at) FROM stdin;
1031382997	219224909	982511081	2018-05-18 13:23:33.066455	2018-05-18 13:23:33.066455
21790456	219224909	112866502	2018-05-18 13:23:33.066455	2018-05-18 13:23:33.066455
1046170209	621013149	156861643	2018-05-18 13:23:33.066455	2018-05-18 13:23:33.066455
776351195	621013149	877844783	2018-05-18 13:23:33.066455	2018-05-18 13:23:33.066455
856240689	535806224	131946517	2018-05-18 13:23:33.066455	2018-05-18 13:23:33.066455
446133488	587316810	844947265	2018-05-18 13:23:33.066455	2018-05-18 13:23:33.066455
930561971	436823389	133215380	2018-05-18 13:23:33.066455	2018-05-18 13:23:33.066455
624473962	479618900	88824876	2018-05-18 13:23:33.066455	2018-05-18 13:23:33.066455
559864549	604606097	440264634	2018-05-18 13:23:33.066455	2018-05-18 13:23:33.066455
145870969	604606097	1069607210	2018-05-18 13:23:33.066455	2018-05-18 13:23:33.066455
179600554	178128301	519972071	2018-05-18 13:23:33.066455	2018-05-18 13:23:33.066455
278128387	614900124	106544218	2018-05-18 13:23:33.066455	2018-05-18 13:23:33.066455
750236063	1049752364	1055050061	2018-05-18 13:23:33.066455	2018-05-18 13:23:33.066455
447574887	453528112	1014144295	2018-05-18 13:23:33.066455	2018-05-18 13:23:33.066455
886021497	845852309	293514184	2018-05-18 13:23:33.066455	2018-05-18 13:23:33.066455
368418236	251166158	1019609961	2018-05-18 13:23:33.066455	2018-05-18 13:23:33.066455
57241656	251166158	581266737	2018-05-18 13:23:33.066455	2018-05-18 13:23:33.066455
70935931	359143221	350177866	2018-05-18 13:23:33.066455	2018-05-18 13:23:33.066455
504712214	918794414	249039998	2018-05-18 13:23:33.066455	2018-05-18 13:23:33.066455
579798386	657635050	800442314	2018-05-18 13:23:33.066455	2018-05-18 13:23:33.066455
326798578	119379760	273780870	2018-05-18 13:23:33.066455	2018-05-18 13:23:33.066455
860319984	371092858	641744026	2018-05-18 13:23:33.066455	2018-05-18 13:23:33.066455
10126579	371092858	362662043	2018-05-18 13:23:33.066455	2018-05-18 13:23:33.066455
541889181	489917250	1060016335	2018-05-18 13:23:33.066455	2018-05-18 13:23:33.066455
1055185409	712773829	366569672	2018-05-18 13:23:33.066455	2018-05-18 13:23:33.066455
\.


--
-- Name: cd_songs_id_seq; Type: SEQUENCE SET; Schema: public; Owner: -
--

SELECT pg_catalog.setval('public.cd_songs_id_seq', 1055185409, true);


--
-- Data for Name: cds; Type: TABLE DATA; Schema: public; Owner: -
--

COPY public.cds (id, name, released_at, created_at, updated_at) FROM stdin;
219224909	タカオニ/カンケリ	1999-08-20	2018-05-18 13:23:33.049359	2018-05-18 13:23:33.049359
621013149	今日から明日	2001-02-21	2018-05-18 13:23:33.049359	2018-05-18 13:23:33.049359
535806224	スーパーオリジナル	2001-05-23	2018-05-18 13:23:33.049359	2018-05-18 13:23:33.049359
587316810	young animal e.p.	2000-07-05	2018-05-18 13:23:33.049359	2018-05-18 13:23:33.049359
436823389	イツナロウバ	2001-07-11	2018-05-18 13:23:33.049359	2018-05-18 13:23:33.049359
479618900	GOOD TIME!	2000-08-18	2018-05-18 13:23:33.049359	2018-05-18 13:23:33.049359
604606097	カンケリ01/LIFELINE	2001-09-27	2018-05-18 13:23:33.049359	2018-05-18 13:23:33.049359
178128301	クリスマス・イブRap	2001-11-07	2018-05-18 13:23:33.049359	2018-05-18 13:23:33.049359
614900124	マルシェ	2002-01-23	2018-05-18 13:23:33.049359	2018-05-18 13:23:33.049359
1049752364	ONEWAY	2002-03-13	2018-05-18 13:23:33.049359	2018-05-18 13:23:33.049359
453528112	sayonara sayonara	2002-05-22	2018-05-18 13:23:33.049359	2018-05-18 13:23:33.049359
845852309	アンバランス	2002-08-28	2018-05-18 13:23:33.049359	2018-05-18 13:23:33.049359
251166158	地球ブルース～337～/DJDJ [for RADIO]	2002-11-07	2018-05-18 13:23:33.049359	2018-05-18 13:23:33.049359
359143221	TORIIIIIICO!	2002-12-11	2018-05-18 13:23:33.049359	2018-05-18 13:23:33.049359
918794414	性コンティニュー	2003-08-06	2018-05-18 13:23:33.049359	2018-05-18 13:23:33.049359
657635050	GOOD MUSIC	2003-09-10	2018-05-18 13:23:33.049359	2018-05-18 13:23:33.049359
119379760	パンク寸前のFUNK	2003-10-16	2018-05-18 13:23:33.049359	2018-05-18 13:23:33.049359
371092858	ナビ/揺れ	2003-11-12	2018-05-18 13:23:33.049359	2018-05-18 13:23:33.049359
489917250	脳内VACATION	2003-12-10	2018-05-18 13:23:33.049359	2018-05-18 13:23:33.049359
712773829	KICK!	2017-08-30	2018-05-18 13:23:33.049359	2018-05-18 13:23:33.049359
\.


--
-- Name: cds_id_seq; Type: SEQUENCE SET; Schema: public; Owner: -
--

SELECT pg_catalog.setval('public.cds_id_seq', 1049752364, true);


--
-- Data for Name: lyric_types; Type: TABLE DATA; Schema: public; Owner: -
--

COPY public.lyric_types (id, name, created_at, updated_at) FROM stdin;
318236322	VERSE	2018-05-18 13:23:33.219106	2018-05-18 13:23:33.219106
609764183	HOOK	2018-05-18 13:23:33.219106	2018-05-18 13:23:33.219106
695734176	BRIDGE	2018-05-18 13:23:33.219106	2018-05-18 13:23:33.219106
425211171	OTHER	2018-05-18 13:23:33.219106	2018-05-18 13:23:33.219106
\.


--
-- Name: lyric_types_id_seq; Type: SEQUENCE SET; Schema: public; Owner: -
--

SELECT pg_catalog.setval('public.lyric_types_id_seq', 695734176, true);


--
-- Data for Name: lyric_url_songs; Type: TABLE DATA; Schema: public; Owner: -
--

COPY public.lyric_url_songs (id, lyric_url_id, song_id, created_at, updated_at) FROM stdin;
980190962	441812191	982511081	2018-05-18 13:23:33.232623	2018-05-18 13:23:33.232623
298486374	745042171	112866502	2018-05-18 13:23:33.232623	2018-05-18 13:23:33.232623
\.


--
-- Name: lyric_url_songs_id_seq; Type: SEQUENCE SET; Schema: public; Owner: -
--

SELECT pg_catalog.setval('public.lyric_url_songs_id_seq', 980190962, true);


--
-- Data for Name: lyric_urls; Type: TABLE DATA; Schema: public; Owner: -
--

COPY public.lyric_urls (id, url, lyric_website_id, created_at, updated_at) FROM stdin;
441812191	http://www.utamap.com/showkasi.php?surl=B16234	151623697	2018-05-18 13:23:33.225673	2018-05-18 13:23:33.225673
745042171	http://www.utamap.com/showkasi.php?surl=B16235	151623697	2018-05-18 13:23:33.225673	2018-05-18 13:23:33.225673
894296530	http://www.utamap.com/showkasi.php?surl=B16235	151623697	2018-05-18 13:23:33.225673	2018-05-18 13:23:33.225673
485063895	http://www.utamap.com/showkasi.php?surl=B16235	151623697	2018-05-18 13:23:33.225673	2018-05-18 13:23:33.225673
\.


--
-- Name: lyric_urls_id_seq; Type: SEQUENCE SET; Schema: public; Owner: -
--

SELECT pg_catalog.setval('public.lyric_urls_id_seq', 894296530, true);


--
-- Data for Name: lyric_websites; Type: TABLE DATA; Schema: public; Owner: -
--

COPY public.lyric_websites (id, name, created_at, updated_at) FROM stdin;
151623697	うたまっぷ	2018-05-18 13:23:33.24215	2018-05-18 13:23:33.24215
298486374	MyString	2018-05-18 13:23:33.24215	2018-05-18 13:23:33.24215
\.


--
-- Name: lyric_websites_id_seq; Type: SEQUENCE SET; Schema: public; Owner: -
--

SELECT pg_catalog.setval('public.lyric_websites_id_seq', 298486374, true);


--
-- Data for Name: lyrics; Type: TABLE DATA; Schema: public; Owner: -
--

COPY public.lyrics (id, song_id, singer_id, lyric_type_id, lyric, ruby, lyric_with_ruby, lyric_order, created_at, updated_at, part_lyric_order) FROM stdin;
578123678	982511081	15386296	609764183	目標定め後前見渡したならまずこの指止まれHEY行こうHEY今以上高くかくかくたかたか高く	もくひょうさだめうしろまえみわたしたならまずこのゆびとまれへいいこうへいいまいじょうたかくかくかくたかたかたかく	\\{目標,もくひょう\\}\\{定め,さだめ\\}\\{ ,\\}\\{後前,うしろまえ\\}\\{見渡し,みわたし\\}たなら\\{ ,\\}まずこの\\{指,ゆび\\}\\{止まれ,とまれ\\}\\{ ,\\}\\{HEY,へい\\}\\{行こ,いこ\\}う\\{ ,\\}\\{HEY,へい\\}\\{ ,\\}\\{今,いま\\}\\{以上,いじょう\\}\\{高く,たかく\\}\\{ ,\\}かくかく\\{ ,\\}たかたか\\{ ,\\}\\{高く,たかく\\}\\{ ,\\}	1	2018-05-18 13:23:33.080572	2018-05-18 13:23:33.080572	1
997991978	982511081	607805222	318236322	「は～い、集合」で揃った大・中・小もう出来ない躊躇最終の列車がホームを滑り出す頃オレらは腕磨く光る夜空のアンドロメダより高い手の届かんとこ目指す時間を越えた勝負のシナリオ(1.2.3)ピント合うピタリと嫌いも好きもなく登り続ける震える手またさらに進める(セーフ)オニから逃げたと天仰いだら次の道を辿れたとえ何が起ころうとキチンとしなってこの先は陣取り合戦自信補って登れ高く高くさわぐまた歌が連なる	はーいしゅうごうでそろっただいちゅうしょうもうできないちゅうちょさいしゅうのれっしゃがほーむをすべりだすころおれらはうでみがくひかるよぞらのあんどろめだよりたかいてのとどかんとこめざすじかんをこえたしょうぶのしなりおいちにさんぴんとあうぴたりときらいもすきもなくのぼりつづけるふるえるてまたさらにすすめるせーふおにからにげたとてんあおいだらつぎのみちをたどれたとえなにがおころうときちんとしなってこのさきはじんとりがっせんじしんおぎなってのぼれたかくたかくさわぐまたうたがつらなる	\\{「,\\}は\\{～,ー\\}い\\{、,\\}\\{集合,しゅうごう\\}\\{」,\\}で\\{揃っ,そろっ\\}た\\{大,だい\\}\\{・,\\}\\{中,ちゅう\\}\\{・,\\}\\{小,しょう\\}\\{ ,\\}もう\\{出来,でき\\}ない\\{躊躇,ちゅうちょ\\}\\{ ,\\}\\{最終,さいしゅう\\}の\\{列車,れっしゃ\\}が\\{ホーム,ほーむ\\}を\\{滑り出す,すべりだす\\}\\{頃,ころ\\}\\{ ,\\}\\{オレ,おれ\\}らは\\{腕,うで\\}\\{磨く,みがく\\}\\{ ,\\}\\{光る,ひかる\\}\\{夜空,よぞら\\}の\\{アンドロメダ,あんどろめだ\\}より\\{高い,たかい\\}\\{ ,\\}\\{手,て\\}の\\{届か,とどか\\}んとこ\\{目指す,めざす\\}\\{ ,\\}\\{時間,じかん\\}を\\{越え,こえ\\}た\\{勝負,しょうぶ\\}の\\{シナリオ,しなりお\\}\\{(,\\}\\{1,いち\\}\\{.,\\}\\{2,に\\}\\{.,\\}\\{3,さん\\}\\{),\\}\\{ピント,ぴんと\\}\\{合う,あう\\}\\{ピタリ,ぴたり\\}と\\{ ,\\}\\{嫌い,きらい\\}も\\{好き,すき\\}もなく\\{ ,\\}\\{登り,のぼり\\}\\{続ける,つづける\\}\\{震える,ふるえる\\}\\{手,て\\}\\{ ,\\}またさらに\\{進める,すすめる\\}\\{ ,\\}\\{(,\\}\\{セーフ,せーふ\\}\\{),\\}\\{オニ,おに\\}から\\{逃げ,にげ\\}たと\\{ ,\\}\\{天,てん\\}\\{仰い,あおい\\}だら\\{ ,\\}\\{次,つぎ\\}の\\{道,みち\\}を\\{辿れ,たどれ\\}\\{ ,\\}たとえ\\{何,なに\\}が\\{起ころ,おころ\\}うと\\{キチン,きちん\\}としなって\\{ ,\\}この\\{先,さき\\}は\\{陣取り,じんとり\\}\\{合戦,がっせん\\}\\{ ,\\}\\{自信,じしん\\}\\{補っ,おぎなっ\\}て\\{登れ,のぼれ\\}\\{高く,たかく\\}\\{高く,たかく\\}\\{ ,\\}さわぐ\\{ ,\\}また\\{歌,うた\\}が\\{連なる,つらなる\\}\\{ ,\\}	2	2018-05-18 13:23:33.080572	2018-05-18 13:23:33.080572	1
209393331	982511081	15386296	609764183	目標定め後前見渡したならまずこの指止まれHEY行こうHEY今以上高くかくかくたかたか高く	もくひょうさだめうしろまえみわたしたならまずこのゆびとまれへいいこうへいいまいじょうたかくかくかくたかたかたかく	\\{目標,もくひょう\\}\\{定め,さだめ\\}\\{ ,\\}\\{後前,うしろまえ\\}\\{見渡し,みわたし\\}たなら\\{ ,\\}まずこの\\{指,ゆび\\}\\{止まれ,とまれ\\}\\{ ,\\}\\{HEY,へい\\}\\{行こ,いこ\\}う\\{ ,\\}\\{HEY,へい\\}\\{ ,\\}\\{今,いま\\}\\{以上,いじょう\\}\\{高く,たかく\\}\\{ ,\\}かくかく\\{ ,\\}たかたか\\{ ,\\}\\{高く,たかく\\}\\{ ,\\}	3	2018-05-18 13:23:33.080572	2018-05-18 13:23:33.080572	2
304055058	982511081	301022393	318236322	壁から壁に飛び移るひたすらその下でオニが仕掛けるイタズラいらつかすてっぺんからの手招き「COMEON!!」で焦りドボンてなワケに随時頭で建てろプランを普段のがんばりを乗せるブランコ(ブラ～ン)危険性高いスタントちゃんと構えてなきゃタダじゃすまんぞどんどんと伸びていく登り棒へつかまらなくちゃあと残りそうである程度の高さに登り微笑浮かべりゃ引き下ろされる地上Wahhh!!素晴らしいストーリーを仕上げるにゃ自分です当人ふんばる最中にちょっかいナシだ風が運び出すしょっぱい涙	かべからかべにとびうつるひたすらそのしたでおにがしかけるいたずらいらつかすてっぺんからのてまねきかもんであせりどぼんてなわけにずいじあたまでたてろぷらんをふだんのがんばりをのせるぶらんこぶらーんきけんせいたかいすたんとちゃんとかまえてなきゃただじゃすまんぞどんどんとのびていくのぼりぼうへつかまらなくちゃあとのこりそうであるていどのたかさにのぼりびしょううかべりゃひきおろされるちじょうわーすばらしいすとーりーをしあげるにゃじぶんですとうにんふんばるさいちゅうにちょっかいなしだかぜがはこびだすしょっぱいなみだ	\\{壁,かべ\\}から\\{壁,かべ\\}に\\{飛び,とび\\}\\{移る,うつる\\}ひたすら\\{ ,\\}その\\{下,した\\}で\\{オニ,おに\\}が\\{仕掛ける,しかける\\}\\{イタズラ,いたずら\\}\\{ ,\\}いらつかすてっぺんからの\\{手招き,てまねき\\}\\{「,\\}\\{COME ON,かもん\\}\\{!!」,\\}で\\{焦り,あせり\\}\\{ドボン,どぼん\\}てな\\{ワケ,わけ\\}に\\{ ,\\}\\{随時,ずいじ\\}\\{頭,あたま\\}で\\{建てろ,たてろ\\}\\{プラン,ぷらん\\}を\\{ ,\\}\\{普段,ふだん\\}のがんばりを\\{乗せる,のせる\\}\\{ブランコ,ぶらんこ\\}\\{(,\\}\\{ブラ,ぶら\\}\\{～,ー\\}\\{ン,ん\\}\\{),\\}\\{ ,\\}\\{危険,きけん\\}\\{性,せい\\}\\{高い,たかい\\}\\{スタント,すたんと\\}\\{ ,\\}ちゃんと\\{構え,かまえ\\}てなきゃ\\{タダ,ただ\\}じゃすまんぞ\\{ ,\\}どんどんと\\{伸び,のび\\}ていく\\{登り,のぼり\\}\\{棒,ぼう\\}へ\\{ ,\\}つかまらなくちゃ\\{ ,\\}あと\\{残り,のこり\\}そうで\\{ ,\\}\\{ある程度,あるていど\\}の\\{高,たか\\}さに\\{登り,のぼり\\}\\{微笑,びしょう\\}\\{ ,\\}\\{浮かべりゃ,うかべりゃ\\}\\{引き下ろさ,ひきおろさ\\}れる\\{地上,ちじょう\\}\\{ ,\\}\\{Wahhh,わー\\}\\{!!,\\}\\{素晴らしい,すばらしい\\}\\{ストーリー,すとーりー\\}を\\{ ,\\}\\{仕上げる,しあげる\\}にゃ\\{自分,じぶん\\}です\\{ ,\\}\\{当人,とうにん\\}\\{ ,\\}ふんばる\\{最中,さいちゅう\\}にちょっかい\\{ナシ,なし\\}だ\\{ ,\\}\\{風,かぜ\\}が\\{運び出す,はこびだす\\}しょっぱい\\{涙,なみだ\\}\\{ ,\\}	4	2018-05-18 13:23:33.080572	2018-05-18 13:23:33.080572	2
622375813	982511081	15386296	609764183	目標定め後前見渡したならまずこの指止まれHEY行こうHEY今以上高くかくかくたかたか高く	もくひょうさだめうしろまえみわたしたならまずこのゆびとまれへいいこうへいいまいじょうたかくかくかくたかたかたかく	\\{目標,もくひょう\\}\\{定め,さだめ\\}\\{ ,\\}\\{後前,うしろまえ\\}\\{見渡し,みわたし\\}たなら\\{ ,\\}まずこの\\{指,ゆび\\}\\{止まれ,とまれ\\}\\{ ,\\}\\{HEY,へい\\}\\{行こ,いこ\\}う\\{ ,\\}\\{HEY,へい\\}\\{ ,\\}\\{今,いま\\}\\{以上,いじょう\\}\\{高く,たかく\\}\\{ ,\\}かくかく\\{ ,\\}たかたか\\{ ,\\}\\{高く,たかく\\}\\{ ,\\}	5	2018-05-18 13:23:33.080572	2018-05-18 13:23:33.080572	3
1007804993	982511081	434322821	318236322	根っからジッとしてられない性分皆で最上部向かって大勝負大丈夫って余裕の口ぶりは大物かはたまたバカかケムリかってくらいに夢はさらにより高く時には誰かの肩に寄り掛かる夢抱いて乗る滑り台上に這い上がれるかは腕次第やっぱなんだかハンパなまんまじゃヤダから(ヤダから)まだこの高さからだったらまだ頭から真っ逆様奈落に落ちてもまぁ着地は楽チンかもしれないがな名も知れない花で終わりたくなきゃあの見えないまだ(頂点へ挑戦だ!!)そう少年は変化してゆく無限の冒険家	ねっからじっとしてられないしょうぶんみなでさいじょうぶむかってだいしょうぶだいじょうぶってよゆうのくちぶりはおおものかはたまたばかかけむりかってくらいにゆめはさらによりたかくときにはだれかのかたによりかかるゆめいだいてのるすべりだいうえにはいあがれるかはうでしだいやっぱなんだかはんぱなまんまじゃやだからやだからまだこのたかさからだったらまだあたまからまっさかさまならくにおちてもまぁちゃくちはらくちんかもしれないがななもしれないはなでおわりたくなきゃあのみえないまだちょうてんへちょうせんだそうしょうねんはへんかしてゆくむげんのぼうけんか	\\{根っから,ねっから\\}\\{ジッ,じっ\\}としてられない\\{性分,しょうぶん\\}\\{ ,\\}\\{皆,みな\\}で\\{最,さい\\}\\{上部,じょうぶ\\}\\{向かっ,むかっ\\}て\\{大,だい\\}\\{勝負,しょうぶ\\}\\{ ,\\}\\{大丈夫,だいじょうぶ\\}って\\{余裕,よゆう\\}の\\{口ぶり,くちぶり\\}は\\{ ,\\}\\{大物,おおもの\\}かはたまた\\{バカ,ばか\\}か\\{ケムリ,けむり\\}かってくらいに\\{ ,\\}\\{夢,ゆめ\\}はさらにより\\{高く,たかく\\}\\{ ,\\}\\{時には,ときには\\}\\{誰,だれ\\}かの\\{肩,かた\\}に\\{寄り掛かる,よりかかる\\}\\{ ,\\}\\{夢,ゆめ\\}\\{抱い,いだい\\}て\\{乗る,のる\\}\\{滑り台,すべりだい\\}\\{ ,\\}\\{上,うえ\\}に\\{這い,はい\\}\\{上がれる,あがれる\\}かは\\{ ,\\}\\{腕,うで\\}\\{次第,しだい\\}\\{ ,\\}やっぱなんだか\\{ ,\\}\\{ハンパ,はんぱ\\}なまんまじゃ\\{ヤダ,やだ\\}から\\{(,\\}\\{ヤダ,やだ\\}から\\{),\\}まだ\\{ ,\\}この\\{高,たか\\}さからだったらまだ\\{ ,\\}\\{頭,あたま\\}から\\{真っ,まっ\\}\\{逆様,さかさま\\}\\{奈落,ならく\\}に\\{落ち,おち\\}ても\\{ ,\\}まぁ\\{着地,ちゃくち\\}は\\{楽,らく\\}\\{チン,ちん\\}\\{ ,\\}かもしれないがな\\{ ,\\}\\{名,な\\}も\\{知れ,しれ\\}ない\\{花,はな\\}で\\{終わり,おわり\\}たくなきゃ\\{ ,\\}あの\\{見え,みえ\\}ないまだ\\{ ,\\}\\{(,\\}\\{頂点,ちょうてん\\}へ\\{挑戦,ちょうせん\\}だ\\{!!),\\}そう\\{少年,しょうねん\\}は\\{変化,へんか\\}してゆく\\{無限,むげん\\}の\\{冒険,ぼうけん\\}\\{家,か\\}\\{ ,\\}	6	2018-05-18 13:23:33.080572	2018-05-18 13:23:33.080572	3
186045098	982511081	15386296	609764183	目標定め後前見渡したならまずこの指止まれHEY行こうHEY今以上高くかくかくたかたか高く	もくひょうさだめうしろまえみわたしたならまずこのゆびとまれへいいこうへいいまいじょうたかくかくかくたかたかたかく	\\{目標,もくひょう\\}\\{定め,さだめ\\}\\{ ,\\}\\{後前,うしろまえ\\}\\{見渡し,みわたし\\}たなら\\{ ,\\}まずこの\\{指,ゆび\\}\\{止まれ,とまれ\\}\\{ ,\\}\\{HEY,へい\\}\\{行こ,いこ\\}う\\{ ,\\}\\{HEY,へい\\}\\{ ,\\}\\{今,いま\\}\\{以上,いじょう\\}\\{高く,たかく\\}\\{ ,\\}かくかく\\{ ,\\}たかたか\\{ ,\\}\\{高く,たかく\\}\\{ ,\\}	7	2018-05-18 13:23:33.080572	2018-05-18 13:23:33.080572	4
242336334	112866502	15386296	695734176	マンネリな関係にゃ生まれない感激あさってに向かって身勝手にカンケリ	まんねりなかんけいにゃうまれないかんげきあさってにむかってみがってにかんけり	\\{マンネリ,まんねり\\}な\\{関係,かんけい\\}にゃ\\{生まれ,うまれ\\}ない\\{感激,かんげき\\}\\{ ,\\}あさってに\\{向かっ,むかっ\\}て\\{身勝手,みがって\\}に\\{カン,かん\\}\\{ケリ,けり\\}\\{ ,\\}	7	2018-05-18 13:23:33.080572	2018-05-18 13:23:33.080572	1
516874207	112866502	15386296	609764183	今日もまた沈んでく夕陽ダセイという星に住んでる住人真っ黒くくすんだ宇宙に足のばす足のばす足のばすWAOHA-	きょうもまたしずんでくゆうひだせいというほしにすんでるじゅうにんまっくろくくすんだうちゅうにあしのばすあしのばすあしのばすうぉー	\\{今日,きょう\\}もまた\\{沈ん,しずん\\}でく\\{夕陽,ゆうひ\\}\\{ ,\\}\\{ダセイ,だせい\\}という\\{星,ほし\\}に\\{住ん,すん\\}でる\\{住人,じゅうにん\\}\\{ ,\\}\\{真っ黒く,まっくろく\\}くすんだ\\{宇宙,うちゅう\\}に\\{ ,\\}\\{足,あし\\}のばす\\{ ,\\}\\{足,あし\\}のばす\\{ ,\\}\\{足,あし\\}のばす\\{ ,\\}\\{WAOHA-,うぉー\\}\\{ ,\\}	8	2018-05-18 13:23:33.080572	2018-05-18 13:23:33.080572	4
655517562	112866502	434322821	318236322	オレがコンパクトに構えた小悪党たんたんと並べたてたごたくと小粋なセンスまるでパリジェンヌ持って生まれた才能は天賦1000分の1の確立のレースケースバイケースマイペース大切な言葉を吐いて捨てるほど持ち寄りそっちよりあっちよりカッチョイー東京一番小さなMCL-I-T-T-L-E公園を超えずっと向こうへ届けるこの声の向こうへあの手この手ネコの手を持ってって盲点ついてそんで頂点へ挑戦の上段下段蹴りふり下ろす一人目のカンケリ	おれがこんぱくとにかまえたこあくとうたんたんとならべたてたごたくとこいきなせんすまるでぱりじぇんぬもってうまれたさいのうはてんぷせんぶんのいちのかくりつのれーすけーすばいけーすまいぺーすたいせつなことばをはいてすてるほどもちよりそっちよりあっちよりかっちょいーとうきょういちばんちいさなえむしーえるあいてぃーてぃーえるいーこうえんをこえずっとむこうへとどけるこのこえのむこうへあのてこのてねこのてをもってってもうてんついてそんでちょうてんへちょうせんのじょうだんげだんげりふりおろすひとりめのかんけり	\\{オレ,おれ\\}が\\{コンパクト,こんぱくと\\}に\\{構え,かまえ\\}た\\{小,こ\\}\\{悪党,あくとう\\}\\{ ,\\}たんたんと\\{並べたて,ならべたて\\}たごたくと\\{ ,\\}\\{小,こ\\}\\{粋,いき\\}な\\{センス,せんす\\}まるで\\{パリジェンヌ,ぱりじぇんぬ\\}\\{ ,\\}\\{持っ,もっ\\}て\\{生まれ,うまれ\\}た\\{才能,さいのう\\}は\\{天賦,てんぷ\\}\\{ ,\\}\\{1000,せん\\}\\{分の,ぶんの\\}\\{1,いち\\}の\\{確立,かくりつ\\}の\\{レース,れーす\\}\\{ ,\\}\\{ケースバイケース,けーすばいけーす\\}\\{ ,\\}\\{マイペース,まいぺーす\\}\\{ ,\\}\\{大切,たいせつ\\}な\\{言葉,ことば\\}を\\{吐い,はい\\}て\\{捨てる,すてる\\}ほど\\{持ち寄り,もちより\\}\\{ ,\\}そっちよりあっちより\\{カッチョイー,かっちょいー\\}\\{ ,\\}\\{東京,とうきょう\\}\\{一,いち\\}\\{番,ばん\\}\\{小さな,ちいさな\\}\\{MC,えむしー\\}\\{ ,\\}\\{L,える\\}\\{-,\\}\\{I,あい\\}\\{-,\\}\\{T,てぃー\\}\\{-,\\}\\{T,てぃー\\}\\{-,\\}\\{L,える\\}\\{-,\\}\\{E,いー\\}\\{ ,\\}\\{公園,こうえん\\}を\\{超え,こえ\\}ずっと\\{向こう,むこう\\}へ\\{ ,\\}\\{届ける,とどける\\}この\\{声,こえ\\}の\\{向こう,むこう\\}へ\\{ ,\\}\\{あの手この手,あのてこのて\\}\\{ネコ,ねこ\\}の\\{手,て\\}を\\{持っ,もっ\\}てって\\{盲点,もうてん\\}ついてそんで\\{ ,\\}\\{頂点,ちょうてん\\}へ\\{挑戦,ちょうせん\\}の\\{上段,じょうだん\\}\\{下段,げだん\\}\\{蹴り,げり\\}\\{ ,\\}ふり\\{下ろす,おろす\\}\\{ ,\\}\\{一人,ひとり\\}\\{目,め\\}の\\{カン,かん\\}\\{ケリ,けり\\}\\{ ,\\}	1	2018-05-18 13:23:33.080572	2018-05-18 13:23:33.080572	1
1041970882	112866502	15386296	609764183	今日もまた沈んでく夕陽ダセイという星に住んでる住人真っ黒くくすんだ宇宙に足のばす足のばす足のばすWAOHA-	きょうもまたしずんでくゆうひだせいというほしにすんでるじゅうにんまっくろくくすんだうちゅうにあしのばすあしのばすあしのばすうぉー	\\{今日,きょう\\}もまた\\{沈ん,しずん\\}でく\\{夕陽,ゆうひ\\}\\{ ,\\}\\{ダセイ,だせい\\}という\\{星,ほし\\}に\\{住ん,すん\\}でる\\{住人,じゅうにん\\}\\{ ,\\}\\{真っ黒く,まっくろく\\}くすんだ\\{宇宙,うちゅう\\}に\\{ ,\\}\\{足,あし\\}のばす\\{ ,\\}\\{足,あし\\}のばす\\{ ,\\}\\{足,あし\\}のばす\\{ ,\\}\\{WAOHA-,うぉー\\}\\{ ,\\}	2	2018-05-18 13:23:33.080572	2018-05-18 13:23:33.080572	1
152831573	112866502	301022393	318236322	物陰に隠れ狙う目的地頭フルに廻し賭けるバクチ枝分かれする甘口辛口どの味選ぶのかはきみのおくち右・左常に確認しているスキに鬼が来て隔離アヤフヤなままじきに老人フニャフニャに歩くその行進無差別に刻まれていく針は固くらなずにはずせよバリアさすれば見えてくる宝のアリカそこで位置づけるオノレのスミカ簡単にケリ飛ばせるカンカラルールが決まってるゲームだから昼から始まり夕方まで昨日から始まりなくなるまで	ものかげにかくれねらうもくてきちあたまふるにまわしかけるばくちえだわかれするあまくちからくちどのあじえらぶのかはきみのおくちみぎひだりつねにかくにんしているすきにおにがきてかくりあやふやなままじきにろうじんふにゃふにゃにあるくそのこうしんむさべつにきざまれていくはりはかたくらなずにはずせよばりあさすればみえてくるたからのありかそこでいちづけるおのれのすみかかんたんにけりとばせるかんからるーるがきまってるげーむだからひるからはじまりゆうがたまできのうからはじまりなくなるまで	\\{物陰,ものかげ\\}に\\{隠れ,かくれ\\}\\{狙う,ねらう\\}\\{目的,もくてき\\}\\{地,ち\\}\\{ ,\\}\\{頭,あたま\\}\\{フル,ふる\\}に\\{廻し,まわし\\}\\{賭ける,かける\\}\\{バクチ,ばくち\\}\\{ ,\\}\\{枝分かれ,えだわかれ\\}する\\{ ,\\}\\{甘口,あまくち\\}\\{ ,\\}\\{辛口,からくち\\}どの\\{味,あじ\\}\\{選ぶ,えらぶ\\}のかはきみのおくち\\{ ,\\}\\{右,みぎ\\}\\{・,\\}\\{左,ひだり\\}\\{ ,\\}\\{常に,つねに\\}\\{確認,かくにん\\}している\\{スキ,すき\\}に\\{鬼,おに\\}が\\{来,き\\}て\\{隔離,かくり\\}\\{ ,\\}\\{アヤフヤ,あやふや\\}なままじきに\\{老人,ろうじん\\}\\{ ,\\}\\{フニャフニャ,ふにゃふにゃ\\}に\\{歩く,あるく\\}その\\{行進,こうしん\\}\\{ ,\\}\\{無,む\\}\\{差別,さべつ\\}に\\{刻ま,きざま\\}れていく\\{針,はり\\}は\\{ ,\\}\\{固く,かたく\\}らなずにはずせよ\\{バリア,ばりあ\\}\\{ ,\\}さすれば\\{見え,みえ\\}てくる\\{宝,たから\\}の\\{アリカ,ありか\\}\\{ ,\\}そこで\\{位置づける,いちづける\\}\\{オノレ,おのれ\\}の\\{スミカ,すみか\\}\\{ ,\\}\\{簡単,かんたん\\}に\\{ケリ,けり\\}\\{飛ば,とば\\}せる\\{カン,かん\\}\\{カラ,から\\}\\{ ,\\}\\{ルール,るーる\\}が\\{決まっ,きまっ\\}てる\\{ゲーム,げーむ\\}だから\\{ ,\\}\\{昼,ひる\\}から\\{始まり,はじまり\\}\\{夕方,ゆうがた\\}まで\\{ ,\\}\\{昨日,きのう\\}から\\{始まり,はじまり\\}なくなるまで\\{ ,\\}	3	2018-05-18 13:23:33.080572	2018-05-18 13:23:33.080572	2
393778170	112866502	15386296	609764183	今日もまた沈んでく夕陽ダセイという星に住んでる住人真っ黒くくすんだ宇宙に足のばす足のばす足のばすWAOHA-	きょうもまたしずんでくゆうひだせいというほしにすんでるじゅうにんまっくろくくすんだうちゅうにあしのばすあしのばすあしのばすうぉー	\\{今日,きょう\\}もまた\\{沈ん,しずん\\}でく\\{夕陽,ゆうひ\\}\\{ ,\\}\\{ダセイ,だせい\\}という\\{星,ほし\\}に\\{住ん,すん\\}でる\\{住人,じゅうにん\\}\\{ ,\\}\\{真っ黒く,まっくろく\\}くすんだ\\{宇宙,うちゅう\\}に\\{ ,\\}\\{足,あし\\}のばす\\{ ,\\}\\{足,あし\\}のばす\\{ ,\\}\\{足,あし\\}のばす\\{ ,\\}\\{WAOHA-,うぉー\\}\\{ ,\\}	4	2018-05-18 13:23:33.080572	2018-05-18 13:23:33.080572	2
545235811	112866502	607805222	318236322	もういいかい(YES!!)もういいよで今日こそブチこわすあの包囲網「コンディションは？」ってもう二度とないくらいに全開だったらさぁゲーム開始最初は誰かってくじびきうざってぇ待ってらんねぇオレ口火切る１回２回の小さな失敗いいかい一切気にしない実際は理解できないくらいに茶々入れてくる敵かくれてるうじゃうじゃうかつな行動はマジで命取り伝家の宝刀かざして忍び込み息飲み込み殺す呼吸ものすごく心の奥をのぞくだんだんできてきたんだ準備そうなんだったら順に難関なんか簡単に突破で夢を手中に	もういいかいいえすもういいよできょうこそぶちこわすあのほういもうこんでぃしょんはってもうにどとないくらいにぜんかいだったらさぁげーむかいしさいしょはだれかってくじびきうざってぇまってらんねぇおれくちびきるいっかいにかいのちいさなしっぱいいいかいいっさいきにしないじっさいはりかいできないくらいにちゃちゃいれてくるてきかくれてるうじゃうじゃうかつなこうどうはまじでいのちとりでんかのほうとうかざしてしのびこみいきのみこみころすこきゅうものすごくこころのおくをのぞくだんだんできてきたんだじゅんびそうなんだったらじゅんになんかんなんかかんたんにとっぱでゆめをしゅちゅうに	もういいかい\\{(,\\}\\{YES,いえす\\}\\{!!),\\}もういいよ\\{ ,\\}で\\{今日,きょう\\}こそ\\{ブチ,ぶち\\}こわすあの\\{包囲,ほうい\\}\\{網,もう\\}\\{ ,\\}\\{「,\\}\\{コンディション,こんでぃしょん\\}は\\{？,\\}\\{」,\\}ってもう\\{二度と,にどと\\}ないくらいに\\{全開,ぜんかい\\}\\{ ,\\}だったらさぁ\\{ゲーム,げーむ\\}\\{開始,かいし\\}\\{ ,\\}\\{最初,さいしょ\\}は\\{誰,だれ\\}かってくじびき\\{ ,\\}うざってぇ\\{待っ,まっ\\}てらんねぇ\\{オレ,おれ\\}\\{口火,くちび\\}\\{切る,きる\\}\\{ ,\\}\\{１,いっ\\}\\{回,かい\\}\\{２,に\\}\\{回,かい\\}の\\{小さな,ちいさな\\}\\{失敗,しっぱい\\}\\{ ,\\}いいかい\\{一切,いっさい\\}\\{気,き\\}にしない\\{実際,じっさい\\}は\\{ ,\\}\\{理解,りかい\\}できないくらいに\\{茶々,ちゃちゃ\\}\\{ ,\\}\\{入れ,いれ\\}てくる\\{敵,てき\\}かくれてるうじゃうじゃ\\{ ,\\}うかつな\\{行動,こうどう\\}は\\{マジ,まじ\\}で\\{命取り,いのちとり\\}\\{ ,\\}\\{伝家,でんか\\}の\\{宝刀,ほうとう\\}かざして\\{忍び込み,しのびこみ\\}\\{ ,\\}\\{息,いき\\}\\{飲み込み,のみこみ\\}\\{ ,\\}\\{殺す,ころす\\}\\{呼吸,こきゅう\\}ものすごく\\{心,こころ\\}の\\{奥,おく\\}をのぞく\\{ ,\\}だんだんできてきたんだ\\{準備,じゅんび\\}\\{ ,\\}そうなんだったら\\{順に,じゅんに\\}\\{ ,\\}\\{難関,なんかん\\}なんか\\{簡単,かんたん\\}に\\{突破,とっぱ\\}で\\{夢,ゆめ\\}を\\{手中,しゅちゅう\\}に\\{ ,\\}	5	2018-05-18 13:23:33.080572	2018-05-18 13:23:33.080572	3
964096731	112866502	15386296	609764183	今日もまた沈んでく夕陽ダセイという星に住んでる住人真っ黒くくすんだ宇宙に足のばす足のばす足のばすWAOHA-	きょうもまたしずんでくゆうひだせいというほしにすんでるじゅうにんまっくろくくすんだうちゅうにあしのばすあしのばすあしのばすうぉー	\\{今日,きょう\\}もまた\\{沈ん,しずん\\}でく\\{夕陽,ゆうひ\\}\\{ ,\\}\\{ダセイ,だせい\\}という\\{星,ほし\\}に\\{住ん,すん\\}でる\\{住人,じゅうにん\\}\\{ ,\\}\\{真っ黒く,まっくろく\\}くすんだ\\{宇宙,うちゅう\\}に\\{ ,\\}\\{足,あし\\}のばす\\{ ,\\}\\{足,あし\\}のばす\\{ ,\\}\\{足,あし\\}のばす\\{ ,\\}\\{WAOHA-,うぉー\\}\\{ ,\\}	6	2018-05-18 13:23:33.080572	2018-05-18 13:23:33.080572	3
609568351	156861643	607805222	318236322	出会いと別れ繰り返しながら願いをかなえるためにまた狙いを定め進む新たなる世界の中へでも不安から始まる連想ゲーム答え出せずにまたも延長戦心の影を写すレントゲン超えられない日付変更線止まったままの日めくりカレンダーその「今日」から逃げずに叫んだこの気持ちもこの涙も全部受け止めてこそまた何かを得るもう過去になった日付をやぶろう胸を張り腕を振って歩こう未来という名の来たるべき明日を!	であいとわかれくりかえしながらねがいをかなえるためにまたねらいをさだめすすむあらたなるせかいのなかへでもふあんからはじまるれんそうげーむこたえだせずにまたもえんちょうせんこころのかげをうつすれんとげんこえられないひづけへんこうせんとまったままのひめくりかれんだーそのきょうからにげずにさけんだこのきもちもこのなみだもぜんぶうけとめてこそまたなにかをえるもうかこになったひづけをやぶろうむねをはりうでをふってあるこうみらいというなのきたるべきあすを	\\{出会い,であい\\}と\\{別れ,わかれ\\}\\{ ,\\}\\{繰り返し,くりかえし\\}ながら\\{願い,ねがい\\}をかなえるために\\{ ,\\}また\\{狙い,ねらい\\}を\\{定め,さだめ\\}\\{ ,\\}\\{進む,すすむ\\}\\{新た,あらた\\}なる\\{世界,せかい\\}の\\{中,なか\\}へ\\{ ,\\}でも\\{不安,ふあん\\}から\\{始まる,はじまる\\}\\{連想,れんそう\\}\\{ゲーム,げーむ\\}\\{ ,\\}\\{答え,こたえ\\}\\{出せ,だせ\\}ずにまたも\\{延長,えんちょう\\}\\{戦,せん\\}\\{ ,\\}\\{心,こころ\\}の\\{影,かげ\\}を\\{写す,うつす\\}\\{レントゲン,れんとげん\\}\\{ ,\\}\\{超え,こえ\\}られない\\{日付変更線,ひづけへんこうせん\\}\\{ ,\\}\\{止まっ,とまっ\\}たままの\\{日めくり,ひめくり\\}\\{カレンダー,かれんだー\\}\\{ ,\\}その\\{「,\\}\\{今日,きょう\\}\\{」,\\}から\\{逃げ,にげ\\}ずに\\{叫ん,さけん\\}だ\\{ ,\\}この\\{気持ち,きもち\\}も\\{ ,\\}この\\{涙,なみだ\\}も\\{全部,ぜんぶ\\}\\{ ,\\}\\{受け止め,うけとめ\\}てこそまた\\{何,なに\\}かを\\{得る,える\\}\\{ ,\\}もう\\{過去,かこ\\}になった\\{日付,ひづけ\\}をやぶろう\\{ ,\\}\\{胸,むね\\}を\\{張り,はり\\}\\{腕,うで\\}を\\{振っ,ふっ\\}て\\{歩こ,あるこ\\}う\\{ ,\\}\\{未来,みらい\\}という\\{名,な\\}の\\{来,き\\}たるべき\\{明日,あす\\}を\\{!,\\}\\{ ,\\}	1	2018-05-18 13:23:33.080572	2018-05-18 13:23:33.080572	1
1029445607	156861643	15386296	609764183	今日は今日明日は明日涙流しな流したらまた何か探しなnanananana	きょうはきょうあしたはあしたなみだながしなながしたらまたなにかさがしなななななな	\\{今日,きょう\\}は\\{今日,きょう\\}\\{ ,\\}\\{明日,あした\\}は\\{明日,あした\\}\\{ ,\\}\\{涙,なみだ\\}\\{流し,ながし\\}な\\{ ,\\}\\{流し,ながし\\}たらまた\\{ ,\\}\\{何,なに\\}か\\{探し,さがし\\}な\\{ ,\\}\\{na,な\\}\\{ ,\\}\\{na,な\\}\\{ ,\\}\\{na,な\\}\\{ ,\\}\\{na,な\\}\\{ ,\\}\\{na,な\\}\\{ ,\\}	2	2018-05-18 13:23:33.080572	2018-05-18 13:23:33.080572	1
173746038	156861643	434322821	318236322	友よオレは行くとしよう過ぎ去った幾年、いつの日も常に思い描いてたエンディングに向けひたすら前進中色々とあった良い事ばっかじゃないがひどい事ばっかでもなくてコレといった覚えもなくてなのに何故か涙はとめどなくて昨日は昨日で今日は今日振り返りゃホラ走馬灯のようらしくねえらしくねえカオ上げて手をかざし振れ涙ぬぐう暇などないさ明日を照らし出す光がアドバイザー新たな階段登れまだまだだまだまだ高く!	ともよおれはいくとしようすぎさったいくとしいつのひもつねにおもいえがいてたえんでぃんぐにむけひたすらぜんしんちゅういろいろとあったよいことばっかじゃないがひどいことばっかでもなくてこれといったおぼえもなくてなのになぜかなみだはとめどなくてきのうはきのうできょうはきょうふりかえりゃほらそうまとうのようらしくねえらしくねえかおあげててをかざしふれなみだぬぐうひまなどないさあすをてらしだすひかりがあどばいざーあらたなかいだんのぼれまだまだだまだまだたかく	\\{友,とも\\}よ\\{オレ,おれ\\}は\\{行く,いく\\}としよう\\{ ,\\}\\{過ぎ去っ,すぎさっ\\}た\\{幾年,いくとし\\}\\{、,\\}いつの\\{日,ひ\\}も\\{ ,\\}\\{常に,つねに\\}\\{思い描い,おもいえがい\\}てた\\{エンディング,えんでぃんぐ\\}に\\{向け,むけ\\}\\{ ,\\}ひたすら\\{前進,ぜんしん\\}\\{中,ちゅう\\}\\{ ,\\}\\{色々,いろいろ\\}とあった\\{ ,\\}\\{良い,よい\\}\\{事,こと\\}ばっかじゃないが\\{ ,\\}ひどい\\{事,こと\\}ばっかでもなくて\\{ ,\\}\\{コレ,これ\\}といった\\{覚え,おぼえ\\}もなくて\\{ ,\\}なのに\\{何故か,なぜか\\}\\{涙,なみだ\\}はとめどなくて\\{ ,\\}\\{昨日,きのう\\}は\\{昨日,きのう\\}で\\{今日,きょう\\}は\\{今日,きょう\\}\\{ ,\\}\\{振り返りゃ,ふりかえりゃ\\}\\{ ,\\}\\{ホラ,ほら\\}\\{ ,\\}\\{走馬灯,そうまとう\\}のよう\\{ ,\\}らしくねえ\\{ ,\\}らしくねえ\\{ ,\\}\\{カオ,かお\\}\\{上げ,あげ\\}て\\{手,て\\}をかざし\\{振れ,ふれ\\}\\{ ,\\}\\{涙,なみだ\\}ぬぐう\\{暇,ひま\\}などないさ\\{ ,\\}\\{明日,あす\\}を\\{照らし,てらし\\}\\{出す,だす\\}\\{光,ひかり\\}が\\{アドバイザー,あどばいざー\\}\\{ ,\\}\\{新た,あらた\\}な\\{階段,かいだん\\}\\{登れ,のぼれ\\}\\{ ,\\}まだまだだ\\{ ,\\}まだまだ\\{高く,たかく\\}\\{!,\\}\\{ ,\\}	3	2018-05-18 13:23:33.080572	2018-05-18 13:23:33.080572	2
339718865	156861643	15386296	609764183	今日は今日明日は明日涙流しな流したらまた何か探しなnanananana	きょうはきょうあしたはあしたなみだながしなながしたらまたなにかさがしなななななな	\\{今日,きょう\\}は\\{今日,きょう\\}\\{ ,\\}\\{明日,あした\\}は\\{明日,あした\\}\\{ ,\\}\\{涙,なみだ\\}\\{流し,ながし\\}な\\{ ,\\}\\{流し,ながし\\}たらまた\\{ ,\\}\\{何,なに\\}か\\{探し,さがし\\}な\\{ ,\\}\\{na,な\\}\\{ ,\\}\\{na,な\\}\\{ ,\\}\\{na,な\\}\\{ ,\\}\\{na,な\\}\\{ ,\\}\\{na,な\\}\\{ ,\\}	4	2018-05-18 13:23:33.080572	2018-05-18 13:23:33.080572	2
590905926	156861643	301022393	318236322	この小さな星の中に浮かぶ幻想が震え響き出す時の演奏はそう神が指揮とる応援歌時にレクイエムにも変化だが待ってくんねえぞ時間は刻々と刻む運命へマジばっくれんなピヨル事ねーぜ明日切り開け自分のその手で天から女神が落とす赤い糸に小指がすぐ届くはずだぜてめーを信じな後ろ振り向く事なんて禁止だぜ20代から30代過ぎる過去など或る意味ガンチューない今を卒業して旅立て!そう今日から明日へ!	このちいさなほしのなかにうかぶげんそうがふるえひびきだすときのえんそうはそうかみがしきとるおうえんかときにれくいえむにもへんかだがまってくんねえぞじかんはこくこくときざむうんめいへまじばっくれんなぴよることねーぜあすきりひらけじぶんのそのてでてんからめがみがおとすあかいいとにこゆびがすぐとどくはずだぜてめーをしんじなうしろふりむくことなんてきんしだぜにじゅうだいからさんじゅうだいすぎるかこなどあるいみがんちゅーないいまをそつぎょうしてたびだてそうきょうからあしたへ	この\\{小さな,ちいさな\\}\\{星,ほし\\}の\\{中,なか\\}に\\{浮かぶ,うかぶ\\}\\{幻想,げんそう\\}が\\{震え,ふるえ\\}\\{響き,ひびき\\}\\{出す,だす\\}\\{時,とき\\}の\\{演奏,えんそう\\}は\\{ ,\\}そう\\{神,かみ\\}が\\{指揮,しき\\}とる\\{応援,おうえん\\}\\{歌,か\\}\\{ ,\\}\\{時に,ときに\\}\\{レクイエム,れくいえむ\\}にも\\{変化,へんか\\}\\{ ,\\}だが\\{待っ,まっ\\}てくんねえぞ\\{時間,じかん\\}は\\{刻々,こくこく\\}と\\{刻む,きざむ\\}\\{運命,うんめい\\}へ\\{ ,\\}\\{マジ,まじ\\}\\{ ,\\}ばっくれんな\\{ ,\\}\\{ピヨル,ぴよる\\}\\{事,こと\\}ねーぜ\\{ ,\\}\\{明日,あす\\}\\{切り開け,きりひらけ\\}\\{自分,じぶん\\}のその\\{手,て\\}で\\{ ,\\}\\{天,てん\\}から\\{女神,めがみ\\}が\\{落とす,おとす\\}\\{赤い,あかい\\}\\{糸,いと\\}に\\{小指,こゆび\\}がすぐ\\{届く,とどく\\}はずだぜ\\{ ,\\}てめーを\\{信じ,しんじ\\}な\\{ ,\\}\\{後ろ,うしろ\\}\\{振り向く,ふりむく\\}\\{事,こと\\}なんて\\{禁止,きんし\\}だぜ\\{ ,\\}\\{20,にじゅう\\}\\{代,だい\\}から\\{30,さんじゅう\\}\\{代,だい\\}\\{ ,\\}\\{過ぎる,すぎる\\}\\{過去,かこ\\}など\\{或る,ある\\}\\{意味,いみ\\}\\{ガンチュー,がんちゅー\\}ない\\{ ,\\}\\{今,いま\\}を\\{卒業,そつぎょう\\}して\\{旅立て,たびだて\\}\\{!,\\}\\{ ,\\}そう\\{ ,\\}\\{今日,きょう\\}から\\{明日,あした\\}へ\\{!,\\}\\{ ,\\}	5	2018-05-18 13:23:33.080572	2018-05-18 13:23:33.080572	3
976344062	156861643	15386296	609764183	今日は今日明日は明日涙流しな流したらまた何か探しなnanananana	きょうはきょうあしたはあしたなみだながしなながしたらまたなにかさがしなななななな	\\{今日,きょう\\}は\\{今日,きょう\\}\\{ ,\\}\\{明日,あした\\}は\\{明日,あした\\}\\{ ,\\}\\{涙,なみだ\\}\\{流し,ながし\\}な\\{ ,\\}\\{流し,ながし\\}たらまた\\{ ,\\}\\{何,なに\\}か\\{探し,さがし\\}な\\{ ,\\}\\{na,な\\}\\{ ,\\}\\{na,な\\}\\{ ,\\}\\{na,な\\}\\{ ,\\}\\{na,な\\}\\{ ,\\}\\{na,な\\}\\{ ,\\}	6	2018-05-18 13:23:33.080572	2018-05-18 13:23:33.080572	3
909795738	131946517	434322821	318236322	もっとよくよく見てみお嬢さん方君らはそこらにゴロゴロ転がる量産型じゃないぜ父さんから母さんへのオートクチュール十月十日の超特注	もっとよくよくみてみおじょうさんがたきみらはそこらにごろごろころがるりょうさんがたじゃないぜとうさんからかあさんへのおーとくちゅーるとつきとおかのちょうとくちゅう	もっとよくよく\\{見,み\\}てみ\\{お嬢さん,おじょうさん\\}\\{方,がた\\}\\{ ,\\}\\{君,きみ\\}らはそこらに\\{ゴロゴロ,ごろごろ\\}\\{転がる,ころがる\\}\\{量産,りょうさん\\}\\{型,がた\\}じゃないぜ\\{ ,\\}\\{父さん,とうさん\\}から\\{母さん,かあさん\\}への\\{オートクチュール,おーとくちゅーる\\}\\{ ,\\}\\{十月,とつき\\}\\{十日,とおか\\}の\\{超,ちょう\\}\\{特注,とくちゅう\\}\\{ ,\\}	2	2018-05-18 13:23:33.080572	2018-05-18 13:23:33.080572	1
695640574	877844783	607805222	318236322	出会いと別れ繰り返しながら願いをかなえるためにまた狙いを定め進む新たなる世界の中へでも不安から始まる連想ゲーム答え出せずにまたも延長戦心の影を写すレントゲン超えられない日付変更線止まったままの日めくりカレンダーその「今日」から逃げずに叫んだこの気持ちもこの涙も全部受け止めてこそまた何かを得るもう過去になった日付をやぶろう胸を張り腕を振って歩こう未来という名の来たるべき明日を!	であいとわかれくりかえしながらねがいをかなえるためにまたねらいをさだめすすむあらたなるせかいのなかへでもふあんからはじまるれんそうげーむこたえだせずにまたもえんちょうせんこころのかげをうつすれんとげんこえられないひづけへんこうせんとまったままのひめくりかれんだーそのきょうからにげずにさけんだこのきもちもこのなみだもぜんぶうけとめてこそまたなにかをえるもうかこになったひづけをやぶろうむねをはりうでをふってあるこうみらいというなのきたるべきあすを	\\{出会い,であい\\}と\\{別れ,わかれ\\}\\{ ,\\}\\{繰り返し,くりかえし\\}ながら\\{願い,ねがい\\}をかなえるために\\{ ,\\}また\\{狙い,ねらい\\}を\\{定め,さだめ\\}\\{ ,\\}\\{進む,すすむ\\}\\{新た,あらた\\}なる\\{世界,せかい\\}の\\{中,なか\\}へ\\{ ,\\}でも\\{不安,ふあん\\}から\\{始まる,はじまる\\}\\{連想,れんそう\\}\\{ゲーム,げーむ\\}\\{ ,\\}\\{答え,こたえ\\}\\{出せ,だせ\\}ずにまたも\\{延長,えんちょう\\}\\{戦,せん\\}\\{ ,\\}\\{心,こころ\\}の\\{影,かげ\\}を\\{写す,うつす\\}\\{レントゲン,れんとげん\\}\\{ ,\\}\\{超え,こえ\\}られない\\{日付変更線,ひづけへんこうせん\\}\\{ ,\\}\\{止まっ,とまっ\\}たままの\\{日めくり,ひめくり\\}\\{カレンダー,かれんだー\\}\\{ ,\\}その\\{「,\\}\\{今日,きょう\\}\\{」,\\}から\\{逃げ,にげ\\}ずに\\{叫ん,さけん\\}だ\\{ ,\\}この\\{気持ち,きもち\\}も\\{ ,\\}この\\{涙,なみだ\\}も\\{全部,ぜんぶ\\}\\{ ,\\}\\{受け止め,うけとめ\\}てこそまた\\{何,なに\\}かを\\{得る,える\\}\\{ ,\\}もう\\{過去,かこ\\}になった\\{日付,ひづけ\\}をやぶろう\\{ ,\\}\\{胸,むね\\}を\\{張り,はり\\}\\{腕,うで\\}を\\{振っ,ふっ\\}て\\{歩こ,あるこ\\}う\\{ ,\\}\\{未来,みらい\\}という\\{名,な\\}の\\{来,き\\}たるべき\\{明日,あす\\}を\\{!,\\}\\{ ,\\}	1	2018-05-18 13:23:33.080572	2018-05-18 13:23:33.080572	1
813690954	877844783	15386296	609764183	今日は今日明日は明日涙流しな流したらまた何か探しなnanananana	きょうはきょうあしたはあしたなみだながしなながしたらまたなにかさがしなななななな	\\{今日,きょう\\}は\\{今日,きょう\\}\\{ ,\\}\\{明日,あした\\}は\\{明日,あした\\}\\{ ,\\}\\{涙,なみだ\\}\\{流し,ながし\\}な\\{ ,\\}\\{流し,ながし\\}たらまた\\{ ,\\}\\{何,なに\\}か\\{探し,さがし\\}な\\{ ,\\}\\{na,な\\}\\{ ,\\}\\{na,な\\}\\{ ,\\}\\{na,な\\}\\{ ,\\}\\{na,な\\}\\{ ,\\}\\{na,な\\}\\{ ,\\}	2	2018-05-18 13:23:33.080572	2018-05-18 13:23:33.080572	1
125354195	877844783	434322821	318236322	友よオレは行くとしよう過ぎ去った幾年、いつの日も常に思い描いてたエンディングに向けひたすら前進中色々とあった良い事ばっかじゃないがひどい事ばっかでもなくてコレといった覚えもなくてなのに何故か涙はとめどなくて昨日は昨日で今日は今日振り返りゃホラ走馬灯のようらしくねえらしくねえカオ上げて手をかざし振れ涙ぬぐう暇などないさ明日を照らし出す光がアドバイザー新たな階段登れまだまだだまだまだ高く!	ともよおれはいくとしようすぎさったいくとしいつのひもつねにおもいえがいてたえんでぃんぐにむけひたすらぜんしんちゅういろいろとあったよいことばっかじゃないがひどいことばっかでもなくてこれといったおぼえもなくてなのになぜかなみだはとめどなくてきのうはきのうできょうはきょうふりかえりゃほらそうまとうのようらしくねえらしくねえかおあげててをかざしふれなみだぬぐうひまなどないさあすをてらしだすひかりがあどばいざーあらたなかいだんのぼれまだまだだまだまだたかく	\\{友,とも\\}よ\\{オレ,おれ\\}は\\{行く,いく\\}としよう\\{ ,\\}\\{過ぎ去っ,すぎさっ\\}た\\{幾年,いくとし\\}\\{、,\\}いつの\\{日,ひ\\}も\\{ ,\\}\\{常に,つねに\\}\\{思い描い,おもいえがい\\}てた\\{エンディング,えんでぃんぐ\\}に\\{向け,むけ\\}\\{ ,\\}ひたすら\\{前進,ぜんしん\\}\\{中,ちゅう\\}\\{ ,\\}\\{色々,いろいろ\\}とあった\\{ ,\\}\\{良い,よい\\}\\{事,こと\\}ばっかじゃないが\\{ ,\\}ひどい\\{事,こと\\}ばっかでもなくて\\{ ,\\}\\{コレ,これ\\}といった\\{覚え,おぼえ\\}もなくて\\{ ,\\}なのに\\{何故か,なぜか\\}\\{涙,なみだ\\}はとめどなくて\\{ ,\\}\\{昨日,きのう\\}は\\{昨日,きのう\\}で\\{今日,きょう\\}は\\{今日,きょう\\}\\{ ,\\}\\{振り返りゃ,ふりかえりゃ\\}\\{ ,\\}\\{ホラ,ほら\\}\\{ ,\\}\\{走馬灯,そうまとう\\}のよう\\{ ,\\}らしくねえ\\{ ,\\}らしくねえ\\{ ,\\}\\{カオ,かお\\}\\{上げ,あげ\\}て\\{手,て\\}をかざし\\{振れ,ふれ\\}\\{ ,\\}\\{涙,なみだ\\}ぬぐう\\{暇,ひま\\}などないさ\\{ ,\\}\\{明日,あす\\}を\\{照らし,てらし\\}\\{出す,だす\\}\\{光,ひかり\\}が\\{アドバイザー,あどばいざー\\}\\{ ,\\}\\{新た,あらた\\}な\\{階段,かいだん\\}\\{登れ,のぼれ\\}\\{ ,\\}まだまだだ\\{ ,\\}まだまだ\\{高く,たかく\\}\\{!,\\}\\{ ,\\}	3	2018-05-18 13:23:33.080572	2018-05-18 13:23:33.080572	2
421287282	877844783	15386296	609764183	今日は今日明日は明日涙流しな流したらまた何か探しなnanananana	きょうはきょうあしたはあしたなみだながしなながしたらまたなにかさがしなななななな	\\{今日,きょう\\}は\\{今日,きょう\\}\\{ ,\\}\\{明日,あした\\}は\\{明日,あした\\}\\{ ,\\}\\{涙,なみだ\\}\\{流し,ながし\\}な\\{ ,\\}\\{流し,ながし\\}たらまた\\{ ,\\}\\{何,なに\\}か\\{探し,さがし\\}な\\{ ,\\}\\{na,な\\}\\{ ,\\}\\{na,な\\}\\{ ,\\}\\{na,な\\}\\{ ,\\}\\{na,な\\}\\{ ,\\}\\{na,な\\}\\{ ,\\}	4	2018-05-18 13:23:33.080572	2018-05-18 13:23:33.080572	2
773547493	877844783	301022393	318236322	この小さな星の中に浮かぶ幻想が震え響き出す時の演奏はそう神が指揮とる応援歌時にレクイエムにも変化だが待ってくんねえぞ時間は刻々と刻む運命へマジばっくれんなピヨル事ねーぜ明日切り開け自分のその手で天から女神が落とす赤い糸に小指がすぐ届くはずだぜてめーを信じな後ろ振り向く事なんて禁止だぜ20代から30代過ぎる過去など或る意味ガンチューない今を卒業して旅立て!そう今日から明日へ!	このちいさなほしのなかにうかぶげんそうがふるえひびきだすときのえんそうはそうかみがしきとるおうえんかときにれくいえむにもへんかだがまってくんねえぞじかんはこくこくときざむうんめいへまじばっくれんなぴよることねーぜあすきりひらけじぶんのそのてでてんからめがみがおとすあかいいとにこゆびがすぐとどくはずだぜてめーをしんじなうしろふりむくことなんてきんしだぜにじゅうだいからさんじゅうだいすぎるかこなどあるいみがんちゅーないいまをそつぎょうしてたびだてそうきょうからあしたへ	この\\{小さな,ちいさな\\}\\{星,ほし\\}の\\{中,なか\\}に\\{浮かぶ,うかぶ\\}\\{幻想,げんそう\\}が\\{震え,ふるえ\\}\\{響き,ひびき\\}\\{出す,だす\\}\\{時,とき\\}の\\{演奏,えんそう\\}は\\{ ,\\}そう\\{神,かみ\\}が\\{指揮,しき\\}とる\\{応援,おうえん\\}\\{歌,か\\}\\{ ,\\}\\{時に,ときに\\}\\{レクイエム,れくいえむ\\}にも\\{変化,へんか\\}\\{ ,\\}だが\\{待っ,まっ\\}てくんねえぞ\\{時間,じかん\\}は\\{刻々,こくこく\\}と\\{刻む,きざむ\\}\\{運命,うんめい\\}へ\\{ ,\\}\\{マジ,まじ\\}\\{ ,\\}ばっくれんな\\{ ,\\}\\{ピヨル,ぴよる\\}\\{事,こと\\}ねーぜ\\{ ,\\}\\{明日,あす\\}\\{切り開け,きりひらけ\\}\\{自分,じぶん\\}のその\\{手,て\\}で\\{ ,\\}\\{天,てん\\}から\\{女神,めがみ\\}が\\{落とす,おとす\\}\\{赤い,あかい\\}\\{糸,いと\\}に\\{小指,こゆび\\}がすぐ\\{届く,とどく\\}はずだぜ\\{ ,\\}てめーを\\{信じ,しんじ\\}な\\{ ,\\}\\{後ろ,うしろ\\}\\{振り向く,ふりむく\\}\\{事,こと\\}なんて\\{禁止,きんし\\}だぜ\\{ ,\\}\\{20,にじゅう\\}\\{代,だい\\}から\\{30,さんじゅう\\}\\{代,だい\\}\\{ ,\\}\\{過ぎる,すぎる\\}\\{過去,かこ\\}など\\{或る,ある\\}\\{意味,いみ\\}\\{ガンチュー,がんちゅー\\}ない\\{ ,\\}\\{今,いま\\}を\\{卒業,そつぎょう\\}して\\{旅立て,たびだて\\}\\{!,\\}\\{ ,\\}そう\\{ ,\\}\\{今日,きょう\\}から\\{明日,あした\\}へ\\{!,\\}\\{ ,\\}	5	2018-05-18 13:23:33.080572	2018-05-18 13:23:33.080572	3
923939937	877844783	15386296	609764183	今日は今日明日は明日涙流しな流したらまた何か探しなnanananana	きょうはきょうあしたはあしたなみだながしなながしたらまたなにかさがしなななななな	\\{今日,きょう\\}は\\{今日,きょう\\}\\{ ,\\}\\{明日,あした\\}は\\{明日,あした\\}\\{ ,\\}\\{涙,なみだ\\}\\{流し,ながし\\}な\\{ ,\\}\\{流し,ながし\\}たらまた\\{ ,\\}\\{何,なに\\}か\\{探し,さがし\\}な\\{ ,\\}\\{na,な\\}\\{ ,\\}\\{na,な\\}\\{ ,\\}\\{na,な\\}\\{ ,\\}\\{na,な\\}\\{ ,\\}\\{na,な\\}\\{ ,\\}	6	2018-05-18 13:23:33.080572	2018-05-18 13:23:33.080572	3
791883814	131946517	15386296	425211171	スーパーオリジナル!スーパーオリジナル!スーパーオリジナル!スーパーオリジナル!	すーぱーおりじなるすーぱーおりじなるすーぱーおりじなるすーぱーおりじなる	\\{スーパー,すーぱー\\}\\{オリジナル,おりじなる\\}\\{!,\\}\\{ ,\\}\\{スーパー,すーぱー\\}\\{オリジナル,おりじなる\\}\\{!,\\}\\{ ,\\}\\{スーパー,すーぱー\\}\\{オリジナル,おりじなる\\}\\{!,\\}\\{ ,\\}\\{スーパー,すーぱー\\}\\{オリジナル,おりじなる\\}\\{!,\\}\\{ ,\\}	1	2018-05-18 13:23:33.080572	2018-05-18 13:23:33.080572	1
20795663	131946517	607805222	318236322	つまり一点もんだって知ってんの?そんじゃ何をびびってんの?ピヨピヨの奴、千代千代の奴1人残らず命を燃やす	つまりいってんもんだってしってんのそんじゃなにをびびってんのぴよぴよのやつちよちよのやつひとりのこらずいのちをもやす	つまり\\{一,いっ\\}\\{点,てん\\}もんだって\\{知っ,しっ\\}てんの\\{?,\\}\\{ ,\\}そんじゃ\\{何,なに\\}をびびってんの\\{?,\\}\\{ ,\\}\\{ピヨピヨ,ぴよぴよ\\}の\\{奴,やつ\\}\\{、,\\}\\{千代,ちよ\\}\\{千代,ちよ\\}の\\{奴,やつ\\}\\{ ,\\}\\{1人,ひとり\\}\\{残ら,のこら\\}ず\\{ ,\\}\\{命,いのち\\}を\\{燃やす,もやす\\}\\{ ,\\}	3	2018-05-18 13:23:33.080572	2018-05-18 13:23:33.080572	2
525976750	131946517	301022393	318236322	つまり神も予測できない展開に全開に足伸ばす現代人スーパーオリジナル表現者また始まる3人の挑戦が	つまりかみもよそくできないてんかいにぜんかいにあしのばすげんだいじんすーぱーおりじなるひょうげんしゃまたはじまるさんにんのちょうせんが	つまり\\{神,かみ\\}も\\{予測,よそく\\}できない\\{展開,てんかい\\}に\\{ ,\\}\\{全開,ぜんかい\\}に\\{足,あし\\}\\{伸ばす,のばす\\}\\{現代,げんだい\\}\\{人,じん\\}\\{ ,\\}\\{スーパー,すーぱー\\}\\{オリジナル,おりじなる\\}\\{表現,ひょうげん\\}\\{者,しゃ\\}\\{ ,\\}また\\{ ,\\}\\{始まる,はじまる\\}\\{3,さん\\}\\{人,にん\\}の\\{挑戦,ちょうせん\\}が\\{ ,\\}	4	2018-05-18 13:23:33.080572	2018-05-18 13:23:33.080572	3
677311549	131946517	15386296	609764183	スーパーオリジナル!誰もまねの出来ない歩き方!!スーパーオリジナル!誰もまねの出来ないしゃべり方!!スーパーオリジナル!自分だけのやり方で盛り上がれ!!スーパーオリジナル!自分だけのやり方でのし上がれ!!	すーぱーおりじなるだれもまねのできないあるきかたすーぱーおりじなるだれもまねのできないしゃべりかたすーぱーおりじなるじぶんだけのやりかたでもりあがれすーぱーおりじなるじぶんだけのやりかたでのしあがれ	\\{スーパー,すーぱー\\}\\{オリジナル,おりじなる\\}\\{!,\\}\\{ ,\\}\\{誰,だれ\\}もまねの\\{出来,でき\\}ない\\{歩き,あるき\\}\\{方,かた\\}\\{!!,\\}\\{ ,\\}\\{スーパー,すーぱー\\}\\{オリジナル,おりじなる\\}\\{!,\\}\\{ ,\\}\\{誰,だれ\\}もまねの\\{出来,でき\\}ないしゃべり\\{方,かた\\}\\{!!,\\}\\{ ,\\}\\{スーパー,すーぱー\\}\\{オリジナル,おりじなる\\}\\{!,\\}\\{ ,\\}\\{自分,じぶん\\}だけの\\{やり方,やりかた\\}で\\{盛り上がれ,もりあがれ\\}\\{!!,\\}\\{ ,\\}\\{スーパー,すーぱー\\}\\{オリジナル,おりじなる\\}\\{!,\\}\\{ ,\\}\\{自分,じぶん\\}だけの\\{やり方,やりかた\\}で\\{のし上がれ,のしあがれ\\}\\{!!,\\}\\{ ,\\}	5	2018-05-18 13:23:33.080572	2018-05-18 13:23:33.080572	1
827827585	131946517	301022393	318236322	レペゼンORIGINAL大中小あの公園デビューからの大注目株U-MC、Dr.Kandリッ君checkitout!!ちゃんとリッスンWEARETHEキャラ立ち3本マイク見りゃみんなが納得し反論ない全てのパワーをサンプリングし独自にうつ俺らYOUNGKING!	れぺぜんおりじなるだいちゅうしょうあのこうえんでびゅーからのだいちゅうもくかぶゆーえむしーどくたーけーあんどりっくんちぇっくいっとあうとちゃんとりっすんうぃーあーざきゃらだちさんぼんまいくみりゃみんながなっとくしはんろんないすべてのぱわーをさんぷりんぐしどくじにうつおれらやんぐきんぐ	\\{レペゼン,れぺぜん\\}\\{ORIGINAL,おりじなる\\}\\{大,だい\\}\\{中小,ちゅうしょう\\}\\{ ,\\}あの\\{公園,こうえん\\}\\{デビュー,でびゅー\\}からの\\{大,だい\\}\\{注目,ちゅうもく\\}\\{株,かぶ\\}\\{ ,\\}\\{U,ゆー\\}\\{-,\\}\\{MC,えむしー\\}\\{、,\\}\\{Dr,どくたー\\}\\{.,\\}\\{K,けー\\}\\{ ,\\}\\{and,あんど\\}\\{リッ,りっ\\}\\{君,くん\\}\\{ ,\\}\\{check,ちぇっく\\}\\{ ,\\}\\{it,いっと\\}\\{ ,\\}\\{out,あうと\\}\\{!!,\\}\\{ ,\\}ちゃんと\\{リッスン,りっすん\\}\\{ ,\\}\\{WE,うぃー\\}\\{ ,\\}\\{ARE,あー\\}\\{ ,\\}\\{THE,ざ\\}\\{ ,\\}\\{キャラ,きゃら\\}\\{立ち,だち\\}\\{3,さん\\}\\{本,ぼん\\}\\{マイク,まいく\\}\\{ ,\\}\\{見りゃ,みりゃ\\}みんなが\\{納得,なっとく\\}し\\{ ,\\}\\{反論,はんろん\\}ない\\{ ,\\}\\{全て,すべて\\}の\\{パワー,ぱわー\\}を\\{サンプリング,さんぷりんぐ\\}し\\{独自,どくじ\\}にうつ\\{俺,おれ\\}ら\\{ ,\\}\\{YOUNG,やんぐ\\}\\{ ,\\}\\{KING,きんぐ\\}\\{!,\\}\\{ ,\\}	6	2018-05-18 13:23:33.080572	2018-05-18 13:23:33.080572	4
105944342	131946517	434322821	318236322	常にオレはオレを全うしてスキなかっこうしてハヤリもスタリも真っ向否定こうしてただ喋るしか脳のねえこの俺を差別しな!	つねにおれはおれをまっとうしてすきなかっこうしてはやりもすたりもまっこうひていこうしてただしゃべるしかのうのねえこのおれをさべつしな	\\{常に,つねに\\}\\{オレ,おれ\\}は\\{オレ,おれ\\}を\\{全う,まっとう\\}して\\{スキ,すき\\}なかっこうして\\{ハヤリ,はやり\\}も\\{スタリ,すたり\\}も\\{真っ向,まっこう\\}\\{否定,ひてい\\}\\{ ,\\}こうしてただ\\{喋る,しゃべる\\}しか\\{脳,のう\\}のねえこの\\{俺,おれ\\}を\\{差別,さべつ\\}しな\\{!,\\}\\{ ,\\}	7	2018-05-18 13:23:33.080572	2018-05-18 13:23:33.080572	5
384796809	131946517	607805222	318236322	出口がどこか分かんねえのにカテゴリーにはまる奴断然多い自分じゃない他のみんな反面教師にして目指せ本物のoneandonly	でぐちがどこかわかんねえのにかてごりーにはまるやつだんぜんおおいじぶんじゃないほかのみんなはんめんきょうしにしてめざせほんもののわんあんどおんりー	\\{出口,でぐち\\}がどこか\\{分かん,わかん\\}ねえのに\\{ ,\\}\\{カテゴリー,かてごりー\\}にはまる\\{奴,やつ\\}\\{ ,\\}\\{断然,だんぜん\\}\\{多い,おおい\\}\\{ ,\\}\\{自分,じぶん\\}じゃない\\{他,ほか\\}のみんな\\{ ,\\}\\{反面,はんめん\\}\\{教師,きょうし\\}にして\\{ ,\\}\\{目指せ,めざせ\\}\\{本物,ほんもの\\}の\\{ ,\\}\\{one,わん\\}\\{ ,\\}\\{and,あんど\\}\\{ ,\\}\\{only,おんりー\\}\\{ ,\\}	8	2018-05-18 13:23:33.080572	2018-05-18 13:23:33.080572	6
568899604	131946517	15386296	609764183	スーパーオリジナル!誰もまねの出来ない作り方!!スーパーオリジナル!誰もまねの出来ない壊し方!!スーパーオリジナル!自分だけのやり方で盛り上がれ!!スーパーオリジナル!自分だけのやり方でのしあがれ!!	すーぱーおりじなるだれもまねのできないつくりかたすーぱーおりじなるだれもまねのできないこわしかたすーぱーおりじなるじぶんだけのやりかたでもりあがれすーぱーおりじなるじぶんだけのやりかたでのしあがれ	\\{スーパー,すーぱー\\}\\{オリジナル,おりじなる\\}\\{!,\\}\\{誰,だれ\\}もまねの\\{出来,でき\\}ない\\{作り方,つくりかた\\}\\{!!,\\}\\{ ,\\}\\{スーパー,すーぱー\\}\\{オリジナル,おりじなる\\}\\{!,\\}\\{誰,だれ\\}もまねの\\{出来,でき\\}ない\\{壊し,こわし\\}\\{方,かた\\}\\{!!,\\}\\{ ,\\}\\{スーパー,すーぱー\\}\\{オリジナル,おりじなる\\}\\{!,\\}\\{自分,じぶん\\}だけの\\{やり方,やりかた\\}で\\{盛り上がれ,もりあがれ\\}\\{!!,\\}\\{ ,\\}\\{スーパー,すーぱー\\}\\{オリジナル,おりじなる\\}\\{!,\\}\\{自分,じぶん\\}だけの\\{やり方,やりかた\\}でのしあがれ\\{!!,\\}\\{ ,\\}	9	2018-05-18 13:23:33.080572	2018-05-18 13:23:33.080572	2
374578532	131946517	607805222	318236322	いくぜ目標定め!拳を掲げ!さあ作りだしな独自の流れ!一度しかない人生だからこそ気づきなよ一人一人が宝物boys&girlsbeambitiousなんだかんだ言ってみんないいかんじじゃんboys&girlsmustbeORIGINAL人は最後必ず一人になる	いくぜもくひょうさだめこぶしをかかげさあつくりだしなどくじのながれいちどしかないじんせいだからこそきづきなよひとりひとりがたからものぼーいずあんどがーるずびーあんびしゃすなんだかんだいってみんないいかんじじゃんぼーいずあんどがーるずますとびーおりじなるひとはさいごかならずひとりになる	いくぜ\\{目標,もくひょう\\}\\{定め,さだめ\\}\\{!,\\}\\{拳,こぶし\\}を\\{掲げ,かかげ\\}\\{!,\\}さあ\\{作りだし,つくりだし\\}な\\{ ,\\}\\{独自,どくじ\\}の\\{流れ,ながれ\\}\\{!,\\}\\{ ,\\}\\{一,いち\\}\\{度,ど\\}しかない\\{人生,じんせい\\}だからこそ\\{ ,\\}\\{気づき,きづき\\}なよ\\{ ,\\}\\{一人,ひとり\\}\\{一人,ひとり\\}が\\{宝物,たからもの\\}\\{ ,\\}\\{boys,ぼーいず\\}\\{ ,\\}\\{&,あんど\\}\\{ ,\\}\\{girls,がーるず\\}\\{ ,\\}\\{be,びー\\}\\{ ,\\}\\{ambitious,あんびしゃす\\}\\{ ,\\}なんだかんだ\\{言っ,いっ\\}てみんないいかんじじゃん\\{ ,\\}\\{boys,ぼーいず\\}\\{ ,\\}\\{&,あんど\\}\\{ ,\\}\\{girls,がーるず\\}\\{ ,\\}\\{must,ますと\\}\\{ ,\\}\\{be,びー\\}\\{ ,\\}\\{ORIGINAL,おりじなる\\}\\{ ,\\}\\{人,ひと\\}は\\{最後,さいご\\}\\{必ず,かならず\\}\\{一人,ひとり\\}になる\\{ ,\\}	10	2018-05-18 13:23:33.080572	2018-05-18 13:23:33.080572	7
559197685	131946517	301022393	318236322	(だが)てめー信じた3人のヴァイブが団結したサークルオブライムやりゃ出来んだぜ何だってな誰だってなこんな俺だってな	だがてめーしんじたさんにんのゔぁいぶがだんけつしたさーくるおぶらいむやりゃできんだぜなんだってなだれだってなこんなおれだってな	\\{(,\\}だが\\{),\\}てめー\\{信じ,しんじ\\}た\\{3,さん\\}\\{人,にん\\}の\\{ヴァイブ,ゔぁいぶ\\}が\\{団結,だんけつ\\}した\\{サークルオブライム,さーくるおぶらいむ\\}\\{ ,\\}やりゃ\\{出来,でき\\}んだぜ\\{何,なん\\}だってな\\{ ,\\}\\{誰,だれ\\}だってな\\{ ,\\}こんな\\{俺,おれ\\}だってな\\{ ,\\}	11	2018-05-18 13:23:33.080572	2018-05-18 13:23:33.080572	8
945683537	131946517	434322821	318236322	大人のたしなみ街並みに足並み合わせたトコでロボか案山子並み確かに何かに流されたちまち(自信無くしたり)(自分隠したり)たりってコトも度々あんだろ黙ってりゃ明日になんだろだが黙ってちゃずっとはんぱもん本当はアンタがNo.1だろ!!	おとなのたしなみまちなみにあしなみあわせたとこでろぼかかかしなみたしかになにかにながされたちまちじしんなくしたりじぶんかくしたりたりってこともたびたびあんだろだまってりゃあしたになんだろだがだまってちゃずっとはんぱもんほんとうはあんたがなんばーわんだろ	\\{大人,おとな\\}のたしなみ\\{ ,\\}\\{街,まち\\}\\{並み,なみ\\}に\\{足並み,あしなみ\\}\\{ ,\\}\\{合わせ,あわせ\\}た\\{トコ,とこ\\}で\\{ ,\\}\\{ロボ,ろぼ\\}か\\{案山子,かかし\\}\\{並み,なみ\\}\\{ ,\\}\\{確か,たしか\\}に\\{何,なに\\}かに\\{流さ,ながさ\\}れたちまち\\{(,\\}\\{自信,じしん\\}\\{無く,なく\\}したり\\{)(,\\}\\{自分,じぶん\\}\\{隠し,かくし\\}たり\\{),\\}たりって\\{ ,\\}\\{コト,こと\\}も\\{度々,たびたび\\}あんだろ\\{ ,\\}\\{黙っ,だまっ\\}てりゃ\\{明日,あした\\}になんだろ\\{ ,\\}だが\\{黙っ,だまっ\\}てちゃずっとはんぱもん\\{ ,\\}\\{本当は,ほんとうは\\}\\{アンタ,あんた\\}が\\{No,なんばー\\}\\{.,\\}\\{1,わん\\}だろ\\{!!,\\}\\{ ,\\}	12	2018-05-18 13:23:33.080572	2018-05-18 13:23:33.080572	9
257608924	131946517	15386296	695734176	その歩き方その喋り方その創り方その壊し方自分だけのやり方で盛り上がれ!!スーパーオリジナルにのしあがれ!!!	そのあるきかたそのしゃべりかたそのつくりかたそのこわしかたじぶんだけのやりかたでもりあがれすーぱーおりじなるにのしあがれ	その\\{歩き,あるき\\}\\{方,かた\\}\\{ ,\\}その\\{喋り,しゃべり\\}\\{方,かた\\}\\{ ,\\}その\\{創り,つくり\\}\\{方,かた\\}\\{ ,\\}その\\{壊し,こわし\\}\\{方,かた\\}\\{ ,\\}\\{自分,じぶん\\}だけの\\{やり方,やりかた\\}で\\{盛り上がれ,もりあがれ\\}\\{!!,\\}\\{ ,\\}\\{スーパー,すーぱー\\}\\{オリジナル,おりじなる\\}にのしあがれ\\{!!!,\\}\\{ ,\\}	13	2018-05-18 13:23:33.080572	2018-05-18 13:23:33.080572	1
289298811	131946517	15386296	609764183	スーパーオリジナル!スーパーオリジナルな歩き方!!スーパーオリジナル!スーパーオリジナルなしゃべり方!!スーパーオリジナル!スーパーオリジナルに盛り上がれ!!スーパーオリジナル!スーパーオリジナルにのし上がれ!!	すーぱーおりじなるすーぱーおりじなるなあるきかたすーぱーおりじなるすーぱーおりじなるなしゃべりかたすーぱーおりじなるすーぱーおりじなるにもりあがれすーぱーおりじなるすーぱーおりじなるにのしあがれ	\\{スーパー,すーぱー\\}\\{オリジナル,おりじなる\\}\\{!,\\}\\{ ,\\}\\{スーパー,すーぱー\\}\\{オリジナル,おりじなる\\}な\\{歩き,あるき\\}\\{方,かた\\}\\{!!,\\}\\{ ,\\}\\{スーパー,すーぱー\\}\\{オリジナル,おりじなる\\}\\{!,\\}\\{ ,\\}\\{スーパー,すーぱー\\}\\{オリジナル,おりじなる\\}なしゃべり\\{方,かた\\}\\{!!,\\}\\{ ,\\}\\{スーパー,すーぱー\\}\\{オリジナル,おりじなる\\}\\{!,\\}\\{ ,\\}\\{スーパー,すーぱー\\}\\{オリジナル,おりじなる\\}に\\{盛り上がれ,もりあがれ\\}\\{!!,\\}\\{ ,\\}\\{スーパー,すーぱー\\}\\{オリジナル,おりじなる\\}\\{!,\\}\\{ ,\\}\\{スーパー,すーぱー\\}\\{オリジナル,おりじなる\\}に\\{のし上がれ,のしあがれ\\}\\{!!,\\}\\{ ,\\}	14	2018-05-18 13:23:33.080572	2018-05-18 13:23:33.080572	3
641296876	131946517	15386296	609764183	スーパーオリジナル!スーパーオリジナルな作り方!!スーパーオリジナル!スーパーオリジナルな壊し方!!スーパーオリジナル!スーパーオリジナルに盛り上がれ!!スーパーオリジナル!スーパーオリジナルにのしあがれ!!	すーぱーおりじなるすーぱーおりじなるなつくりかたすーぱーおりじなるすーぱーおりじなるなこわしかたすーぱーおりじなるすーぱーおりじなるにもりあがれすーぱーおりじなるすーぱーおりじなるにのしあがれ	\\{スーパー,すーぱー\\}\\{オリジナル,おりじなる\\}\\{!,\\}\\{スーパー,すーぱー\\}\\{オリジナル,おりじなる\\}な\\{作り方,つくりかた\\}\\{!!,\\}\\{ ,\\}\\{スーパー,すーぱー\\}\\{オリジナル,おりじなる\\}\\{!,\\}\\{スーパー,すーぱー\\}\\{オリジナル,おりじなる\\}な\\{壊し,こわし\\}\\{方,かた\\}\\{!!,\\}\\{ ,\\}\\{スーパー,すーぱー\\}\\{オリジナル,おりじなる\\}\\{!,\\}\\{スーパー,すーぱー\\}\\{オリジナル,おりじなる\\}に\\{盛り上がれ,もりあがれ\\}\\{!!,\\}\\{ ,\\}\\{スーパー,すーぱー\\}\\{オリジナル,おりじなる\\}\\{!,\\}\\{スーパー,すーぱー\\}\\{オリジナル,おりじなる\\}にのしあがれ\\{!!,\\}\\{ ,\\}	15	2018-05-18 13:23:33.080572	2018-05-18 13:23:33.080572	4
929376891	844947265	15386296	425211171	今日はパーティーさぁdancing輪になってほらbreaking楽しめるかなんて自分次第よってこいこのステージ(このステージ)	きょうはぱーてぃーさぁだんしんぐわになってほらぶれいきんぐたのしめるかなんてじぶんしだいよってこいこのすてーじこのすてーじ	\\{今日,きょう\\}は\\{パーティー,ぱーてぃー\\}さぁ\\{dancing,だんしんぐ\\}\\{ ,\\}\\{輪,わ\\}になってほら\\{breaking,ぶれいきんぐ\\}\\{ ,\\}\\{楽しめる,たのしめる\\}かなんて\\{自分,じぶん\\}\\{次第,しだい\\}\\{ ,\\}よってこいこの\\{ステージ,すてーじ\\}\\{(,\\}この\\{ステージ,すてーじ\\}\\{),\\}\\{ ,\\}	1	2018-05-18 13:23:33.080572	2018-05-18 13:23:33.080572	1
778861507	844947265	15386296	425211171	来たぜOh!かましとこうそれに合わせて騒ぎ踊るKICKTHECANと飛ばしてこうたとえ今日で地球が終わりでも知らねぇぞ調子はどうくだらないルール、バイト、学校そんなもんから今日は脱走して集まればみんな合唱It'slikethaty'all(thaty'all)thaty'all(thaty'all)それじゃ今日の大将を発表ニックネームはCRAZY-A覚えてくれれば嬉しいぜ	きたぜおーかましとこうそれにあわせてさわぎおどるきっくざかんととばしてこうたとえきょうでちきゅうがおわりでもしらねぇぞちょうしはどうくだらないるーるばいとがっこうそんなもんからきょうはだっそうしてあつまればみんながっしょういっつらいくざっとよーるざっとよーるざっとよーるざっとよーるそれじゃきょうのたいしょうをはっぴょうにっくねーむはくれいじーえーおぼえてくれればうれしいぜ	\\{来,き\\}たぜ\\{ ,\\}\\{Oh,おー\\}\\{!,\\}かましとこう\\{ ,\\}それに\\{合わせ,あわせ\\}て\\{騒ぎ,さわぎ\\}\\{踊る,おどる\\}\\{ ,\\}\\{KICK,きっく\\}\\{ ,\\}\\{THE,ざ\\}\\{ ,\\}\\{CAN,かん\\}と\\{飛ばし,とばし\\}てこう\\{ ,\\}たとえ\\{今日,きょう\\}で\\{地球,ちきゅう\\}が\\{終わり,おわり\\}でも\\{ ,\\}\\{知ら,しら\\}ねぇぞ\\{ ,\\}\\{調子,ちょうし\\}はどう\\{ ,\\}くだらない\\{ルール,るーる\\}\\{、,\\}\\{バイト,ばいと\\}\\{、,\\}\\{学校,がっこう\\}\\{ ,\\}そんなもんから\\{今日,きょう\\}は\\{脱走,だっそう\\}して\\{ ,\\}\\{集まれ,あつまれ\\}ばみんな\\{合唱,がっしょう\\}\\{ ,\\}\\{It's,いっつ\\}\\{ ,\\}\\{like,らいく\\}\\{ ,\\}\\{that,ざっと\\}\\{ ,\\}\\{y'all,よーる\\}\\{ ,\\}\\{(,\\}\\{that,ざっと\\}\\{ ,\\}\\{y'all,よーる\\}\\{),\\}\\{ ,\\}\\{that,ざっと\\}\\{ ,\\}\\{y'all,よーる\\}\\{(,\\}\\{that,ざっと\\}\\{ ,\\}\\{y'all,よーる\\}\\{),\\}\\{ ,\\}それじゃ\\{今日,きょう\\}の\\{大将,たいしょう\\}を\\{発表,はっぴょう\\}\\{ ,\\}\\{ニックネーム,にっくねーむ\\}は\\{CRAZY,くれいじー\\}\\{-,\\}\\{A,えー\\}\\{ ,\\}\\{覚え,おぼえ\\}てくれれば\\{嬉しい,うれしい\\}ぜ\\{ ,\\}	2	2018-05-18 13:23:33.080572	2018-05-18 13:23:33.080572	2
426462040	844947265	15386296	425211171	(Yeah!)マジ今日はイイ雰囲気だそれじゃまぁみんなキキナMCUだキキナそしてLITTLEだキキナ次はKREVAだキキナイイ雰囲気だじゃあキキナイイ雰囲気だみんなビビンナ!	いぇーまじきょうはいいふんいきだそれじゃまぁみんなききなえむしーゆーだききなそしてりとるだききなつぎはくればだききないいふんいきだじゃあききないいふんいきだみんなびびんな	\\{(,\\}\\{Yeah,いぇー\\}\\{!),\\}\\{マジ,まじ\\}\\{今日,きょう\\}は\\{イイ,いい\\}\\{雰囲気,ふんいき\\}だ\\{ ,\\}それじゃまぁみんな\\{キキナ,ききな\\}\\{ ,\\}\\{MCU,えむしーゆー\\}だ\\{キキナ,ききな\\}\\{ ,\\}そして\\{LITTLE,りとる\\}だ\\{キキナ,ききな\\}\\{ ,\\}\\{次,つぎ\\}は\\{KREVA,くれば\\}だ\\{キキナ,ききな\\}\\{ ,\\}\\{イイ,いい\\}\\{雰囲気,ふんいき\\}だ\\{ ,\\}じゃあ\\{キキナ,ききな\\}\\{ ,\\}\\{イイ,いい\\}\\{雰囲気,ふんいき\\}だ\\{ ,\\}みんな\\{ビビンナ,びびんな\\}\\{!,\\}\\{ ,\\}	3	2018-05-18 13:23:33.080572	2018-05-18 13:23:33.080572	3
118480629	844947265	434322821	318236322	1、2、3、4この衝撃はまるでフリーフォール無理も承知のラットレースファットレースしめかっとべ(Herewegonow)ロックステディークルーB-Boy、B-Girlもうすでに夢中HIPHOPNo.1killersoundリスペクトアキラサン無鉄砲で行こうもう今日はさ我を忘れ堂々騒ぐダボダボのジーンズ履くヤツラが集まりゃTurnitup(Turnitup)ほらズラズラズラ並ぶ楽しげなツラ・ツラ・ツラ3mcplusonemore代々木にB-Boy参上	わんつーすりーふぉーこのしょうげきはまるでふりーふぉーるむりもしょうちのらっとれーすふぁっとれーすしめかっとべひあうぃーごーなうろっくすてでぃーくるーびーぼーいびーがーるもうすでにむちゅうひっぷほっぷなんばーわんきらーさうんどりすぺくとあきらさんむてっぽうでいこうもうきょうはさわれをわすれどうどうさわぐだぼだぼのじーんずはくやつらがあつまりゃたーんいっとあっぷたーんいっとあっぷほらずらずらずらならぶたのしげなつらつらつらすりーえむしーぷらすわんもあよよぎにびーぼーいさんじょう	\\{1,わん\\}\\{、,\\}\\{2,つー\\}\\{、,\\}\\{3,すりー\\}\\{、,\\}\\{4,ふぉー\\}\\{ ,\\}この\\{衝撃,しょうげき\\}はまるで\\{フリーフォール,ふりーふぉーる\\}\\{ ,\\}\\{無理,むり\\}も\\{承知,しょうち\\}の\\{ラット,らっと\\}\\{レース,れーす\\}\\{ ,\\}\\{ファットレース,ふぁっとれーす\\}しめかっとべ\\{ ,\\}\\{(,\\}\\{Here,ひあ\\}\\{ ,\\}\\{we,うぃー\\}\\{ ,\\}\\{go,ごー\\}\\{ ,\\}\\{now,なう\\}\\{),\\}\\{ロック,ろっく\\}\\{ ,\\}\\{ステディー,すてでぃー\\}\\{ ,\\}\\{クルー,くるー\\}\\{ ,\\}\\{B,びー\\}\\{-,\\}\\{Boy,ぼーい\\}\\{、,\\}\\{B,びー\\}\\{-,\\}\\{Girl,がーる\\}もうすでに\\{夢中,むちゅう\\}\\{ ,\\}\\{HIP,ひっぷ\\}\\{ ,\\}\\{HOP,ほっぷ\\}\\{ ,\\}\\{No,なんばー\\}\\{.,\\}\\{1,わん\\}\\{ ,\\}\\{killer,きらー\\}\\{ ,\\}\\{sound,さうんど\\}\\{ ,\\}\\{リスペクト,りすぺくと\\}\\{ ,\\}\\{アキラサン,あきらさん\\}\\{ ,\\}\\{無鉄砲,むてっぽう\\}で\\{行こ,いこ\\}う\\{ ,\\}もう\\{今日,きょう\\}はさ\\{ ,\\}\\{我,われ\\}を\\{忘れ,わすれ\\}\\{堂々,どうどう\\}\\{騒ぐ,さわぐ\\}\\{ ,\\}\\{ダボダボ,だぼだぼ\\}の\\{ジーンズ,じーんず\\}\\{履く,はく\\}\\{ ,\\}\\{ヤツラ,やつら\\}が\\{集まりゃ,あつまりゃ\\}\\{Turn,たーん\\}\\{ ,\\}\\{it,いっと\\}\\{ ,\\}\\{up,あっぷ\\}\\{(,\\}\\{Turn,たーん\\}\\{ ,\\}\\{it,いっと\\}\\{ ,\\}\\{up,あっぷ\\}\\{),\\}\\{ ,\\}ほら\\{ズラズラズラ,ずらずらずら\\}\\{ ,\\}\\{並ぶ,ならぶ\\}\\{楽し,たのし\\}げな\\{ツラ,つら\\}\\{・,\\}\\{ツラ,つら\\}\\{・,\\}\\{ツラ,つら\\}\\{ ,\\}\\{3,すりー\\}\\{mc,えむしー\\}\\{ ,\\}\\{plus,ぷらす\\}\\{ ,\\}\\{one,わん\\}\\{ ,\\}\\{more,もあ\\}\\{ ,\\}\\{代々木,よよぎ\\}に\\{B,びー\\}\\{-,\\}\\{Boy,ぼーい\\}\\{参上,さんじょう\\}\\{ ,\\}	4	2018-05-18 13:23:33.080572	2018-05-18 13:23:33.080572	1
805891684	844947265	12018489	609764183	tothebeaty'all一日じゅうってゆーか一生tothebeaty'allオレは一生、オレはB-BOY	とぅーざびーとよーるいちにちじゅうってゆーかいっしょうとぅーざびーとよーるおれはいっしょうおれはびーぼーい	\\{to,とぅー\\}\\{ ,\\}\\{the,ざ\\}\\{ ,\\}\\{beat,びーと\\}\\{ ,\\}\\{y'all,よーる\\}\\{ ,\\}\\{一,いち\\}\\{日,にち\\}じゅうってゆーか\\{一生,いっしょう\\}\\{ ,\\}\\{to,とぅー\\}\\{ ,\\}\\{the,ざ\\}\\{ ,\\}\\{beat,びーと\\}\\{ ,\\}\\{y'all,よーる\\}\\{ ,\\}\\{オレ,おれ\\}は\\{一生,いっしょう\\}\\{、,\\}\\{オレ,おれ\\}は\\{B,びー\\}\\{-,\\}\\{BOY,ぼーい\\}\\{ ,\\}	5	2018-05-18 13:23:33.080572	2018-05-18 13:23:33.080572	1
104055833	133215380	15386296	609764183	Oh!Ah!イツナロウバ!(It'snotover)このまま季節が静まろうがそうだ行ったろうかHerewegonowOh!Ah!イツナロウバ!(It'snotover)次の季節が見つかろうが今日は行ったろうかHerewegonow	おーあーいつなろうばこのままきせつがしずまろうがそうだいったろうかひあうぃーごーなうおーあーいつなろうばつぎのきせつがみつかろうがきょうはいったろうかひあうぃーごーなう	\\{Oh,おー\\}\\{!,\\}\\{ ,\\}\\{Ah,あー\\}\\{!,\\}\\{ ,\\}\\{イツナロウバ,いつなろうば\\}\\{!(,\\}\\{It,\\}\\{',\\}\\{s,\\}\\{ ,\\}\\{not,\\}\\{ ,\\}\\{over,\\}\\{),\\}\\{ ,\\}このまま\\{季節,きせつ\\}が\\{静まろ,しずまろ\\}うが\\{ ,\\}そうだ\\{ ,\\}\\{行っ,いっ\\}たろうか\\{ ,\\}\\{Here,ひあ\\}\\{ ,\\}\\{we,うぃー\\}\\{ ,\\}\\{go,ごー\\}\\{ ,\\}\\{now,なう\\}\\{ ,\\}\\{Oh,おー\\}\\{!,\\}\\{ ,\\}\\{Ah,あー\\}\\{!,\\}\\{ ,\\}\\{イツナロウバ,いつなろうば\\}\\{!(,\\}\\{It,\\}\\{',\\}\\{s,\\}\\{ ,\\}\\{not,\\}\\{ ,\\}\\{over,\\}\\{),\\}\\{ ,\\}\\{次,つぎ\\}の\\{季節,きせつ\\}が\\{見つかろ,みつかろ\\}うが\\{ ,\\}\\{今日,きょう\\}は\\{ ,\\}\\{行っ,いっ\\}たろうか\\{ ,\\}\\{Here,ひあ\\}\\{ ,\\}\\{we,うぃー\\}\\{ ,\\}\\{go,ごー\\}\\{ ,\\}\\{now,なう\\}\\{ ,\\}	3	2018-05-18 13:23:33.080572	2018-05-18 13:23:33.080572	1
687980508	844947265	607805222	318236322	今日もパーティーの現場代々木公園ここに流れてる音聴こうぜ行こうぜオレらと1日中スゲー低音が腰に響くマジF・R・E・S・H全然いらない説明わかっちゃいるがやっぱいーなーHeyYo!(Don'tstopbodyrock!)今日は音の海で安楽死できりゃファ・ファ・ファ・ファンタスティックなんて思うような感覚に身をまかせさぁHandsupし目立とう目立とう目立とう自分だけの技を披露目指そう目指そう目指そうB-Boyparkのヒーロー	きょうもぱーてぃーのげんばよよぎこうえんここにながれてるおときこうぜいこうぜおれらといちにちじゅうすげーていおんがこしにひびくまじえふあーるいーえすえっちぜんぜんいらないせつめいわかっちゃいるがやっぱいーなーへいよーどんとすとっぷぼでぃーろっくきょうはおとのうみであんらくしできりゃふぁふぁふぁふぁんたすてぃっくなんておもうようなかんかくにみをまかせさぁはんずあっぷしめだとうめだとうめだとうじぶんだけのわざをひろうめざそうめざそうめざそうびーぼーいぱーくのひーろー	\\{今日,きょう\\}も\\{パーティー,ぱーてぃー\\}の\\{現場,げんば\\}\\{代々木公園,よよぎこうえん\\}\\{ ,\\}ここに\\{流れ,ながれ\\}てる\\{音,おと\\}\\{聴こ,きこ\\}うぜ\\{ ,\\}\\{行こ,いこ\\}うぜ\\{オレ,おれ\\}らと\\{1,いち\\}\\{日,にち\\}\\{中,じゅう\\}\\{ ,\\}\\{スゲー,すげー\\}\\{低音,ていおん\\}が\\{腰,こし\\}に\\{響く,ひびく\\}\\{ ,\\}\\{マジ,まじ\\}\\{F,えふ\\}\\{・,\\}\\{R,あーる\\}\\{・,\\}\\{E,いー\\}\\{・,\\}\\{S,えす\\}\\{・,\\}\\{H,えっち\\}\\{ ,\\}\\{全然,ぜんぜん\\}いらない\\{説明,せつめい\\}\\{ ,\\}わかっちゃいるがやっぱいーなー\\{ ,\\}\\{Hey,へい\\}\\{ ,\\}\\{Yo,よー\\}\\{!(,\\}\\{Don't,どんと\\}\\{ ,\\}\\{stop,すとっぷ\\}\\{ ,\\}\\{body,ぼでぃー\\}\\{ ,\\}\\{rock,ろっく\\}\\{!),\\}\\{ ,\\}\\{今日,きょう\\}は\\{音,おと\\}の\\{海,うみ\\}で\\{安楽,あんらく\\}\\{死,し\\}\\{ ,\\}できりゃ\\{ファ,ふぁ\\}\\{・,\\}\\{ファ,ふぁ\\}\\{・,\\}\\{ファ,ふぁ\\}\\{・,\\}\\{ファンタスティック,ふぁんたすてぃっく\\}\\{ ,\\}なんて\\{思う,おもう\\}ような\\{感覚,かんかく\\}に\\{ ,\\}\\{身,み\\}をまかせ\\{ ,\\}さぁ\\{Hands,はんず\\}\\{ ,\\}\\{up,あっぷ\\}し\\{ ,\\}\\{目立と,めだと\\}う\\{ ,\\}\\{目立と,めだと\\}う\\{ ,\\}\\{目立と,めだと\\}う\\{ ,\\}\\{自分,じぶん\\}だけの\\{技,わざ\\}を\\{披露,ひろう\\}\\{ ,\\}\\{目指そ,めざそ\\}う\\{ ,\\}\\{目指そ,めざそ\\}う\\{ ,\\}\\{目指そ,めざそ\\}う\\{ ,\\}\\{B,びー\\}\\{-,\\}\\{Boy,ぼーい\\}\\{ ,\\}\\{park,ぱーく\\}の\\{ヒーロー,ひーろー\\}\\{ ,\\}	6	2018-05-18 13:23:33.080572	2018-05-18 13:23:33.080572	2
503746385	844947265	12018489	609764183	tothebeaty'all一日じゅうってゆーか一生tothebeaty'allオレは一生、オレはB-BOY	とぅーざびーとよーるいちにちじゅうってゆーかいっしょうとぅーざびーとよーるおれはいっしょうおれはびーぼーい	\\{to,とぅー\\}\\{ ,\\}\\{the,ざ\\}\\{ ,\\}\\{beat,びーと\\}\\{ ,\\}\\{y'all,よーる\\}\\{ ,\\}\\{一,いち\\}\\{日,にち\\}じゅうってゆーか\\{一生,いっしょう\\}\\{ ,\\}\\{to,とぅー\\}\\{ ,\\}\\{the,ざ\\}\\{ ,\\}\\{beat,びーと\\}\\{ ,\\}\\{y'all,よーる\\}\\{ ,\\}\\{オレ,おれ\\}は\\{一生,いっしょう\\}\\{、,\\}\\{オレ,おれ\\}は\\{B,びー\\}\\{-,\\}\\{BOY,ぼーい\\}\\{ ,\\}	7	2018-05-18 13:23:33.080572	2018-05-18 13:23:33.080572	2
247042782	844947265	301022393	318236322	B-BoyPark最強のイベントに注ぐでかい愛情と情熱をこの胸に託し代々木という名の地に着地来たぜKICKTHECANCREWオレらがこの東京完封U・KREVA・LITTLEDon'tstop騒いどけするなよトンズラりっくん(りっくん)飛ばそー(飛ばそー)イェーイェー上がっとく?たとえこの声がかれても誰がこのオレを邪魔しても平気平気かますぜGetonthemicほらさーみんなで	びーぼーいぱーくさいきょうのいべんとにそそぐでかいあいじょうとじょうねつをこのむねにたくしよよぎというなのちにちゃくちきたぜきっくざかんくるーおれらがこのとうきょうかんぷうゆーくればりとるどんとすとっぷさわいどけするなよとんずらりっくんりっくんとばそーとばそーいぇーいぇーあがっとくたとえこのこえがかれてもだれがこのおれをじゃましてもへいきへいきかますぜげっとおんざまいくほらさーみんなで	\\{B,びー\\}\\{-,\\}\\{Boy,ぼーい\\}\\{ ,\\}\\{Park,ぱーく\\}\\{最強,さいきょう\\}の\\{イベント,いべんと\\}に\\{注ぐ,そそぐ\\}でかい\\{愛情,あいじょう\\}と\\{ ,\\}\\{情熱,じょうねつ\\}をこの\\{胸,むね\\}に\\{託し,たくし\\}\\{ ,\\}\\{代々木,よよぎ\\}という\\{名,な\\}の\\{地,ち\\}に\\{着地,ちゃくち\\}\\{ ,\\}\\{来,き\\}たぜ\\{KICK,きっく\\}\\{ ,\\}\\{THE,ざ\\}\\{ ,\\}\\{CAN,かん\\}\\{ ,\\}\\{CREW,くるー\\}\\{ ,\\}\\{オレ,おれ\\}らがこの\\{東京,とうきょう\\}\\{完封,かんぷう\\}\\{ ,\\}\\{U,ゆー\\}\\{・,\\}\\{KREVA,くれば\\}\\{・,\\}\\{LITTLE,りとる\\}\\{ ,\\}\\{Don't,どんと\\}\\{ ,\\}\\{stop,すとっぷ\\}\\{ ,\\}\\{騒い,さわい\\}どけ\\{ ,\\}するなよ\\{トンズラ,とんずら\\}\\{ ,\\}りっくん\\{(,\\}りっくん\\{),\\}\\{ ,\\}\\{飛ばそ,とばそ\\}ー\\{(,\\}\\{飛ばそ,とばそ\\}ー\\{),\\}\\{ ,\\}\\{イェーイェー,いぇーいぇー\\}\\{上がっ,あがっ\\}とく\\{?,\\}\\{ ,\\}たとえこの\\{声,こえ\\}がかれても\\{ ,\\}\\{誰,だれ\\}がこの\\{オレ,おれ\\}を\\{邪魔,じゃま\\}しても\\{ ,\\}\\{平気,へいき\\}\\{ ,\\}\\{平気,へいき\\}\\{ ,\\}かますぜ\\{Get,げっと\\}\\{ ,\\}\\{on,おん\\}\\{ ,\\}\\{the,ざ\\}\\{ ,\\}\\{mic,まいく\\}\\{ ,\\}ほらさーみんなで\\{ ,\\}	8	2018-05-18 13:23:33.080572	2018-05-18 13:23:33.080572	3
968794697	844947265	12018489	609764183	tothebeaty'all一日じゅうってゆーか一生tothebeaty'allオレは一生、オレはB-BOY	とぅーざびーとよーるいちにちじゅうってゆーかいっしょうとぅーざびーとよーるおれはいっしょうおれはびーぼーい	\\{to,とぅー\\}\\{ ,\\}\\{the,ざ\\}\\{ ,\\}\\{beat,びーと\\}\\{ ,\\}\\{y'all,よーる\\}\\{ ,\\}\\{一,いち\\}\\{日,にち\\}じゅうってゆーか\\{一生,いっしょう\\}\\{ ,\\}\\{to,とぅー\\}\\{ ,\\}\\{the,ざ\\}\\{ ,\\}\\{beat,びーと\\}\\{ ,\\}\\{y'all,よーる\\}\\{ ,\\}\\{オレ,おれ\\}は\\{一生,いっしょう\\}\\{、,\\}\\{オレ,おれ\\}は\\{B,びー\\}\\{-,\\}\\{BOY,ぼーい\\}\\{ ,\\}	9	2018-05-18 13:23:33.080572	2018-05-18 13:23:33.080572	3
675128630	133215380	301022393	318236322	ある晴れたある日のある時間あるメンバーと強く差す日ざしのもとに集まりがむしゃらに(そう夢中に!)過ぎてくわずかな日	あるはれたあるひのあるじかんあるめんばーとつよくさすひざしのもとにあつまりがむしゃらにそうむちゅうにすぎてくわずかなひ	ある\\{晴れ,はれ\\}た\\{ ,\\}ある\\{日,ひ\\}のある\\{時間,じかん\\}\\{ ,\\}ある\\{メンバー,めんばー\\}と\\{ ,\\}\\{強く,つよく\\}\\{差す,さす\\}\\{日,ひ\\}ざしのもとに\\{集まり,あつまり\\}\\{ ,\\}がむしゃらに\\{(,\\}そう\\{夢中,むちゅう\\}に\\{!),\\}\\{過ぎ,すぎ\\}てくわずかな\\{日,ひ\\}\\{ ,\\}	1	2018-05-18 13:23:33.080572	2018-05-18 13:23:33.080572	1
825554062	133215380	607805222	318236322	太陽と地面正面衝突気温も上がり当然今日も抑えきれない冒険衝動誰もが戻る少年少女肌にからむぬるい風とろけてる体を奮い立てる集まるか…また長いかざらない夜を過ごそうぜ仲間達またみんなで裸足になれば何かが始まりそう決まりも何もない自然なしぐさが通り過ぎる季節のフィルターがいずれなくなるって分かっててみんな黙って笑ってるぜ流れてく汗もそのままにその心誰も覗かない	たいようとじめんしょうめんしょうとつきおんもあがりとうぜんきょうもおさえきれないぼうけんしょうどうだれもがもどるしょうねんしょうじょはだにからむぬるいかぜとろけてるからだをふるいたてるあつまるかまたながいかざらないよるをすごそうぜなかまたちまたみんなではだしになればなにかがはじまりそうきまりもなにもないしぜんなしぐさがとおりすぎるきせつのふぃるたーがいずれなくなるってわかっててみんなだまってわらってるぜながれてくあせもそのままにそのこころだれものぞかない	\\{太陽,たいよう\\}と\\{地面,じめん\\}\\{ ,\\}\\{正面,しょうめん\\}\\{衝突,しょうとつ\\}\\{ ,\\}\\{気温,きおん\\}も\\{上がり,あがり\\}\\{ ,\\}\\{当然,とうぜん\\}\\{今日,きょう\\}も\\{ ,\\}\\{抑え,おさえ\\}きれない\\{ ,\\}\\{冒険,ぼうけん\\}\\{衝動,しょうどう\\}\\{ ,\\}\\{誰,だれ\\}もが\\{戻る,もどる\\}\\{ ,\\}\\{少年,しょうねん\\}\\{少女,しょうじょ\\}\\{ ,\\}\\{肌,はだ\\}にからむぬるい\\{風,かぜ\\}\\{ ,\\}とろけてる\\{体,からだ\\}を\\{奮い,ふるい\\}\\{立てる,たてる\\}\\{ ,\\}\\{集まる,あつまる\\}か\\{…,\\}\\{ ,\\}また\\{長い,ながい\\}\\{ ,\\}かざらない\\{ ,\\}\\{夜,よる\\}を\\{過ごそ,すごそ\\}うぜ\\{仲間,なかま\\}\\{達,たち\\}\\{ ,\\}またみんなで\\{裸足,はだし\\}になれば\\{ ,\\}\\{何,なに\\}かが\\{始まり,はじまり\\}そう\\{ ,\\}\\{決まり,きまり\\}も\\{何,なに\\}もない\\{自然,しぜん\\}なしぐさが\\{ ,\\}\\{通り過ぎる,とおりすぎる\\}\\{季節,きせつ\\}の\\{フィルター,ふぃるたー\\}が\\{ ,\\}いずれなくなるって\\{分かっ,わかっ\\}てて\\{ ,\\}みんな\\{黙っ,だまっ\\}て\\{笑っ,わらっ\\}てるぜ\\{ ,\\}\\{流れ,ながれ\\}てく\\{汗,あせ\\}もそのままに\\{ ,\\}その\\{心,こころ\\}\\{ ,\\}\\{誰,だれ\\}も\\{覗か,のぞか\\}ない\\{ ,\\}	2	2018-05-18 13:23:33.080572	2018-05-18 13:23:33.080572	2
408375742	133215380	434322821	318236322	水しぶきをあげるクロールに涙で濡れるグローブに暑い日々はスクロールしてまたあっとゆー間すぐ遠くに	みずしぶきをあげるくろーるになみだでぬれるぐろーぶにあついひびはすくろーるしてまたあっとゆーますぐとおくに	\\{水しぶき,みずしぶき\\}をあげる\\{クロール,くろーる\\}に\\{ ,\\}\\{涙,なみだ\\}で\\{濡れる,ぬれる\\}\\{グローブ,ぐろーぶ\\}に\\{ ,\\}\\{暑い,あつい\\}\\{日々,ひび\\}は\\{スクロール,すくろーる\\}して\\{ ,\\}またあっとゆー\\{間,ま\\}すぐ\\{遠く,とおく\\}に\\{ ,\\}	4	2018-05-18 13:23:33.080572	2018-05-18 13:23:33.080572	3
793796911	133215380	301022393	318236322	ラジオからは超ちゃらい選曲デモそんな曲も今日は天国心地よい風がめくるパンチラに一瞬固まり口半開き一秒も無駄な事はなく身にまとう汗が物語る終わらない短い時を我を忘れて小さい星の中で1人1人語ったり愛しい人に告ったり告られたり笑ったり泣いたりするその間に無情にも時は過ぎ去っていってしまうのみだだがまた晴れたらこの仲間であの時間にこの場所で	らじおからはちょうちゃらいせんきょくでもそんなきょくもきょうはてんごくここちよいかぜがめくるぱんちらにいっしゅんかたまりくちはんびらきいちびょうもむだなことはなくみにまとうあせがものがたるおわらないみじかいときをわれをわすれてちいさいほしのなかでひとりひとりかたったりいとしいひとにこくったりこくられたりわらったりないたりするそのあいだにむじょうにもときはすぎさっていってしまうのみだだがまたはれたらこのなかまであのじかんにこのばしょで	\\{ラジオ,らじお\\}からは\\{超,ちょう\\}ちゃらい\\{選曲,せんきょく\\}\\{ ,\\}\\{デモ,でも\\}そんな\\{曲,きょく\\}も\\{今日,きょう\\}は\\{天国,てんごく\\}\\{ ,\\}\\{心地よい,ここちよい\\}\\{風,かぜ\\}がめくる\\{パンチラ,ぱんちら\\}に\\{ ,\\}\\{一瞬,いっしゅん\\}\\{固まり,かたまり\\}\\{口,くち\\}\\{半開き,はんびらき\\}\\{ ,\\}\\{一,いち\\}\\{秒,びょう\\}も\\{無駄,むだ\\}な\\{事,こと\\}はなく\\{ ,\\}\\{身,み\\}にまとう\\{汗,あせ\\}が\\{物語る,ものがたる\\}\\{ ,\\}\\{終わら,おわら\\}ない\\{短い,みじかい\\}\\{時,とき\\}を\\{我,われ\\}を\\{忘れ,わすれ\\}て\\{ ,\\}\\{小さい,ちいさい\\}\\{星,ほし\\}の\\{中,なか\\}で\\{1人,ひとり\\}\\{1人,ひとり\\}\\{語っ,かたっ\\}たり\\{ ,\\}\\{愛しい,いとしい\\}\\{人,ひと\\}に\\{告,こく\\}ったり\\{ ,\\}\\{告,こく\\}られたり\\{ ,\\}\\{笑っ,わらっ\\}たり\\{泣い,ない\\}たりするその\\{間,あいだ\\}に\\{ ,\\}\\{無情,むじょう\\}にも\\{時,とき\\}は\\{過ぎ去っ,すぎさっ\\}ていってしまうのみだ\\{ ,\\}だがまた\\{晴れ,はれ\\}たら\\{ ,\\}この\\{仲間,なかま\\}で\\{ ,\\}あの\\{時間,じかん\\}に\\{ ,\\}この\\{場所,ばしょ\\}で\\{ ,\\}	5	2018-05-18 13:23:33.080572	2018-05-18 13:23:33.080572	4
911814807	133215380	15386296	609764183	Oh!Ah!イツナロウバ!(It'snotover)このまま季節が静まろうがそうだ行ったろうかHerewegonowOh!Ah!イツナロウバ!(It'snotover)次の季節が見つかろうが今日は行ったろうかHerewegonow	おーあーいつなろうばこのままきせつがしずまろうがそうだいったろうかひあうぃーごーなうおーあーいつなろうばつぎのきせつがみつかろうがきょうはいったろうかひあうぃーごーなう	\\{Oh,おー\\}\\{!,\\}\\{ ,\\}\\{Ah,あー\\}\\{!,\\}\\{ ,\\}\\{イツナロウバ,いつなろうば\\}\\{!(,\\}\\{It,\\}\\{',\\}\\{s,\\}\\{ ,\\}\\{not,\\}\\{ ,\\}\\{over,\\}\\{),\\}\\{ ,\\}このまま\\{季節,きせつ\\}が\\{静まろ,しずまろ\\}うが\\{ ,\\}そうだ\\{ ,\\}\\{行っ,いっ\\}たろうか\\{ ,\\}\\{Here,ひあ\\}\\{ ,\\}\\{we,うぃー\\}\\{ ,\\}\\{go,ごー\\}\\{ ,\\}\\{now,なう\\}\\{ ,\\}\\{Oh,おー\\}\\{!,\\}\\{ ,\\}\\{Ah,あー\\}\\{!,\\}\\{ ,\\}\\{イツナロウバ,いつなろうば\\}\\{!(,\\}\\{It,\\}\\{',\\}\\{s,\\}\\{ ,\\}\\{not,\\}\\{ ,\\}\\{over,\\}\\{),\\}\\{ ,\\}\\{次,つぎ\\}の\\{季節,きせつ\\}が\\{見つかろ,みつかろ\\}うが\\{ ,\\}\\{今日,きょう\\}は\\{ ,\\}\\{行っ,いっ\\}たろうか\\{ ,\\}\\{Here,ひあ\\}\\{ ,\\}\\{we,うぃー\\}\\{ ,\\}\\{go,ごー\\}\\{ ,\\}\\{now,なう\\}\\{ ,\\}	6	2018-05-18 13:23:33.080572	2018-05-18 13:23:33.080572	2
22937602	133215380	607805222	318236322	海岸を流れる空き瓶の中ゆっくり火をつける焚き火の中まだ誰もいない空き地の中でもそう君は君のまま	かいがんをながれるあきびんのなかゆっくりひをつけるたきびのなかまだだれもいないあきちのなかでもそうきみはきみのまま	\\{海岸,かいがん\\}を\\{流れる,ながれる\\}\\{空き,あき\\}\\{瓶,びん\\}の\\{中,なか\\}\\{ ,\\}ゆっくり\\{火,ひ\\}をつける\\{焚き火,たきび\\}の\\{中,なか\\}\\{ ,\\}まだ\\{誰,だれ\\}もいない\\{空き地,あきち\\}の\\{中,なか\\}\\{ ,\\}でも\\{ ,\\}そう\\{ ,\\}\\{君,きみ\\}は\\{君,きみ\\}のまま\\{ ,\\}	7	2018-05-18 13:23:33.080572	2018-05-18 13:23:33.080572	5
299965843	133215380	434322821	318236322	そいつは勝手にやって来てまた勝手に去って行くそしてオレ達はまた変わっていく神にだって誓っていい身を焦がすほどの熱を気にも止めず太陽以外何も求めず息継ぎもせず瞬きもせずひたすら遊ぶ働きもせずこの調子でとばすかタイムアップまではもーあとわずか肌は色をおとし今年もオレを1人ここに残し徐々に次第に弱った紫外線まだ何も終わっちゃいないぜワンサゲン騒げ行くぜ朝から朝まで朝まで	そいつはかってにやってきてまたかってにさっていくそしておれたちはまたかわっていくかみにだってちかっていいみをこがすほどのねつをきにもとめずたいよういがいなにももとめずいきつぎもせずまばたきもせずひたすらあそぶはたらきもせずこのちょうしでとばすかたいむあっぷまではもーあとわずかはだはいろをおとしことしもおれをひとりここにのこしじょじょにしだいによわったしがいせんまだなにもおわっちゃいないぜわんさげんさわげいくぜあさからあさまであさまで	そいつは\\{勝手,かって\\}に\\{やって来,やってき\\}て\\{ ,\\}また\\{勝手,かって\\}に\\{去っ,さっ\\}て\\{行く,いく\\}\\{ ,\\}そして\\{オレ,おれ\\}\\{達,たち\\}はまた\\{変わっ,かわっ\\}ていく\\{ ,\\}\\{神,かみ\\}にだって\\{誓っ,ちかっ\\}ていい\\{ ,\\}\\{身,み\\}を\\{焦がす,こがす\\}ほどの\\{熱,ねつ\\}を\\{気,き\\}にも\\{止め,とめ\\}ず\\{ ,\\}\\{太陽,たいよう\\}\\{以外,いがい\\}\\{何,なに\\}も\\{求め,もとめ\\}ず\\{ ,\\}\\{息継ぎ,いきつぎ\\}もせず\\{ ,\\}\\{瞬き,まばたき\\}もせず\\{ ,\\}ひたすら\\{遊ぶ,あそぶ\\}\\{ ,\\}\\{働き,はたらき\\}もせず\\{ ,\\}この\\{調子,ちょうし\\}でとばすか\\{ ,\\}\\{タイムアップ,たいむあっぷ\\}まではもーあとわずか\\{ ,\\}\\{肌,はだ\\}は\\{色,いろ\\}をおとし\\{ ,\\}\\{今年,ことし\\}も\\{オレ,おれ\\}を\\{1人,ひとり\\}\\{ ,\\}ここに\\{残し,のこし\\}\\{ ,\\}\\{徐々に,じょじょに\\}\\{次第に,しだいに\\}\\{弱っ,よわっ\\}た\\{紫外線,しがいせん\\}\\{ ,\\}まだ\\{何,なに\\}も\\{終わっ,おわっ\\}ちゃいないぜ\\{ ,\\}\\{ワンサゲン,わんさげん\\}\\{騒げ,さわげ\\}\\{行く,いく\\}ぜ\\{朝,あさ\\}から\\{ ,\\}\\{朝,あさ\\}まで\\{ ,\\}\\{朝,あさ\\}まで\\{ ,\\}	8	2018-05-18 13:23:33.080572	2018-05-18 13:23:33.080572	6
652619016	133215380	15386296	609764183	Oh!Ah!イツナロウバ!(It'snotover)このまま季節が静まろうがそうだ行ったろうかHerewegonowOh!Ah!イツナロウバ!(It'snotover)次の季節が見つかろうが今日は行ったろうかHerewegonow	おーあーいつなろうばこのままきせつがしずまろうがそうだいったろうかひあうぃーごーなうおーあーいつなろうばつぎのきせつがみつかろうがきょうはいったろうかひあうぃーごーなう	\\{Oh,おー\\}\\{!,\\}\\{ ,\\}\\{Ah,あー\\}\\{!,\\}\\{ ,\\}\\{イツナロウバ,いつなろうば\\}\\{!(,\\}\\{It,\\}\\{',\\}\\{s,\\}\\{ ,\\}\\{not,\\}\\{ ,\\}\\{over,\\}\\{),\\}\\{ ,\\}このまま\\{季節,きせつ\\}が\\{静まろ,しずまろ\\}うが\\{ ,\\}そうだ\\{ ,\\}\\{行っ,いっ\\}たろうか\\{ ,\\}\\{Here,ひあ\\}\\{ ,\\}\\{we,うぃー\\}\\{ ,\\}\\{go,ごー\\}\\{ ,\\}\\{now,なう\\}\\{ ,\\}\\{Oh,おー\\}\\{!,\\}\\{ ,\\}\\{Ah,あー\\}\\{!,\\}\\{ ,\\}\\{イツナロウバ,いつなろうば\\}\\{!(,\\}\\{It,\\}\\{',\\}\\{s,\\}\\{ ,\\}\\{not,\\}\\{ ,\\}\\{over,\\}\\{),\\}\\{ ,\\}\\{次,つぎ\\}の\\{季節,きせつ\\}が\\{見つかろ,みつかろ\\}うが\\{ ,\\}\\{今日,きょう\\}は\\{ ,\\}\\{行っ,いっ\\}たろうか\\{ ,\\}\\{Here,ひあ\\}\\{ ,\\}\\{we,うぃー\\}\\{ ,\\}\\{go,ごー\\}\\{ ,\\}\\{now,なう\\}\\{ ,\\}\\{ ,\\}	9	2018-05-18 13:23:33.080572	2018-05-18 13:23:33.080572	3
981205690	88824876	15386296	609764183	HEYDJいいぜくれよガンガンFunkyBeatいい感じになろうアンビリーバボーTIMEGOODGOODGOODGOODTIME!HEYDJいいぜくれよガンガンFunkyBeatいい感じになろうアンビリーバボーTIMEGOODGOODGOODGOODTIME!	へいでぃーじぇーいいぜくれよがんがんふぁんきーびーといいかんじになろうあんびりーばぼーたいむぐっどぐっどぐっどぐっどたいむへいでぃーじぇーいいぜくれよがんがんふぁんきーびーといいかんじになろうあんびりーばぼーたいむぐっどぐっどぐっどぐっどたいむ	\\{HEY,へい\\}\\{ ,\\}\\{DJ,でぃーじぇー\\}\\{ ,\\}いいぜくれよ\\{ ,\\}\\{ガンガン,がんがん\\}\\{Funky,ふぁんきー\\}\\{ ,\\}\\{Beat,びーと\\}\\{ ,\\}いい\\{感じ,かんじ\\}になろう\\{ ,\\}\\{アンビリーバボー,あんびりーばぼー\\}\\{TIME,たいむ\\}\\{ ,\\}\\{GOOD,ぐっど\\}\\{ ,\\}\\{GOOD,ぐっど\\}\\{ ,\\}\\{GOOD,ぐっど\\}\\{ ,\\}\\{GOOD,ぐっど\\}\\{ ,\\}\\{TIME,たいむ\\}\\{!,\\}\\{ ,\\}\\{HEY,へい\\}\\{ ,\\}\\{DJ,でぃーじぇー\\}\\{ ,\\}いいぜくれよ\\{ ,\\}\\{ガンガン,がんがん\\}\\{Funky,ふぁんきー\\}\\{ ,\\}\\{Beat,びーと\\}\\{ ,\\}いい\\{感じ,かんじ\\}になろう\\{ ,\\}\\{アンビリーバボー,あんびりーばぼー\\}\\{TIME,たいむ\\}\\{ ,\\}\\{GOOD,ぐっど\\}\\{ ,\\}\\{GOOD,ぐっど\\}\\{ ,\\}\\{GOOD,ぐっど\\}\\{ ,\\}\\{GOOD,ぐっど\\}\\{ ,\\}\\{TIME,たいむ\\}\\{!,\\}\\{ ,\\}\\{ ,\\}	1	2018-05-18 13:23:33.080572	2018-05-18 13:23:33.080572	1
594891526	88824876	15386296	318236322	このオレがSaturdaynightleader(OK、オーライ)ただではいりなバカでハイになって灰になっていこう知ったふりで愛しあっていこうcomin'，comin'at混み混みなフロアのバイブス飲み込みなドキドキだ今くどき時だどきなリトルのお通りだ夜通しだ土曜日は故障しな踊りなここが土俵際予想以外のコトが待ってるぜきっとあの娘ならかまってくれる(さぁ)近よってくなんとなく左の胸がはじめるカウントダウン3.2.1.0.何でもできそうな今夜は万華鏡みたいなミラーボールが月の代わり太陽のない国の灯り朝は来ないぜそれぞれの押せ押せモードでON&ON&ON	このおれがさたでーないとりーだーおーけーおーらいただではいりなばかではいになってはいになっていこうしったふりであいしあっていこうかみんかみんあっとこみこみなふろあのばいぶすのみこみなどきどきだいまくどきどきだどきなりとるのおとおりだよどおしだどようびはこしょうしなおどりなここがどひょうぎわよそういがいのことがまってるぜきっとあのこならかまってくれるさぁちかよってくなんとなくひだりのむねがはじめるかうんとだうんすりーつーわんぜろなんでもできそうなこんやはまんげきょうみたいなみらーぼーるがつきのかわりたいようのないくにのあかりあさはこないぜそれぞれのおせおせもーどでおんあんどおんあんどおん	この\\{オレ,おれ\\}が\\{Saturday,さたでー\\}\\{ ,\\}\\{night,ないと\\}\\{ ,\\}\\{leader,りーだー\\}\\{ ,\\}\\{(,\\}\\{OK,おーけー\\}\\{、,\\}\\{オー,おー\\}\\{ライ,らい\\}\\{),\\}\\{ ,\\}ただではいりな\\{ ,\\}\\{バカ,ばか\\}で\\{ハイ,はい\\}になって\\{灰,はい\\}になっていこう\\{ ,\\}\\{知っ,しっ\\}たふりで\\{愛し,あいし\\}あっていこう\\{ ,\\}\\{comin,かみん\\}\\{'，,\\}\\{ ,\\}\\{comin,かみん\\}\\{',\\}\\{at,あっと\\}\\{ ,\\}\\{混み,こみ\\}\\{混み,こみ\\}な\\{ ,\\}\\{フロア,ふろあ\\}の\\{バイ,ばい\\}\\{ブス,ぶす\\}\\{飲み込み,のみこみ\\}な\\{ ,\\}\\{ドキドキ,どきどき\\}だ\\{今,いま\\}くどき\\{時,どき\\}だ\\{ ,\\}どきな\\{リトル,りとる\\}のお\\{通り,とおり\\}だ\\{ ,\\}\\{夜通し,よどおし\\}だ\\{土曜日,どようび\\}は\\{故障,こしょう\\}しな\\{ ,\\}\\{踊り,おどり\\}なここが\\{土俵際,どひょうぎわ\\}\\{ ,\\}\\{予想,よそう\\}\\{以外,いがい\\}の\\{コト,こと\\}が\\{待っ,まっ\\}てるぜ\\{ ,\\}きっとあの\\{娘,こ\\}ならかまってくれる\\{ ,\\}\\{(,\\}さぁ\\{),\\}\\{ ,\\}\\{近,ちか\\}よってくなんとなく\\{ ,\\}\\{左,ひだり\\}の\\{胸,むね\\}がはじめる\\{カウントダウン,かうんとだうん\\}\\{ ,\\}\\{3,すりー\\}\\{.,\\}\\{2,つー\\}\\{.,\\}\\{1,わん\\}\\{.,\\}\\{0,ぜろ\\}\\{.,\\}\\{何,なん\\}でもできそうな\\{今夜,こんや\\}は\\{万華鏡,まんげきょう\\}\\{ ,\\}みたいな\\{ミラー,みらー\\}\\{ボール,ぼーる\\}が\\{月,つき\\}の\\{代わり,かわり\\}\\{ ,\\}\\{太陽,たいよう\\}のない\\{国,くに\\}の\\{灯り,あかり\\}\\{ ,\\}\\{朝,あさ\\}は\\{来,こ\\}ないぜそれぞれの\\{押せ,おせ\\}\\{押せ,おせ\\}\\{モード,もーど\\}で\\{ ,\\}\\{ON,おん\\}\\{ ,\\}\\{&,あんど\\}\\{ ,\\}\\{ON,おん\\}\\{ ,\\}\\{&,あんど\\}\\{ ,\\}\\{ON,おん\\}\\{ ,\\}\\{ ,\\}	2	2018-05-18 13:23:33.080572	2018-05-18 13:23:33.080572	1
343040919	88824876	15386296	609764183	HEYDJいいぜくれよガンガンFunkyBeatいい感じになろうアンビリーバボーTIMEGOODGOODGOODGOODTIME!HEYDJいいぜくれよガンガンFunkyBeatいい感じになろうアンビリーバボーTIMEGOODGOODGOODGOODTIME!	へいでぃーじぇーいいぜくれよがんがんふぁんきーびーといいかんじになろうあんびりーばぼーたいむぐっどぐっどぐっどぐっどたいむへいでぃーじぇーいいぜくれよがんがんふぁんきーびーといいかんじになろうあんびりーばぼーたいむぐっどぐっどぐっどぐっどたいむ	\\{HEY,へい\\}\\{ ,\\}\\{DJ,でぃーじぇー\\}\\{ ,\\}いいぜくれよ\\{ ,\\}\\{ガンガン,がんがん\\}\\{Funky,ふぁんきー\\}\\{ ,\\}\\{Beat,びーと\\}\\{ ,\\}いい\\{感じ,かんじ\\}になろう\\{ ,\\}\\{アンビリーバボー,あんびりーばぼー\\}\\{TIME,たいむ\\}\\{ ,\\}\\{GOOD,ぐっど\\}\\{ ,\\}\\{GOOD,ぐっど\\}\\{ ,\\}\\{GOOD,ぐっど\\}\\{ ,\\}\\{GOOD,ぐっど\\}\\{ ,\\}\\{TIME,たいむ\\}\\{!,\\}\\{ ,\\}\\{HEY,へい\\}\\{ ,\\}\\{DJ,でぃーじぇー\\}\\{ ,\\}いいぜくれよ\\{ ,\\}\\{ガンガン,がんがん\\}\\{Funky,ふぁんきー\\}\\{ ,\\}\\{Beat,びーと\\}\\{ ,\\}いい\\{感じ,かんじ\\}になろう\\{ ,\\}\\{アンビリーバボー,あんびりーばぼー\\}\\{TIME,たいむ\\}\\{ ,\\}\\{GOOD,ぐっど\\}\\{ ,\\}\\{GOOD,ぐっど\\}\\{ ,\\}\\{GOOD,ぐっど\\}\\{ ,\\}\\{GOOD,ぐっど\\}\\{ ,\\}\\{TIME,たいむ\\}\\{!,\\}\\{ ,\\}\\{ ,\\}	3	2018-05-18 13:23:33.080572	2018-05-18 13:23:33.080572	2
169276982	88824876	15386296	318236322	腰揺らす今宵のリング場盛り上がる都会のKINGKONGYEAHBABYBABYCHECKITOUTY'ALLALLNIGHTDANCIN'DOTHEHUSTLE!今日はあの子とチークTIMEGETするFUNKYTONIGHT(HEYDJ)それじゃリクエストナンバーシェイクベイビシェイクベイビシャナンナーやまない音に揺られおどる行くぜWEEKDAYの疲れをとる浮かれとこう爆音テラピー飲んでない(飲んでるぜ)へこんでるぜへっこんでないと今日は言っとかねーとここにゃここだけのヒットパレードきっと誰もかれもがそうこの場所だけでは朝まで飛ばそうYO!スポットライトの影に浮かぶ一晩のパーティの中に深く踊り続けたまま「いつ寝るの?」なんて言わずにあの曲リクエスト	こしゆらすこよいのりんぐじょうもりあがるとかいのきんぐこんぐいぇーべいびーべいびーちぇっくいっとあうとよーるおーるないとだんしんどぅーざはっするきょうはあのことちーくたいむげっとするふぁんきーとぅないとへいでぃーじぇーそれじゃりくえすとなんばーしぇいくべいびしぇいくべいびしゃなんなーやまないおとにゆられおどるいくぜうぃーくでーのつかれをとるうかれとこうばくおんてらぴーのんでないのんでるぜへこんでるぜへっこんでないときょうはいっとかねーとここにゃここだけのひっとぱれーどきっとだれもかれもがそうこのばしょだけではあさまでとばそうよーすぽっとらいとのかげにうかぶひとばんのぱーてぃのなかにふかくおどりつづけたままいつねるのなんていわずにあのきょくりくえすと	\\{腰,こし\\}\\{揺らす,ゆらす\\}\\{今宵,こよい\\}の\\{リング,りんぐ\\}\\{場,じょう\\}\\{ ,\\}\\{盛り上がる,もりあがる\\}\\{都会,とかい\\}の\\{KING,きんぐ\\}\\{ ,\\}\\{KONG,こんぐ\\}\\{ ,\\}\\{YEAH,いぇー\\}\\{ ,\\}\\{BABY,べいびー\\}\\{ ,\\}\\{BABY,べいびー\\}\\{ ,\\}\\{CHECK,ちぇっく\\}\\{ ,\\}\\{IT,いっと\\}\\{ ,\\}\\{OUT,あうと\\}\\{ ,\\}\\{Y'ALL,よーる\\}\\{ ,\\}\\{ALL,おーる\\}\\{ ,\\}\\{NIGHT,ないと\\}\\{ ,\\}\\{DANCIN,だんしん\\}\\{',\\}\\{ ,\\}\\{DO,どぅー\\}\\{ ,\\}\\{THE,ざ\\}\\{ ,\\}\\{HUSTLE,はっする\\}\\{!,\\}\\{ ,\\}\\{今日,きょう\\}はあの\\{子,こ\\}と\\{チーク,ちーく\\}\\{TIME,たいむ\\}\\{ ,\\}\\{GET,げっと\\}する\\{FUNKY,ふぁんきー\\}\\{ ,\\}\\{TONIGHT,とぅないと\\}\\{ ,\\}\\{(,\\}\\{HEY,へい\\}\\{ ,\\}\\{DJ,でぃーじぇー\\}\\{),\\}それじゃ\\{リクエスト,りくえすと\\}\\{ナンバー,なんばー\\}\\{ ,\\}\\{シェイクベイビ,しぇいくべいび\\}\\{ ,\\}\\{シェイクベイビ,しぇいくべいび\\}\\{ ,\\}\\{シャナンナー,しゃなんなー\\}\\{ ,\\}やまない\\{音,おと\\}に\\{揺ら,ゆら\\}れおどる\\{ ,\\}\\{行く,いく\\}ぜ\\{WEEK,うぃーく\\}\\{ ,\\}\\{DAY,でー\\}の\\{疲れ,つかれ\\}をとる\\{ ,\\}\\{浮かれ,うかれ\\}とこう\\{ ,\\}\\{爆音,ばくおん\\}\\{テラピー,てらぴー\\}\\{ ,\\}\\{飲ん,のん\\}でない\\{ ,\\}\\{(,\\}\\{飲ん,のん\\}でるぜ\\{),\\}\\{ ,\\}へこんでるぜ\\{ ,\\}へっこんでないと\\{今日,きょう\\}は\\{言っ,いっ\\}とかねーと\\{ ,\\}ここにゃここだけの\\{ヒット,ひっと\\}\\{パレード,ぱれーど\\}\\{ ,\\}きっと\\{誰,だれ\\}もかれもがそう\\{ ,\\}この\\{場所,ばしょ\\}だけでは\\{朝,あさ\\}まで\\{飛ばそ,とばそ\\}う\\{ ,\\}\\{YO,よー\\}\\{!,\\}\\{ ,\\}\\{スポットライト,すぽっとらいと\\}の\\{影,かげ\\}に\\{浮かぶ,うかぶ\\}\\{一,ひと\\}\\{晩,ばん\\}の\\{パーティ,ぱーてぃ\\}の\\{中,なか\\}に\\{深く,ふかく\\}\\{ ,\\}\\{踊り,おどり\\}\\{続け,つづけ\\}たまま\\{「,\\}いつ\\{寝る,ねる\\}の\\{?」,\\}\\{ ,\\}なんて\\{言わ,いわ\\}ずに\\{ ,\\}あの\\{曲,きょく\\}\\{リクエスト,りくえすと\\}\\{ ,\\}\\{ ,\\}	4	2018-05-18 13:23:33.080572	2018-05-18 13:23:33.080572	2
1024575137	88824876	15386296	609764183	HEYDJいいぜくれよガンガンFunkyBeatいい感じになろうアンビリーバボーTIMEGOODGOODGOODGOODTIME!	へいでぃーじぇーいいぜくれよがんがんふぁんきーびーといいかんじになろうあんびりーばぼーたいむぐっどぐっどぐっどぐっどたいむ	\\{HEY,へい\\}\\{ ,\\}\\{DJ,でぃーじぇー\\}\\{ ,\\}いいぜくれよ\\{ ,\\}\\{ガンガン,がんがん\\}\\{Funky,ふぁんきー\\}\\{ ,\\}\\{Beat,びーと\\}\\{ ,\\}いい\\{感じ,かんじ\\}になろう\\{ ,\\}\\{アンビリーバボー,あんびりーばぼー\\}\\{TIME,たいむ\\}\\{ ,\\}\\{GOOD,ぐっど\\}\\{ ,\\}\\{GOOD,ぐっど\\}\\{ ,\\}\\{GOOD,ぐっど\\}\\{ ,\\}\\{GOOD,ぐっど\\}\\{ ,\\}\\{TIME,たいむ\\}\\{!,\\}\\{ ,\\}\\{ ,\\}	5	2018-05-18 13:23:33.080572	2018-05-18 13:23:33.080572	3
605591325	88824876	15386296	318236322	OOH!BABYCOMEON!(BABY，COMEON!)誘うならいつでも手際よくさらにさりげなく明かり照らすとこに連れ出してその白い手に触れたいね冷たい目マジでこのままじゃ眠れないぜふざけてるなんてめっそーもない結構マジとにかくSHAKEYOURBODY絶叫マシーンの何百倍ぐれーのハイグレードバイブレーションブンブンベースに腰抜かすするとあいつが何だか欲しくなる星降らす夜更けのファンキーナンバー汗ばんだ体揺らすダンサースポットライトが照らす男と女いつの時代もこんな風YEAH!音楽と共に笑い共に泣き気が遠くなるほど踊りたいハズカシガラズ隣であの娘がカスカニワラウ	おーべいびーかもんべいびーかもんさそうならいつでもてぎわよくさらにさりげなくあかりてらすとこにつれだしてそのしろいてにふれたいねつめたいめまじでこのままじゃねむれないぜふざけてるなんてめっそーもないけっこうまじとにかくしぇいくゆあぼでぃーぜっきょうましーんのなんびゃくばいぐれーのはいぐれーどばいぶれーしょんぶんぶんべーすにこしぬかすするとあいつがなんだかほしくなるほしふらすよふけのふぁんきーなんばーあせばんだからだゆらすだんさーすぽっとらいとがてらすおとことおんないつのじだいもこんなふういぇーおんがくとともにわらいともになききがとおくなるほどおどりたいはずかしがらずとなりであのこがかすかにわらう	\\{OOH,おー\\}\\{!,\\}\\{ ,\\}\\{BABY,べいびー\\}\\{ ,\\}\\{COME ON,かもん\\}\\{!,\\}\\{ ,\\}\\{(,\\}\\{BABY,べいびー\\}\\{，,\\}\\{ ,\\}\\{COME ON,かもん\\}\\{!),\\}\\{ ,\\}\\{誘う,さそう\\}ならいつでも\\{手際,てぎわ\\}よく\\{ ,\\}さらにさりげなく\\{明かり,あかり\\}\\{照らす,てらす\\}とこに\\{連れ出し,つれだし\\}て\\{ ,\\}その\\{白い,しろい\\}\\{手,て\\}に\\{触れ,ふれ\\}たいね\\{ ,\\}\\{冷たい,つめたい\\}\\{目,め\\}\\{ ,\\}\\{マジ,まじ\\}でこのままじゃ\\{眠れ,ねむれ\\}ないぜ\\{ ,\\}ふざけてるなんてめっそーもない\\{結構,けっこう\\}\\{マジ,まじ\\}\\{ ,\\}とにかく\\{ ,\\}\\{SHAKE,しぇいく\\}\\{ ,\\}\\{YOUR,ゆあ\\}\\{ ,\\}\\{BODY,ぼでぃー\\}\\{ ,\\}\\{絶叫,ぜっきょう\\}\\{マシーン,ましーん\\}の\\{何,なん\\}\\{百,びゃく\\}\\{倍,ばい\\}ぐれーの\\{ハイグレードバイブレーション,はいぐれーどばいぶれーしょん\\}\\{ ,\\}\\{ブンブン,ぶんぶん\\}\\{ベース,べーす\\}に\\{腰,こし\\}\\{抜かす,ぬかす\\}\\{ ,\\}するとあいつが\\{何だか,なんだか\\}\\{欲しく,ほしく\\}なる\\{ ,\\}\\{星,ほし\\}\\{降らす,ふらす\\}\\{夜更け,よふけ\\}の\\{ファンキー,ふぁんきー\\}\\{ナンバー,なんばー\\}\\{ ,\\}\\{汗ばん,あせばん\\}だ\\{体,からだ\\}\\{揺らす,ゆらす\\}\\{ダンサー,だんさー\\}\\{ ,\\}\\{スポットライト,すぽっとらいと\\}が\\{照らす,てらす\\}\\{男,おとこ\\}と\\{女,おんな\\}\\{ ,\\}いつの\\{時代,じだい\\}もこんな\\{風,ふう\\}\\{ ,\\}\\{YEAH,いぇー\\}\\{!,\\}\\{ ,\\}\\{音楽,おんがく\\}\\{と共に,とともに\\}\\{笑い,わらい\\}\\{共,とも\\}に\\{泣き,なき\\}\\{ ,\\}\\{気,き\\}が\\{遠く,とおく\\}なるほど\\{踊り,おどり\\}たい\\{ ,\\}\\{ハズカシガラズ,はずかしがらず\\}\\{ ,\\}\\{隣,となり\\}であの\\{娘,こ\\}が\\{カスカニワラウ,かすかにわらう\\}\\{ ,\\}\\{ ,\\}	6	2018-05-18 13:23:33.080572	2018-05-18 13:23:33.080572	3
320841614	88824876	15386296	609764183	HEYDJいいぜくれよガンガンFunkyBeatいい感じになろうアンビリーバボーTIMEGOODGOODGOODGOODTIME!HEYDJいいぜくれよガンガンFunkyBeatいい感じになろうアンビリーバボーTIMEGOODGOODGOODGOODTIME!HEYDJいいぜくれよガンガンFunkyBeatいい感じになろうアンビリーバボーTIMEGOODGOODGOODGOODTIME!HEYDJいいぜくれよガンガンFunkyBeatいい感じになろうアンビリーバボーTIMEGOODGOODGOODGOODTIME!	へいでぃーじぇーいいぜくれよがんがんふぁんきーびーといいかんじになろうあんびりーばぼーたいむぐっどぐっどぐっどぐっどたいむへいでぃーじぇーいいぜくれよがんがんふぁんきーびーといいかんじになろうあんびりーばぼーたいむぐっどぐっどぐっどぐっどたいむへいでぃーじぇーいいぜくれよがんがんふぁんきーびーといいかんじになろうあんびりーばぼーたいむぐっどぐっどぐっどぐっどたいむへいでぃーじぇーいいぜくれよがんがんふぁんきーびーといいかんじになろうあんびりーばぼーたいむぐっどぐっどぐっどぐっどたいむ	\\{HEY,へい\\}\\{ ,\\}\\{DJ,でぃーじぇー\\}\\{ ,\\}いいぜくれよ\\{ ,\\}\\{ガンガン,がんがん\\}\\{Funky,ふぁんきー\\}\\{ ,\\}\\{Beat,びーと\\}\\{ ,\\}いい\\{感じ,かんじ\\}になろう\\{ ,\\}\\{アンビリーバボー,あんびりーばぼー\\}\\{TIME,たいむ\\}\\{ ,\\}\\{GOOD,ぐっど\\}\\{ ,\\}\\{GOOD,ぐっど\\}\\{ ,\\}\\{GOOD,ぐっど\\}\\{ ,\\}\\{GOOD,ぐっど\\}\\{ ,\\}\\{TIME,たいむ\\}\\{!,\\}\\{ ,\\}\\{HEY,へい\\}\\{ ,\\}\\{DJ,でぃーじぇー\\}\\{ ,\\}いいぜくれよ\\{ ,\\}\\{ガンガン,がんがん\\}\\{Funky,ふぁんきー\\}\\{ ,\\}\\{Beat,びーと\\}\\{ ,\\}いい\\{感じ,かんじ\\}になろう\\{ ,\\}\\{アンビリーバボー,あんびりーばぼー\\}\\{TIME,たいむ\\}\\{ ,\\}\\{GOOD,ぐっど\\}\\{ ,\\}\\{GOOD,ぐっど\\}\\{ ,\\}\\{GOOD,ぐっど\\}\\{ ,\\}\\{GOOD,ぐっど\\}\\{ ,\\}\\{TIME,たいむ\\}\\{!,\\}\\{ ,\\}\\{HEY,へい\\}\\{ ,\\}\\{DJ,でぃーじぇー\\}\\{ ,\\}いいぜくれよ\\{ ,\\}\\{ガンガン,がんがん\\}\\{Funky,ふぁんきー\\}\\{ ,\\}\\{Beat,びーと\\}\\{ ,\\}いい\\{感じ,かんじ\\}になろう\\{ ,\\}\\{アンビリーバボー,あんびりーばぼー\\}\\{TIME,たいむ\\}\\{ ,\\}\\{GOOD,ぐっど\\}\\{ ,\\}\\{GOOD,ぐっど\\}\\{ ,\\}\\{GOOD,ぐっど\\}\\{ ,\\}\\{GOOD,ぐっど\\}\\{ ,\\}\\{TIME,たいむ\\}\\{!,\\}\\{ ,\\}\\{HEY,へい\\}\\{ ,\\}\\{DJ,でぃーじぇー\\}\\{ ,\\}いいぜくれよ\\{ ,\\}\\{ガンガン,がんがん\\}\\{Funky,ふぁんきー\\}\\{ ,\\}\\{Beat,びーと\\}\\{ ,\\}いい\\{感じ,かんじ\\}になろう\\{ ,\\}\\{アンビリーバボー,あんびりーばぼー\\}\\{TIME,たいむ\\}\\{ ,\\}\\{GOOD,ぐっど\\}\\{ ,\\}\\{GOOD,ぐっど\\}\\{ ,\\}\\{GOOD,ぐっど\\}\\{ ,\\}\\{GOOD,ぐっど\\}\\{ ,\\}\\{TIME,たいむ\\}\\{!,\\}\\{ ,\\}	7	2018-05-18 13:23:33.080572	2018-05-18 13:23:33.080572	4
598269786	440264634	15386296	609764183	足のばす足のばす足のばすWAA!何も待つな立ち止まるなyeah!カンから目そらすなオレがへっこますまでけっとばす	あしのばすあしのばすあしのばすわーなにもまつなたちどまるないぇーかんからめそらすなおれがへっこますまでけっとばす	\\{足,あし\\}のばす\\{ ,\\}\\{足,あし\\}のばす\\{ ,\\}\\{足,あし\\}のばす\\{ ,\\}\\{WAA,わー\\}\\{!,\\}\\{ ,\\}\\{何,なに\\}も\\{待つ,まつ\\}な\\{ ,\\}\\{立ち止まる,たちどまる\\}な\\{ ,\\}\\{yeah,いぇー\\}\\{!,\\}\\{ ,\\}\\{カン,かん\\}から\\{目,め\\}そらすな\\{ ,\\}\\{オレ,おれ\\}がへっこますまでけっとばす\\{ ,\\}	1	2018-05-18 13:23:33.080572	2018-05-18 13:23:33.080572	1
983666414	440264634	607805222	318236322	もういいかいもういいよで広がる世界は予想以上にハードそれでもパニくらず立ち向かう新たなカリキュラム何喰わぬ顔で虎視眈々と(常に狙ってる)ONECHANCEを難関を越えてもすぐ次を当然探そうぜ常に前向いて挑戦また挑戦少年時代が過去に変化してもただ夢中に遊びてえんだ大人へとかたむきつつまだ無傷じゃ得られないカタルシス行くか行かないかの判断材料自分で決めたならガンガン採用突っ走ってもいいんだぜ常に見せてけ自分の進化形	もういいかいもういいよでひろがるせかいはよそういじょうにはーどそれでもぱにくらずたちむかうあらたなかりきゅらむなにくわぬかおでこしたんたんとつねにねらってるわんちゃんすをなんかんをこえてもすぐつぎをとうぜんさがそうぜつねにまえむいてちょうせんまたちょうせんしょうねんじだいがかこにへんかしてもただむちゅうにあそびてえんだおとなへとかたむきつつまだむきずじゃえられないかたるしすいくかいかないかのはんだんざいりょうじぶんできめたならがんがんさいようつっぱしってもいいんだぜつねにみせてけじぶんのしんかけい	もういいかい\\{ ,\\}もういいよで\\{ ,\\}\\{広がる,ひろがる\\}\\{世界,せかい\\}は\\{予想,よそう\\}\\{以上,いじょう\\}に\\{ハード,はーど\\}\\{ ,\\}それでも\\{パニ,ぱに\\}くらず\\{ ,\\}\\{立ち向かう,たちむかう\\}\\{ ,\\}\\{新た,あらた\\}な\\{カリキュラム,かりきゅらむ\\}\\{ ,\\}\\{何,なに\\}\\{喰わ,くわ\\}ぬ\\{顔,かお\\}で\\{ ,\\}\\{虎視眈々,こしたんたん\\}と\\{ ,\\}\\{(,\\}\\{常に,つねに\\}\\{狙っ,ねらっ\\}てる\\{),\\}\\{ONE,わん\\}\\{ ,\\}\\{CHANCE,ちゃんす\\}を\\{ ,\\}\\{難関,なんかん\\}を\\{越え,こえ\\}ても\\{ ,\\}すぐ\\{次,つぎ\\}を\\{当然,とうぜん\\}\\{探そ,さがそ\\}うぜ\\{ ,\\}\\{常に,つねに\\}\\{前,まえ\\}\\{向い,むい\\}て\\{挑戦,ちょうせん\\}また\\{挑戦,ちょうせん\\}\\{ ,\\}\\{少年,しょうねん\\}\\{時代,じだい\\}が\\{過去,かこ\\}に\\{変化,へんか\\}しても\\{ ,\\}ただ\\{夢中,むちゅう\\}に\\{遊び,あそび\\}てえんだ\\{ ,\\}\\{大人,おとな\\}へとかたむきつつ\\{ ,\\}まだ\\{無傷,むきず\\}じゃ\\{得,え\\}られない\\{カタルシス,かたるしす\\}\\{ ,\\}\\{行く,いく\\}か\\{行か,いか\\}ないかの\\{判断,はんだん\\}\\{材料,ざいりょう\\}\\{ ,\\}\\{自分,じぶん\\}で\\{決め,きめ\\}たなら\\{ ,\\}\\{ガンガン,がんがん\\}\\{採用,さいよう\\}\\{ ,\\}\\{突っ走っ,つっぱしっ\\}てもいいんだぜ\\{ ,\\}\\{常に,つねに\\}\\{見せ,みせ\\}てけ\\{自分,じぶん\\}の\\{進化,しんか\\}\\{形,けい\\}\\{ ,\\}	2	2018-05-18 13:23:33.080572	2018-05-18 13:23:33.080572	1
229031547	440264634	15386296	609764183	足のばす足のばす足のばすWAA!何も待つな立ち止まるなyeah!カンから目そらすなオレがへっこますまでけっとばす	あしのばすあしのばすあしのばすわーなにもまつなたちどまるないぇーかんからめそらすなおれがへっこますまでけっとばす	\\{足,あし\\}のばす\\{ ,\\}\\{足,あし\\}のばす\\{ ,\\}\\{足,あし\\}のばす\\{ ,\\}\\{WAA,わー\\}\\{!,\\}\\{ ,\\}\\{何,なに\\}も\\{待つ,まつ\\}な\\{ ,\\}\\{立ち止まる,たちどまる\\}な\\{ ,\\}\\{yeah,いぇー\\}\\{!,\\}\\{ ,\\}\\{カン,かん\\}から\\{目,め\\}そらすな\\{ ,\\}\\{オレ,おれ\\}がへっこますまでけっとばす\\{ ,\\}	3	2018-05-18 13:23:33.080572	2018-05-18 13:23:33.080572	2
331492314	440264634	434322821	318236322	今も変わらぬセンスまるでパリジャンたがいの違いを分かち合う価値観あの日あの時けったアキカンがオレに意味を持たしたんだこのままでここまできた以上運命とかをを信じてしまいそう最初から全て偶然見えぬ終点この先何十年顔つきあわせるこの組み合わせでぶちかませる好きなだけ(打ち負かせる)そうさ変な期待も未来も時代も意外とチョロイだろ届いたろカンの音がキッカケなんて何のことかわかんねえそんな瞬間瞬間に隠れてるのさふんだんに	いまもかわらぬせんすまるでぱりじゃんたがいのちがいをわかちあうかちかんあのひあのときけったあきかんがおれにいみをもたしたんだこのままでここまできたいじょううんめいとかををしんじてしまいそうさいしょからすべてぐうぜんみえぬしゅうてんこのさきなんじゅうねんかおつきあわせるこのくみあわせでぶちかませるすきなだけうちまかせるそうさへんなきたいもみらいもじだいもいがいとちょろいだろとどいたろかんのおとがきっかけなんてなんのことかわかんねえそんなしゅんかんしゅんかんにかくれてるのさふんだんに	\\{今,いま\\}も\\{変わら,かわら\\}ぬ\\{センス,せんす\\}\\{ ,\\}まるで\\{パリジャン,ぱりじゃん\\}\\{ ,\\}たがいの\\{違い,ちがい\\}を\\{分かち,わかち\\}\\{合う,あう\\}\\{価値,かち\\}\\{観,かん\\}\\{ ,\\}あの\\{日,ひ\\}あの\\{時,とき\\}けった\\{アキカン,あきかん\\}が\\{ ,\\}\\{オレ,おれ\\}に\\{意味,いみ\\}を\\{持たし,もたし\\}たんだ\\{ ,\\}このままで\\{ ,\\}ここまできた\\{以上,いじょう\\}\\{ ,\\}\\{運命,うんめい\\}とかをを\\{信じ,しんじ\\}てしまいそう\\{ ,\\}\\{最初,さいしょ\\}から\\{全て,すべて\\}\\{偶然,ぐうぜん\\}\\{ ,\\}\\{見え,みえ\\}ぬ\\{終点,しゅうてん\\}\\{ ,\\}この\\{先,さき\\}\\{何,なん\\}\\{十,じゅう\\}\\{年,ねん\\}\\{ ,\\}\\{顔,かお\\}つきあわせる\\{ ,\\}この\\{組み合わせ,くみあわせ\\}で\\{ ,\\}ぶちかませる\\{ ,\\}\\{好き,すき\\}なだけ\\{ ,\\}\\{(,\\}\\{打ち,うち\\}\\{負かせる,まかせる\\}\\{),\\}\\{ ,\\}そうさ\\{変,へん\\}な\\{期待,きたい\\}も\\{ ,\\}\\{未来,みらい\\}も\\{時代,じだい\\}も\\{意外と,いがいと\\}\\{チョロイ,ちょろい\\}だろ\\{ ,\\}\\{届い,とどい\\}たろ\\{カン,かん\\}の\\{音,おと\\}が\\{ ,\\}\\{キッカケ,きっかけ\\}なんて\\{何,なん\\}のことか\\{ ,\\}わかんねえ\\{ ,\\}そんな\\{瞬間,しゅんかん\\}\\{瞬間,しゅんかん\\}に\\{ ,\\}\\{隠れ,かくれ\\}てるのさふんだんに\\{ ,\\}	4	2018-05-18 13:23:33.080572	2018-05-18 13:23:33.080572	2
616897361	440264634	15386296	609764183	足のばす足のばす足のばすWAA!何も待つな立ち止まるなyeah!カンから目そらすなオレがへっこますまでけっとばす	あしのばすあしのばすあしのばすわーなにもまつなたちどまるないぇーかんからめそらすなおれがへっこますまでけっとばす	\\{足,あし\\}のばす\\{ ,\\}\\{足,あし\\}のばす\\{ ,\\}\\{足,あし\\}のばす\\{ ,\\}\\{WAA,わー\\}\\{!,\\}\\{ ,\\}\\{何,なに\\}も\\{待つ,まつ\\}な\\{ ,\\}\\{立ち止まる,たちどまる\\}な\\{ ,\\}\\{yeah,いぇー\\}\\{!,\\}\\{ ,\\}\\{カン,かん\\}から\\{目,め\\}そらすな\\{ ,\\}\\{オレ,おれ\\}がへっこますまでけっとばす\\{ ,\\}	5	2018-05-18 13:23:33.080572	2018-05-18 13:23:33.080572	3
1069195661	106544218	15386296	609764183	上がってんの?下がってんの?皆はっきり言っとけ!(上がってる!)yeah!誰も置いてかない。こっちの世界も覗いてかない?連れてきたい触れてみたい…てか、全て見たいんだ!	あがってんのさがってんのみんなはっきりいっとけあがってるいぇーだれもおいてかないこっちのせかいものぞいてかないつれてきたいふれてみたいてかすべてみたいんだ	\\{上がっ,あがっ\\}てんの\\{?,\\}\\{ ,\\}\\{下がっ,さがっ\\}てんの\\{?,\\}\\{ ,\\}\\{皆,みんな\\}はっきり\\{言っ,いっ\\}とけ\\{!,\\}\\{ ,\\}\\{(,\\}\\{上がっ,あがっ\\}てる\\{!),\\}\\{ ,\\}\\{yeah,いぇー\\}\\{!,\\}\\{ ,\\}\\{誰,だれ\\}も\\{置い,おい\\}てかない\\{。,\\}\\{ ,\\}こっちの\\{世界,せかい\\}も\\{覗い,のぞい\\}てかない\\{?,\\}\\{ ,\\}\\{連れ,つれ\\}てきたい\\{ ,\\}\\{触れ,ふれ\\}てみたい\\{ ,\\}\\{…,\\}てか\\{、,\\}\\{全て,すべて\\}\\{見,み\\}たいんだ\\{!,\\}\\{ ,\\}	3	2018-05-18 13:23:33.080572	2018-05-18 13:23:33.080572	1
1036798709	440264634	301022393	318236322	始まりはそういつも何もなくくすんだ宇宙に向け足伸ばすたとえ転んでも目標がそこにあれば走りだすトムソーヤそうチャチャいれるオニばっかの砦を抜けて約束の土地へ向かう永遠の冒険野郎いつの時代も少年はそう今日もまた沈んでく夕日を眺め問う自分へただがむしゃらだけで挑んだ先に写し出されるビジョンはカンを蹴りとばす近未来必ず行けると信じたい皆に栄光を勝利をつかめこの遊びがなくなるまで	はじまりはそういつもなにもなくくすんだうちゅうにむけあしのばすたとえころんでももくひょうがそこにあればはしりだすとむそーやそうちゃちゃいれるおにばっかのとりでをぬけてやくそくのとちへむかうえいえんのぼうけんやろういつのじだいもしょうねんはそうきょうもまたしずんでくゆうひをながめとうじぶんへただがむしゃらだけでいどんださきにうつしだされるびじょんはかんをけりとばすきんみらいかならずいけるとしんじたいみなにえいこうをしょうりをつかめこのあそびがなくなるまで	\\{始まり,はじまり\\}はそう\\{ ,\\}いつも\\{何,なに\\}もなく\\{ ,\\}くすんだ\\{宇宙,うちゅう\\}に\\{向け,むけ\\}\\{足,あし\\}\\{伸ばす,のばす\\}\\{ ,\\}たとえ\\{転ん,ころん\\}でも\\{目標,もくひょう\\}が\\{ ,\\}そこにあれば\\{走り,はしり\\}だす\\{トムソーヤ,とむそーや\\}\\{ ,\\}そう\\{チャチャ,ちゃちゃ\\}いれる\\{オニ,おに\\}ばっかの\\{ ,\\}\\{砦,とりで\\}を\\{抜け,ぬけ\\}て\\{約束,やくそく\\}の\\{土地,とち\\}へ\\{ ,\\}\\{向かう,むかう\\}\\{永遠,えいえん\\}の\\{冒険,ぼうけん\\}\\{野郎,やろう\\}\\{ ,\\}いつの\\{時代,じだい\\}も\\{少年,しょうねん\\}はそう\\{ ,\\}\\{今日,きょう\\}もまた\\{沈ん,しずん\\}でく\\{ ,\\}\\{夕日,ゆうひ\\}を\\{眺め,ながめ\\}\\{問う,とう\\}\\{自分,じぶん\\}へ\\{ ,\\}ただがむしゃらだけで\\{挑ん,いどん\\}だ\\{ ,\\}\\{先,さき\\}に\\{写し出さ,うつしださ\\}れる\\{ビジョン,びじょん\\}は\\{ ,\\}\\{カン,かん\\}を\\{蹴り,けり\\}とばす\\{近,きん\\}\\{未来,みらい\\}\\{ ,\\}\\{必ず,かならず\\}\\{行ける,いける\\}と\\{信じ,しんじ\\}たい\\{ ,\\}\\{皆,みな\\}に\\{栄光,えいこう\\}を\\{ ,\\}\\{勝利,しょうり\\}をつかめ\\{ ,\\}この\\{遊び,あそび\\}がなくなるまで\\{ ,\\}	6	2018-05-18 13:23:33.080572	2018-05-18 13:23:33.080572	3
181107298	440264634	15386296	609764183	足のばす足のばす足のばすWAA!何も待つな立ち止まるなyeah!カンから目そらすなオレがへっこますまでけっとばす	あしのばすあしのばすあしのばすわーなにもまつなたちどまるないぇーかんからめそらすなおれがへっこますまでけっとばす	\\{足,あし\\}のばす\\{ ,\\}\\{足,あし\\}のばす\\{ ,\\}\\{足,あし\\}のばす\\{ ,\\}\\{WAA,わー\\}\\{!,\\}\\{ ,\\}\\{何,なに\\}も\\{待つ,まつ\\}な\\{ ,\\}\\{立ち止まる,たちどまる\\}な\\{ ,\\}\\{yeah,いぇー\\}\\{!,\\}\\{ ,\\}\\{カン,かん\\}から\\{目,め\\}そらすな\\{ ,\\}\\{オレ,おれ\\}がへっこますまでけっとばす\\{ ,\\}	7	2018-05-18 13:23:33.080572	2018-05-18 13:23:33.080572	4
844390799	1069607210	301022393	318236322	また今日も大地に残す足跡笑い声と頬濡らす涙と言う名の光と空しさの影を背負って覗く明日を今ここに生きる形が写し出す喜びと悲しさ全て身にまとい明日の為何かを犠牲にし出す答え進化をとげていく星ひしめき合い共存し合う時の中に生まれ死んでいく者へ絶大な愛情よ届け時代は回り続けるまた明日の未来に少し震える神が綴る台本の中で自然が生んだ掟の中で	またきょうもだいちにのこすあしあとわらいごえとほほぬらすなみだというなのひかりとむなしさのかげをせおってのぞくあしたをいまここにいきるかたちがうつしだすよろこびとかなしさすべてみにまといあすのためなにかをぎせいにしだすこたえしんかをとげていくほしひしめきあいきょうぞんしあうときのなかにうまれしんでいくものへぜつだいなあいじょうよとどけじだいはまわりつづけるまたあすのみらいにすこしふるえるかみがつづるだいほんのなかでしぜんがうんだおきてのなかで	また\\{今日,きょう\\}も\\{大地,だいち\\}に\\{残す,のこす\\}\\{足跡,あしあと\\}\\{ ,\\}\\{笑い声,わらいごえ\\}と\\{頬,ほほ\\}\\{濡らす,ぬらす\\}\\{涙,なみだ\\}と\\{言う,いう\\}\\{名,な\\}の\\{ ,\\}\\{光,ひかり\\}と\\{空し,むなし\\}さの\\{影,かげ\\}を\\{背負っ,せおっ\\}て\\{覗く,のぞく\\}\\{明日,あした\\}を\\{ ,\\}\\{今,いま\\}ここに\\{生きる,いきる\\}\\{形,かたち\\}が\\{写し出す,うつしだす\\}\\{喜び,よろこび\\}と\\{悲し,かなし\\}さ\\{ ,\\}\\{全て,すべて\\}\\{身,み\\}にまとい\\{明日,あす\\}の\\{為,ため\\}\\{ ,\\}\\{何,なに\\}かを\\{犠牲,ぎせい\\}にし\\{出す,だす\\}\\{答え,こたえ\\}\\{ ,\\}\\{進化,しんか\\}をとげていく\\{星,ほし\\}\\{ ,\\}\\{ひしめき合い,ひしめきあい\\}\\{共存,きょうぞん\\}し\\{合う,あう\\}\\{時,とき\\}の\\{中,なか\\}に\\{ ,\\}\\{生まれ,うまれ\\}\\{死ん,しん\\}でいく\\{者,もの\\}へ\\{ ,\\}\\{絶大,ぜつだい\\}な\\{愛情,あいじょう\\}よ\\{届け,とどけ\\}\\{ ,\\}\\{時代,じだい\\}は\\{回り,まわり\\}\\{続ける,つづける\\}\\{ ,\\}また\\{明日,あす\\}の\\{未来,みらい\\}に\\{少し,すこし\\}\\{震える,ふるえる\\}\\{ ,\\}\\{神,かみ\\}が\\{綴る,つづる\\}\\{台本,だいほん\\}の\\{中,なか\\}で\\{ ,\\}\\{自然,しぜん\\}が\\{生ん,うん\\}だ\\{掟,おきて\\}の\\{中,なか\\}で\\{ ,\\}	1	2018-05-18 13:23:33.080572	2018-05-18 13:23:33.080572	1
727527479	1069607210	15386296	609764183	海、雨、川、日の光街、ビル、道、命達全部重なり合いうたい揺れる大舞台ライフライン月、風、山、緑達祈り、想い、知恵しぼり出し全部重なり合いうたい揺れる大舞台ライフライン	うみあめかわひのひかりまちびるみちいのちたちぜんぶかさなりあいうたいゆれるだいぶたいらいふらいんつきかぜやまみどりたちいのりおもいちえしぼりだしぜんぶかさなりあいうたいゆれるだいぶたいらいふらいん	\\{海,うみ\\}\\{、,\\}\\{雨,あめ\\}\\{、,\\}\\{川,かわ\\}\\{、,\\}\\{日,ひ\\}の\\{光,ひかり\\}\\{ ,\\}\\{街,まち\\}\\{、,\\}\\{ビル,びる\\}\\{、,\\}\\{道,みち\\}\\{、,\\}\\{命,いのち\\}\\{達,たち\\}\\{ ,\\}\\{全部,ぜんぶ\\}\\{重なり合い,かさなりあい\\}うたい\\{揺れる,ゆれる\\}\\{大,だい\\}\\{舞台,ぶたい\\}\\{ ,\\}\\{ライフライン,らいふらいん\\}\\{ ,\\}\\{月,つき\\}\\{、,\\}\\{風,かぜ\\}\\{、,\\}\\{山,やま\\}\\{、,\\}\\{緑,みどり\\}\\{達,たち\\}\\{ ,\\}\\{祈り,いのり\\}\\{、,\\}\\{想い,おもい\\}\\{、,\\}\\{知恵,ちえ\\}\\{ ,\\}しぼり\\{出し,だし\\}\\{ ,\\}\\{全部,ぜんぶ\\}\\{重なり合い,かさなりあい\\}うたい\\{揺れる,ゆれる\\}\\{大,だい\\}\\{舞台,ぶたい\\}\\{ ,\\}\\{ライフライン,らいふらいん\\}\\{ ,\\}	2	2018-05-18 13:23:33.080572	2018-05-18 13:23:33.080572	1
475660454	1069607210	607805222	318236322	与えられた命、信じてみなあらゆる営みが神秘的だそうオレたちは自然の一部豊かな実りを授かり生きる太陽の導き、潮の満ち引きで一日のリズム築く何億年前から天が指揮取る時間の中に生きよう一生はまるで短編小説ドラマティックに完成しようぜ時に助け合う男と女でがむしゃらに生きるぜとことんまで一生懸命を恥ずかしがるな堪らず流れ出す涙すら幾千の時と幾千の命がめぐりあった必然	あたえられたいのちしんじてみなあらゆるいとなみがしんぴてきだそうおれたちはしぜんのいちぶゆたかなみのりをさずかりいきるたいようのみちびきしおのみちひきでいちにちのりずむきずくなんおくねんまえからてんがしきとるじかんのなかにいきよういっしょうはまるでたんぺんしょうせつどらまてぃっくにかんせいしようぜときにたすけあうおとことおんなでがむしゃらにいきるぜとことんまでいっしょうけんめいをはずかしがるなたまらずながれだすなみだすらいくせんのときといくせんのいのちがめぐりあったひつぜん	\\{与え,あたえ\\}られた\\{命,いのち\\}\\{、,\\}\\{信じ,しんじ\\}てみな\\{ ,\\}あらゆる\\{営み,いとなみ\\}が\\{神秘,しんぴ\\}\\{的,てき\\}だ\\{ ,\\}そう\\{オレ,おれ\\}たちは\\{自然,しぜん\\}の\\{一部,いちぶ\\}\\{ ,\\}\\{豊か,ゆたか\\}な\\{実り,みのり\\}を\\{授かり,さずかり\\}\\{生きる,いきる\\}\\{ ,\\}\\{太陽,たいよう\\}の\\{導き,みちびき\\}\\{、,\\}\\{潮,しお\\}の\\{満ち,みち\\}\\{引き,ひき\\}で\\{ ,\\}\\{一,いち\\}\\{日,にち\\}の\\{リズム,りずむ\\}\\{築く,きずく\\}\\{ ,\\}\\{何,なん\\}\\{億,おく\\}\\{年,ねん\\}\\{前,まえ\\}から\\{天,てん\\}が\\{指揮,しき\\}\\{取る,とる\\}\\{ ,\\}\\{時間,じかん\\}の\\{中,なか\\}に\\{生きよ,いきよ\\}う\\{ ,\\}\\{一生,いっしょう\\}はまるで\\{短編,たんぺん\\}\\{小説,しょうせつ\\}\\{ ,\\}\\{ドラマティック,どらまてぃっく\\}に\\{完成,かんせい\\}しようぜ\\{ ,\\}\\{時に,ときに\\}\\{助け合う,たすけあう\\}\\{男,おとこ\\}と\\{女,おんな\\}で\\{ ,\\}がむしゃらに\\{生きる,いきる\\}ぜとことんまで\\{ ,\\}\\{一生懸命,いっしょうけんめい\\}を\\{恥ずかし,はずかし\\}がるな\\{ ,\\}\\{堪ら,たまら\\}ず\\{流れ出す,ながれだす\\}\\{涙,なみだ\\}すら\\{ ,\\}\\{幾,いく\\}\\{千,せん\\}の\\{時,とき\\}と\\{ ,\\}\\{幾,いく\\}\\{千,せん\\}の\\{命,いのち\\}が\\{ ,\\}めぐりあった\\{必然,ひつぜん\\}\\{ ,\\}	3	2018-05-18 13:23:33.080572	2018-05-18 13:23:33.080572	2
37655809	1069607210	15386296	609764183	海、雨、川、日の光街、ビル、道、命達全部重なり合いうたい揺れる大舞台ライフライン月、風、山、緑達祈り、想い、知恵しぼり出し全部重なり合いうたい揺れる大舞台ライフライン	うみあめかわひのひかりまちびるみちいのちたちぜんぶかさなりあいうたいゆれるだいぶたいらいふらいんつきかぜやまみどりたちいのりおもいちえしぼりだしぜんぶかさなりあいうたいゆれるだいぶたいらいふらいん	\\{海,うみ\\}\\{、,\\}\\{雨,あめ\\}\\{、,\\}\\{川,かわ\\}\\{、,\\}\\{日,ひ\\}の\\{光,ひかり\\}\\{ ,\\}\\{街,まち\\}\\{、,\\}\\{ビル,びる\\}\\{、,\\}\\{道,みち\\}\\{、,\\}\\{命,いのち\\}\\{達,たち\\}\\{ ,\\}\\{全部,ぜんぶ\\}\\{重なり合い,かさなりあい\\}うたい\\{揺れる,ゆれる\\}\\{大,だい\\}\\{舞台,ぶたい\\}\\{ ,\\}\\{ライフライン,らいふらいん\\}\\{ ,\\}\\{月,つき\\}\\{、,\\}\\{風,かぜ\\}\\{、,\\}\\{山,やま\\}\\{、,\\}\\{緑,みどり\\}\\{達,たち\\}\\{ ,\\}\\{祈り,いのり\\}\\{、,\\}\\{想い,おもい\\}\\{、,\\}\\{知恵,ちえ\\}\\{ ,\\}しぼり\\{出し,だし\\}\\{ ,\\}\\{全部,ぜんぶ\\}\\{重なり合い,かさなりあい\\}うたい\\{揺れる,ゆれる\\}\\{大,だい\\}\\{舞台,ぶたい\\}\\{ ,\\}\\{ライフライン,らいふらいん\\}\\{ ,\\}	4	2018-05-18 13:23:33.080572	2018-05-18 13:23:33.080572	2
892970390	1069607210	434322821	318236322	神が瞬きしたすき悪魔は囁きその次に神が囁きかける時人は瞬きしたまま過ち犯すこの自由時間さらに重くなる背なの十字架それは暮らしというリアル不協和音で成り立つミュージカル何処へ行く自然も文明も手放せない人間の運命みるみるうちに伸びるビルに木に電気に大地に感謝の毎日今を生きる事だけしか出来ない頼りない言葉でしか伝えられない祈りに似た気持ちこのままで届け一人一人に	かみがまばたきしたすきあくまはささやきそのつぎにかみがささやきかけるときひとはまばたきしたままあやまちおかすこのじゆうじかんさらにおもくなるせなのじゅうじかそれはくらしというりあるふきょうわおんでなりたつみゅーじかるどこへゆくしぜんもぶんめいもてばなせないにんげんのうんめいみるみるうちにのびるびるにきにでんきにだいちにかんしゃのまいにちいまをいきることだけしかできないたよりないことばでしかつたえられないいのりににたきもちこのままでとどけひとりひとりに	\\{神,かみ\\}が\\{瞬き,まばたき\\}したすき\\{悪魔,あくま\\}は\\{囁き,ささやき\\}\\{ ,\\}その\\{次に,つぎに\\}\\{神,かみ\\}が\\{囁き,ささやき\\}かける\\{時,とき\\}\\{ ,\\}\\{人,ひと\\}は\\{瞬き,まばたき\\}したまま\\{過ち,あやまち\\}\\{犯す,おかす\\}\\{ ,\\}この\\{自由,じゆう\\}\\{時間,じかん\\}\\{ ,\\}さらに\\{重く,おもく\\}なる\\{背,せ\\}なの\\{十字架,じゅうじか\\}\\{ ,\\}それは\\{暮らし,くらし\\}という\\{リアル,りある\\}\\{ ,\\}\\{不協和音,ふきょうわおん\\}で\\{成り立つ,なりたつ\\}\\{ミュージカル,みゅーじかる\\}\\{ ,\\}\\{何処,どこ\\}へ\\{行く,ゆく\\}\\{ ,\\}\\{自然,しぜん\\}も\\{文明,ぶんめい\\}も\\{手放せ,てばなせ\\}ない\\{人間,にんげん\\}の\\{運命,うんめい\\}\\{ ,\\}みるみるうちに\\{伸びる,のびる\\}\\{ ,\\}\\{ビル,びる\\}に\\{木,き\\}に\\{電気,でんき\\}に\\{大地,だいち\\}に\\{感謝,かんしゃ\\}の\\{毎日,まいにち\\}\\{ ,\\}\\{今,いま\\}を\\{生きる,いきる\\}\\{事,こと\\}だけしか\\{出来,でき\\}ない\\{ ,\\}\\{頼り,たより\\}ない\\{言葉,ことば\\}でしか\\{伝え,つたえ\\}られない\\{ ,\\}\\{祈り,いのり\\}に\\{似,に\\}た\\{気持ち,きもち\\}\\{ ,\\}このままで\\{届け,とどけ\\}\\{一人,ひとり\\}\\{一人,ひとり\\}に\\{ ,\\}	5	2018-05-18 13:23:33.080572	2018-05-18 13:23:33.080572	3
741405742	1069607210	15386296	609764183	海、雨、川、日の光街、ビル、道、命達全部重なり合いうたい揺れる大舞台ライフライン月、風、山、緑達祈り、想い、知恵しぼり出し全部重なり合いうたい揺れる大舞台ライフライン	うみあめかわひのひかりまちびるみちいのちたちぜんぶかさなりあいうたいゆれるだいぶたいらいふらいんつきかぜやまみどりたちいのりおもいちえしぼりだしぜんぶかさなりあいうたいゆれるだいぶたいらいふらいん	\\{海,うみ\\}\\{、,\\}\\{雨,あめ\\}\\{、,\\}\\{川,かわ\\}\\{、,\\}\\{日,ひ\\}の\\{光,ひかり\\}\\{ ,\\}\\{街,まち\\}\\{、,\\}\\{ビル,びる\\}\\{、,\\}\\{道,みち\\}\\{、,\\}\\{命,いのち\\}\\{達,たち\\}\\{ ,\\}\\{全部,ぜんぶ\\}\\{重なり合い,かさなりあい\\}うたい\\{揺れる,ゆれる\\}\\{大,だい\\}\\{舞台,ぶたい\\}\\{ ,\\}\\{ライフライン,らいふらいん\\}\\{ ,\\}\\{月,つき\\}\\{、,\\}\\{風,かぜ\\}\\{、,\\}\\{山,やま\\}\\{、,\\}\\{緑,みどり\\}\\{達,たち\\}\\{ ,\\}\\{祈り,いのり\\}\\{、,\\}\\{想い,おもい\\}\\{、,\\}\\{知恵,ちえ\\}\\{ ,\\}しぼり\\{出し,だし\\}\\{ ,\\}\\{全部,ぜんぶ\\}\\{重なり合い,かさなりあい\\}うたい\\{揺れる,ゆれる\\}\\{大,だい\\}\\{舞台,ぶたい\\}\\{ ,\\}\\{ライフライン,らいふらいん\\}\\{ ,\\}	6	2018-05-18 13:23:33.080572	2018-05-18 13:23:33.080572	3
16148308	519972071	301022393	318236322	そう雨はだんだんと白い雪に変わりまた何万個の奇跡がこの街に訪れる夜その度に今年も変わらねえ仲間と朝までまた野郎のみで一年に一度の日祝うなんて異次元に行きそう大好きなあの娘はきっと…なんて思うと一瞬シット!場を彩る花もなく特別な夜はまた終わるまあウザ話も早々に酒飲み気分上昇し上がってきたぜ体温もこのまま潰れようがIdon'tknow何気ないあの街燈も気のせいかいつもより最高の光が俺らに問いかける胡散臭いトークすら盛り上げるこんな夜は何かが起きそうな気がするよ神様だが結局あの娘振り向かず過ぎ去って行くMerryX'mas	そうあめはだんだんとしろいゆきにかわりまたなんまんこのきせきがこのまちにおとずれるよるそのたびにことしもかわらねえなかまとあさまでまたやろうのみでいちねんにいちどのひいわうなんていじげんにいきそうだいすきなあのこはきっとなんておもうといっしゅんしっとばをいろどるはなもなくとくべつなよるはまたおわるまあうざばなしもそうそうにさけのみきぶんじょうしょうしあがってきたぜたいおんもこのままつぶれようがあいどんとのうなにげないあのがいとうもきのせいかいつもよりさいこうのひかりがおれらにといかけるうさんくさいとーくすらもりあげるこんなよるはなにかがおきそうなきがするよかみさまだがけっきょくあのこふりむかずすぎさっていくめりーくりすます	そう\\{雨,あめ\\}はだんだんと\\{ ,\\}\\{白い,しろい\\}\\{雪,ゆき\\}に\\{変わり,かわり\\}\\{ ,\\}また\\{何,なん\\}\\{万,まん\\}\\{個,こ\\}の\\{奇跡,きせき\\}がこの\\{街,まち\\}に\\{訪れる,おとずれる\\}\\{夜,よる\\}\\{ ,\\}その\\{度,たび\\}に\\{今年,ことし\\}も\\{変わら,かわら\\}ねえ\\{仲間,なかま\\}と\\{朝,あさ\\}まで\\{ ,\\}また\\{野郎,やろう\\}のみで\\{一,いち\\}\\{年,ねん\\}に\\{一,いち\\}\\{度,ど\\}の\\{日,ひ\\}\\{祝う,いわう\\}なんて\\{異,い\\}\\{次元,じげん\\}に\\{行き,いき\\}そう\\{ ,\\}\\{大好き,だいすき\\}なあの\\{娘,こ\\}はきっと\\{…,\\}なんて\\{思う,おもう\\}と\\{一瞬,いっしゅん\\}\\{シット,しっと\\}\\{!,\\}\\{ ,\\}\\{場,ば\\}を\\{彩る,いろどる\\}\\{花,はな\\}もなく\\{ ,\\}\\{特別,とくべつ\\}な\\{夜,よる\\}はまた\\{終わる,おわる\\}\\{ ,\\}まあ\\{ ,\\}\\{ウザ,うざ\\}\\{話,ばなし\\}も\\{早々,そうそう\\}に\\{ ,\\}\\{酒飲み,さけのみ\\}\\{気分,きぶん\\}\\{上昇,じょうしょう\\}し\\{上がっ,あがっ\\}てきたぜ\\{体温,たいおん\\}も\\{ ,\\}このまま\\{潰れよ,つぶれよ\\}うが\\{ ,\\}\\{I,あい\\}\\{ ,\\}\\{don't,どんと\\}\\{ ,\\}\\{know,のう\\}\\{ ,\\}\\{何気ない,なにげない\\}あの\\{街燈,がいとう\\}も\\{気,き\\}のせいかいつもより\\{最高,さいこう\\}の\\{光,ひかり\\}が\\{俺,おれ\\}らに\\{問いかける,といかける\\}\\{ ,\\}\\{胡散臭い,うさんくさい\\}\\{トーク,とーく\\}すら\\{盛り上げる,もりあげる\\}\\{ ,\\}こんな\\{夜,よる\\}は\\{何,なに\\}かが\\{起き,おき\\}そうな\\{気,き\\}がするよ\\{ ,\\}\\{神様,かみさま\\}\\{ ,\\}だが\\{ ,\\}\\{結局,けっきょく\\}あの\\{娘,こ\\}\\{振り向か,ふりむか\\}ず\\{ ,\\}\\{過ぎ去っ,すぎさっ\\}て\\{行く,いく\\}\\{Merry,めりー\\}\\{ ,\\}\\{X'mas,くりすます\\}\\{ ,\\}	1	2018-05-18 13:23:33.080572	2018-05-18 13:23:33.080572	1
436156144	519972071	15386296	609764183	E・V・EWewish誰の幸せE・V・Eそれが自分でも変じゃないE・V・EWewishだから今だけE・V・E願いは届かない終わらない前夜祭	いーぶいいーうぃーうぃっしゅだれのしあわせいーぶいいーそれがじぶんでもへんじゃないいーぶいいーうぃーうぃっしゅだからいまだけいーぶいいーねがいはとどかないおわらないぜんやさい	\\{E,いー\\}\\{・,\\}\\{V,ぶい\\}\\{・,\\}\\{E,いー\\}\\{ ,\\}\\{We,うぃー\\}\\{ ,\\}\\{wish,うぃっしゅ\\}\\{ ,\\}\\{誰,だれ\\}の\\{幸せ,しあわせ\\}\\{ ,\\}\\{E,いー\\}\\{・,\\}\\{V,ぶい\\}\\{・,\\}\\{E,いー\\}\\{ ,\\}それが\\{自分,じぶん\\}でも\\{変,へん\\}じゃない\\{ ,\\}\\{E,いー\\}\\{・,\\}\\{V,ぶい\\}\\{・,\\}\\{E,いー\\}\\{ ,\\}\\{We,うぃー\\}\\{ ,\\}\\{wish,うぃっしゅ\\}\\{ ,\\}だから\\{今,いま\\}だけ\\{ ,\\}\\{E,いー\\}\\{・,\\}\\{V,ぶい\\}\\{・,\\}\\{E,いー\\}\\{ ,\\}\\{願い,ねがい\\}は\\{届か,とどか\\}ない\\{ ,\\}\\{終わら,おわら\\}ない\\{前夜祭,ぜんやさい\\}\\{ ,\\}	2	2018-05-18 13:23:33.080572	2018-05-18 13:23:33.080572	1
297392271	249039998	15386296	609764183	性コンティニューまだ性コンティニュー性コンティニューまだまだ性コンティニュー	さがこんてぃにゅーまださがこんてぃにゅーさがこんてぃにゅーまだまださがこんてぃにゅー	\\{性,さが\\}\\{コンティニュー,こんてぃにゅー\\}\\{ ,\\}まだ\\{性,さが\\}\\{コンティニュー,こんてぃにゅー\\}\\{ ,\\}\\{性,さが\\}\\{コンティニュー,こんてぃにゅー\\}\\{ ,\\}まだまだ\\{性,さが\\}\\{コンティニュー,こんてぃにゅー\\}\\{ ,\\}	6	2018-05-18 13:23:33.080572	2018-05-18 13:23:33.080572	1
788006523	519972071	434322821	318236322	2001.12.24夜はこれからだkeepon!keepon!あけた酒は一本二本じゃすまないのさkeepon!金曜土曜よりも燃える月曜それは氷も溶ける熱病別々の地からみんなで集う走り出せ銀河鉄道!新世紀21世紀世界中いっせいにまた定番中の定番チューンで声を上げるのさ一晩中!(hey!1.2.3)3to2.1待ちわびたここ2、3週間今夜こそ二人マンツーマン重なる聖なる時間、空間今夜、どんな話をしようかたい話はなしとしよう街の灯の下、アチコチと捜すその姿、足取りをとぎれた電波、周りには気の知れたメンバー夜に溶ける最終電車行き先は君のいない終点さ	にぜろぜろいちいちにによんよるはこれからだきーぷおんきーぷおんあけたさけはいっぽんにほんじゃすまないのさきーぷおんきんようどようよりももえるげつようそれはこおりもとけるねつびょうべつべつのちからみんなでつどうはしりだせぎんがてつどうしんせいきにじゅういっせいきせかいじゅういっせいにまたていばんちゅうのていばんちゅーんでこえをあげるのさひとばんじゅうへいわんつーすりーすりーとぅーつーわんまちわびたここにさんしゅうかんこんやこそふたりまんつーまんかさなるせいなるじかんくうかんこんやどんなはなしをしようかたいはなしはなしとしようまちのひのしたあちこちとさがすそのすがたあしどりをとぎれたでんぱまわりにはきのしれためんばーよるにとけるさいしゅうでんしゃいきさきはきみのいないしゅうてんさ	\\{2,に\\}\\{0,ぜろ\\}\\{0,ぜろ\\}\\{1,いち\\}\\{.,\\}\\{1,いち\\}\\{2,に\\}\\{.,\\}\\{2,に\\}\\{4,よん\\}\\{ ,\\}\\{夜,よる\\}はこれからだ\\{keep,きーぷ\\}\\{ ,\\}\\{on,おん\\}\\{!,\\}\\{ ,\\}\\{keep,きーぷ\\}\\{ ,\\}\\{on,おん\\}\\{!,\\}\\{ ,\\}あけた\\{酒,さけ\\}は\\{ ,\\}\\{一,いっ\\}\\{本,ぽん\\}\\{二,に\\}\\{本,ほん\\}じゃすまないのさ\\{keep,きーぷ\\}\\{ ,\\}\\{on,おん\\}\\{!,\\}\\{ ,\\}\\{金曜,きんよう\\}\\{土曜,どよう\\}よりも\\{ ,\\}\\{燃える,もえる\\}\\{月曜,げつよう\\}\\{ ,\\}それは\\{氷,こおり\\}も\\{溶ける,とける\\}\\{熱病,ねつびょう\\}\\{ ,\\}\\{別々,べつべつ\\}の\\{地,ち\\}からみんなで\\{集う,つどう\\}\\{ ,\\}\\{走り出せ,はしりだせ\\}\\{ ,\\}\\{銀河,ぎんが\\}\\{鉄道,てつどう\\}\\{!,\\}\\{ ,\\}\\{新,しん\\}\\{世紀,せいき\\}\\{ ,\\}\\{21,にじゅういっ\\}\\{世紀,せいき\\}\\{ ,\\}\\{世界中,せかいじゅう\\}いっせいに\\{ ,\\}また\\{定番,ていばん\\}\\{中,ちゅう\\}の\\{定番,ていばん\\}\\{チューン,ちゅーん\\}で\\{声,こえ\\}を\\{上げる,あげる\\}のさ\\{一,ひと\\}\\{晩,ばん\\}\\{中,じゅう\\}\\{!,\\}\\{ ,\\}\\{(,\\}\\{hey,へい\\}\\{!,\\}\\{ ,\\}\\{1,わん\\}\\{.,\\}\\{2,つー\\}\\{.,\\}\\{3,すりー\\}\\{),\\}\\{ ,\\}\\{3,すりー\\}\\{ ,\\}\\{to,とぅー\\}\\{ ,\\}\\{2,つー\\}\\{.,\\}\\{1,わん\\}\\{ ,\\}\\{待ちわび,まちわび\\}たここ\\{2,に\\}\\{、,\\}\\{3,さん\\}\\{週間,しゅうかん\\}\\{ ,\\}\\{今夜,こんや\\}こそ\\{二人,ふたり\\}\\{マンツーマン,まんつーまん\\}\\{ ,\\}\\{重なる,かさなる\\}\\{聖なる,せいなる\\}\\{時間,じかん\\}\\{、,\\}\\{空間,くうかん\\}\\{ ,\\}\\{今夜,こんや\\}\\{、,\\}どんな\\{話,はなし\\}をしよう\\{ ,\\}かたい\\{話,はなし\\}はなしとしよう\\{ ,\\}\\{街,まち\\}の\\{灯,ひ\\}の\\{下,した\\}\\{、,\\}\\{アチコチ,あちこち\\}と\\{捜す,さがす\\}\\{ ,\\}その\\{姿,すがた\\}\\{、,\\}\\{足取り,あしどり\\}を\\{ ,\\}とぎれた\\{電波,でんぱ\\}\\{、,\\}\\{周り,まわり\\}には\\{気,き\\}の\\{知れ,しれ\\}た\\{メンバー,めんばー\\}\\{ ,\\}\\{夜,よる\\}に\\{溶ける,とける\\}\\{最終,さいしゅう\\}\\{電車,でんしゃ\\}\\{ ,\\}\\{行き先,いきさき\\}は\\{君,きみ\\}のいない\\{終点,しゅうてん\\}さ\\{ ,\\}	3	2018-05-18 13:23:33.080572	2018-05-18 13:23:33.080572	2
815567836	519972071	15386296	609764183	E・V・EWewish誰の幸せE・V・Eそれが自分でも変じゃないE・V・EWewishだから今だけE・V・E願いは届かない終わらない前夜祭	いーぶいいーうぃーうぃっしゅだれのしあわせいーぶいいーそれがじぶんでもへんじゃないいーぶいいーうぃーうぃっしゅだからいまだけいーぶいいーねがいはとどかないおわらないぜんやさい	\\{E,いー\\}\\{・,\\}\\{V,ぶい\\}\\{・,\\}\\{E,いー\\}\\{ ,\\}\\{We,うぃー\\}\\{ ,\\}\\{wish,うぃっしゅ\\}\\{ ,\\}\\{誰,だれ\\}の\\{幸せ,しあわせ\\}\\{ ,\\}\\{E,いー\\}\\{・,\\}\\{V,ぶい\\}\\{・,\\}\\{E,いー\\}\\{ ,\\}それが\\{自分,じぶん\\}でも\\{変,へん\\}じゃない\\{ ,\\}\\{E,いー\\}\\{・,\\}\\{V,ぶい\\}\\{・,\\}\\{E,いー\\}\\{ ,\\}\\{We,うぃー\\}\\{ ,\\}\\{wish,うぃっしゅ\\}\\{ ,\\}だから\\{今,いま\\}だけ\\{ ,\\}\\{E,いー\\}\\{・,\\}\\{V,ぶい\\}\\{・,\\}\\{E,いー\\}\\{ ,\\}\\{願い,ねがい\\}は\\{届か,とどか\\}ない\\{ ,\\}\\{終わら,おわら\\}ない\\{前夜祭,ぜんやさい\\}\\{ ,\\}	4	2018-05-18 13:23:33.080572	2018-05-18 13:23:33.080572	2
127640397	519972071	607805222	318236322	一人ぼっちのさみしい奴らが集まりいつもと変わらない宴会シャンパン、クラッカー…いくらはじけても心の中はsilentnight楽しもう人一倍って思ってたはずが一人芝居浮かべたつくり笑いが似合うからさわぎの続いた街このままで塞いどこうこの揺れる気持ちの深いとこBGMが不意に変わる皆に合わせて無理に騒ぐ、踊るなのに感じた孤独耐え切れず窓の外をのぞくあの頃の二人の生活をもう一度くれないか、聖なる夜!?今日みたいなholynightに大事な君はもういない分かってるのに期待したいどっかでオレだけを待ってるように一人飛び出す夜の街は嘘みたく混み合う雨と心の寒さに凍えながら立ち尽くす君を求めたまま	ひとりぼっちのさみしいやつらがあつまりいつもとかわらないえんかいしゃんぱんくらっかーいくらはじけてもこころのなかはさいれんとないとたのしもうひといちばいっておもってたはずがひとりしばいうかべたつくりわらいがにあうからさわぎのつづいたまちこのままでふさいどこうこのゆれるきもちのふかいとこびーじーえむがふいにかわるみなにあわせてむりにさわぐおどるなのにかんじたこどくたえきれずまどのそとをのぞくあのころのふたりのせいかつをもういちどくれないかせいなるよるきょうみたいなほーりーないとにだいじなきみはもういないわかってるのにきたいしたいどっかでおれだけをまってるようにひとりとびだすよるのまちはうそみたくこみあうあめとこころのさむさにこごえながらたちつくすきみをもとめたまま	\\{一人ぼっち,ひとりぼっち\\}のさみしい\\{奴ら,やつら\\}が\\{集まり,あつまり\\}\\{ ,\\}いつもと\\{変わら,かわら\\}ない\\{宴会,えんかい\\}\\{ ,\\}\\{シャンパン,しゃんぱん\\}\\{、,\\}\\{クラッカー,くらっかー\\}\\{…,\\}いくらはじけても\\{心,こころ\\}の\\{中,なか\\}は\\{silent,さいれんと\\}\\{ ,\\}\\{night,ないと\\}\\{ ,\\}\\{楽しも,たのしも\\}う\\{人一倍,ひといちばい\\}って\\{思っ,おもっ\\}てたはずが\\{一人,ひとり\\}\\{芝居,しばい\\}\\{ ,\\}\\{浮かべ,うかべ\\}た\\{つくり笑い,つくりわらい\\}が\\{似合う,にあう\\}\\{ ,\\}からさわぎの\\{続い,つづい\\}た\\{街,まち\\}\\{ ,\\}このままで\\{塞い,ふさい\\}どこう\\{ ,\\}この\\{揺れる,ゆれる\\}\\{気持ち,きもち\\}の\\{深い,ふかい\\}とこ\\{ ,\\}\\{BGM,びーじーえむ\\}が\\{不意,ふい\\}に\\{変わる,かわる\\}\\{ ,\\}\\{皆,みな\\}に\\{合わせ,あわせ\\}て\\{無理,むり\\}に\\{騒ぐ,さわぐ\\}\\{、,\\}\\{踊る,おどる\\}\\{ ,\\}なのに\\{感じ,かんじ\\}た\\{孤独,こどく\\}\\{ ,\\}\\{耐え,たえ\\}\\{切れ,きれ\\}ず\\{窓,まど\\}の\\{外,そと\\}をのぞく\\{ ,\\}あの\\{頃,ころ\\}の\\{二人,ふたり\\}の\\{生活,せいかつ\\}を\\{ ,\\}\\{もう一度,もういちど\\}くれないか\\{、,\\}\\{聖なる,せいなる\\}\\{夜,よる\\}\\{!?,\\}\\{ ,\\}\\{今日,きょう\\}みたいな\\{holy,ほーりー\\}\\{ ,\\}\\{night,ないと\\}に\\{大事,だいじ\\}な\\{君,きみ\\}はもういない\\{ ,\\}\\{分かっ,わかっ\\}てるのに\\{ ,\\}\\{期待,きたい\\}したい\\{ ,\\}どっかで\\{オレ,おれ\\}だけを\\{待っ,まっ\\}てるように\\{ ,\\}\\{一人,ひとり\\}\\{飛び出す,とびだす\\}\\{夜,よる\\}の\\{街,まち\\}は\\{ ,\\}\\{嘘,うそ\\}みたく\\{混み,こみ\\}\\{合う,あう\\}\\{ ,\\}\\{雨,あめ\\}と\\{心,こころ\\}の\\{寒,さむ\\}さに\\{凍え,こごえ\\}ながら\\{ ,\\}\\{立ち尽くす,たちつくす\\}\\{君,きみ\\}を\\{求め,もとめ\\}たまま\\{ ,\\}	5	2018-05-18 13:23:33.080572	2018-05-18 13:23:33.080572	3
512946937	519972071	15386296	609764183	E・V・EWewish誰の幸せE・V・Eそれが自分でも変じゃないE・V・EWewishだから今だけE・V・E願いは届かない終わらない前夜祭	いーぶいいーうぃーうぃっしゅだれのしあわせいーぶいいーそれがじぶんでもへんじゃないいーぶいいーうぃーうぃっしゅだからいまだけいーぶいいーねがいはとどかないおわらないぜんやさい	\\{E,いー\\}\\{・,\\}\\{V,ぶい\\}\\{・,\\}\\{E,いー\\}\\{ ,\\}\\{We,うぃー\\}\\{ ,\\}\\{wish,うぃっしゅ\\}\\{ ,\\}\\{誰,だれ\\}の\\{幸せ,しあわせ\\}\\{ ,\\}\\{E,いー\\}\\{・,\\}\\{V,ぶい\\}\\{・,\\}\\{E,いー\\}\\{ ,\\}それが\\{自分,じぶん\\}でも\\{変,へん\\}じゃない\\{ ,\\}\\{E,いー\\}\\{・,\\}\\{V,ぶい\\}\\{・,\\}\\{E,いー\\}\\{ ,\\}\\{We,うぃー\\}\\{ ,\\}\\{wish,うぃっしゅ\\}\\{ ,\\}だから\\{今,いま\\}だけ\\{ ,\\}\\{E,いー\\}\\{・,\\}\\{V,ぶい\\}\\{・,\\}\\{E,いー\\}\\{ ,\\}\\{願い,ねがい\\}は\\{届か,とどか\\}ない\\{ ,\\}\\{終わら,おわら\\}ない\\{前夜祭,ぜんやさい\\}\\{ ,\\}	6	2018-05-18 13:23:33.080572	2018-05-18 13:23:33.080572	3
297058470	106544218	15386296	425211171	いざKICKBABYいざKICK!いざKICKBABYいざKICK!	いざきっくべいびーいざきっくいざきっくべいびーいざきっく	いざ\\{KICK,きっく\\}\\{ ,\\}\\{BABY,べいびー\\}\\{ ,\\}いざ\\{KICK,きっく\\}\\{!,\\}\\{ ,\\}いざ\\{KICK,きっく\\}\\{ ,\\}\\{BABY,べいびー\\}\\{ ,\\}いざ\\{KICK,きっく\\}\\{!,\\}\\{ ,\\}	1	2018-05-18 13:23:33.080572	2018-05-18 13:23:33.080572	1
146641182	106544218	15386296	318236322	今まさにノリノリの元気モリモリの色とりどりのトリオ(トリオ!)さらにのびのびとこの飛び飛びの語尾と語尾をつなぐ喜び七転び浮き沈みup&down何べんだってやってんだテンパってんなって合点だ1000%の確率で未来は自由な時代さだって太陽が皆の相棒だぜそう会場は笑い声が響き渡るどんな雨も今日は虹にかわる直に分かる君にはまず楽しむ権利と楽しめる元気備わってるぜ両方とも幸せの国へようこそ	いままさにのりのりのげんきもりもりのいろとりどりのとりおとりおさらにのびのびとこのとびとびのごびとごびをつなぐよろこびななころびうきしずみあっぷあんどだうんなんべんだってやってんだてんぱってんなってがってんだせんぱーせんとのかくりつでみらいはじゆうなじだいさだってたいようがみなのあいぼうだぜそうかいじょうはわらいごえがひびきわたるどんなあめもきょうはにじにかわるじきにわかるきみにはまずたのしむけんりとたのしめるげんきそなわってるぜりょうほうともしあわせのくにへようこそ	\\{今,いま\\}まさに\\{ノリノリ,のりのり\\}の\\{ ,\\}\\{元気,げんき\\}\\{モリモリ,もりもり\\}の\\{ ,\\}\\{色とりどり,いろとりどり\\}の\\{ ,\\}\\{トリオ,とりお\\}\\{(,\\}\\{トリオ,とりお\\}\\{!),\\}\\{ ,\\}さらにのびのびと\\{ ,\\}この\\{飛び飛び,とびとび\\}の\\{ ,\\}\\{語尾,ごび\\}と\\{語尾,ごび\\}を\\{ ,\\}つなぐ\\{喜び,よろこび\\}\\{ ,\\}\\{七,なな\\}\\{転び,ころび\\}\\{ ,\\}\\{浮き沈み,うきしずみ\\}\\{ ,\\}\\{up,あっぷ\\}\\{&,あんど\\}\\{down,だうん\\}\\{ ,\\}\\{何,なん\\}べんだって\\{ ,\\}やってんだ\\{ ,\\}\\{テンパ,てんぱ\\}ってんなって\\{ ,\\}\\{合点,がってん\\}だ\\{ ,\\}\\{1000,せん\\}\\{%,ぱーせんと\\}の\\{確率,かくりつ\\}で\\{未来,みらい\\}は\\{ ,\\}\\{自由,じゆう\\}な\\{時代,じだい\\}さ\\{ ,\\}だって\\{太陽,たいよう\\}が\\{ ,\\}\\{皆,みな\\}の\\{相棒,あいぼう\\}だぜ\\{ ,\\}そう\\{会場,かいじょう\\}は\\{ ,\\}\\{笑い声,わらいごえ\\}が\\{響き,ひびき\\}\\{渡る,わたる\\}\\{ ,\\}どんな\\{雨,あめ\\}も\\{今日,きょう\\}は\\{虹,にじ\\}にかわる\\{ ,\\}\\{直に,じきに\\}\\{分かる,わかる\\}\\{ ,\\}\\{君,きみ\\}にはまず\\{ ,\\}\\{楽しむ,たのしむ\\}\\{権利,けんり\\}と\\{楽しめる,たのしめる\\}\\{元気,げんき\\}\\{ ,\\}\\{備わっ,そなわっ\\}てるぜ\\{両方,りょうほう\\}とも\\{ ,\\}\\{幸せ,しあわせ\\}の\\{国,くに\\}へようこそ\\{ ,\\}	2	2018-05-18 13:23:33.080572	2018-05-18 13:23:33.080572	1
568210474	106544218	15386296	318236322	俺ら段違いの超FUNKYGUY今日もダンシンタイム皆で感じたい1、2、3次会先を案じない時間などKICKTHECANじないいつも以上に踊ろう2倍2倍いや5倍5倍にTRYTRYそうはじけすぎたって問題などあるはずないだろ今回はそうひがみも妬みも話のネタに微笑んでるぜ裸足の女神さらにおねだりする禁断の実なっ、誰も気にしない段取り男女にそして大人、子供にかかわらず響く言葉と音に触った時から立った鳥肌今だ盛り上がってンだ	おれらだんちがいのちょうふぁんきーがいきょうもだんしんたいむみなでかんじたいいちにさんじかいさきをあんじないじかんなどきっくざかんじないいつもいじょうにおどろうにばいにばいいやごばいごばいにとらいとらいそうはじけすぎたってもんだいなどあるはずないだろこんかいはそうひがみもねたみもはなしのねたにほほえんでるぜはだしのめがみさらにおねだりするきんだんのみなっだれもきにしないだんどりだんじょにそしておとなこどもにかかわらずひびくことばとおとにさわったときからたったとりはだいまだもりあがってんだ	\\{俺,おれ\\}ら\\{段違い,だんちがい\\}の\\{ ,\\}\\{超,ちょう\\}\\{FUNKY,ふぁんきー\\}\\{ ,\\}\\{GUY,がい\\}\\{ ,\\}\\{今日,きょう\\}も\\{ダンシンタイム,だんしんたいむ\\}\\{ ,\\}\\{皆,みな\\}で\\{感じ,かんじ\\}たい\\{ ,\\}\\{1,いち\\}\\{、,\\}\\{2,に\\}\\{、,\\}\\{3,さん\\}\\{次,じ\\}\\{会,かい\\}\\{ ,\\}\\{先,さき\\}を\\{案じ,あんじ\\}ない\\{ ,\\}\\{時間,じかん\\}など\\{ ,\\}\\{KICK,きっく\\}\\{ ,\\}\\{THE,ざ\\}\\{ ,\\}\\{CAN,かん\\}じない\\{ ,\\}いつも\\{以上,いじょう\\}に\\{踊ろ,おどろ\\}う\\{ ,\\}\\{2,に\\}\\{倍,ばい\\}\\{2,に\\}\\{倍,ばい\\}\\{ ,\\}いや\\{ ,\\}\\{5,ご\\}\\{倍,ばい\\}\\{5,ご\\}\\{倍,ばい\\}\\{ ,\\}に\\{TRY,とらい\\}\\{ ,\\}\\{TRY,とらい\\}\\{ ,\\}そう\\{ ,\\}はじけすぎたって\\{問題,もんだい\\}など\\{ ,\\}あるはずないだろ\\{ ,\\}\\{今回,こんかい\\}はそう\\{ ,\\}ひがみも\\{妬み,ねたみ\\}も\\{話,はなし\\}の\\{ネタ,ねた\\}に\\{ ,\\}\\{微笑ん,ほほえん\\}でるぜ\\{ ,\\}\\{裸足,はだし\\}の\\{女神,めがみ\\}\\{ ,\\}さらにおねだりする\\{禁断,きんだん\\}の\\{実,み\\}\\{ ,\\}なっ\\{、,\\}\\{誰,だれ\\}も\\{気,き\\}にしない\\{段取り,だんどり\\}\\{ ,\\}\\{男女,だんじょ\\}に\\{ ,\\}そして\\{大人,おとな\\}\\{、,\\}\\{子供,こども\\}に\\{ ,\\}かかわらず\\{響く,ひびく\\}\\{言葉,ことば\\}と\\{音,おと\\}に\\{ ,\\}\\{触っ,さわっ\\}た\\{時,とき\\}から\\{立っ,たっ\\}た\\{鳥肌,とりはだ\\}\\{ ,\\}\\{今,いま\\}だ\\{盛り上がっ,もりあがっ\\}て\\{ン,ん\\}だ\\{ ,\\}	4	2018-05-18 13:23:33.080572	2018-05-18 13:23:33.080572	2
383321279	106544218	15386296	609764183	上がってんの?下がってんの?皆はっきり言っとけ!(上がってる!)yeah!誰も置いてかない。こっちの世界も覗いてかない?連れてきたい触れてみたい…てか、全て見たいんだ!	あがってんのさがってんのみんなはっきりいっとけあがってるいぇーだれもおいてかないこっちのせかいものぞいてかないつれてきたいふれてみたいてかすべてみたいんだ	\\{上がっ,あがっ\\}てんの\\{?,\\}\\{ ,\\}\\{下がっ,さがっ\\}てんの\\{?,\\}\\{ ,\\}\\{皆,みんな\\}はっきり\\{言っ,いっ\\}とけ\\{!,\\}\\{ ,\\}\\{(,\\}\\{上がっ,あがっ\\}てる\\{!),\\}\\{ ,\\}\\{yeah,いぇー\\}\\{!,\\}\\{ ,\\}\\{誰,だれ\\}も\\{置い,おい\\}てかない\\{。,\\}\\{ ,\\}こっちの\\{世界,せかい\\}も\\{覗い,のぞい\\}てかない\\{?,\\}\\{ ,\\}\\{連れ,つれ\\}てきたい\\{ ,\\}\\{触れ,ふれ\\}てみたい\\{ ,\\}\\{…,\\}てか\\{、,\\}\\{全て,すべて\\}\\{見,み\\}たいんだ\\{!,\\}\\{ ,\\}	5	2018-05-18 13:23:33.080572	2018-05-18 13:23:33.080572	2
265311495	106544218	15386296	318236322	日本中遠征見事な連係ノリはラテン系各地で宣誓我々はもうバレバレだろうが上がってんだよ分かってンだろ?WEARETHE飲み会マスター(すいませんねぇ…)会場は混み合いますがまずはグラスの中身空にさらに騒ぎ固い握手交わす熱くならず酒に溺れて派手によろけてもスットボケ(皆元に戻れ)この音に踊れ人生は転げるほどにオモレー共にここで酒くみかわし喜びの拳今、振りかざし出会えた仲間と皆で唄おう幸せに満ちた歌を	にほんじゅうえんせいみごとなれんけいのりはらてんけいかくちでせんせいわれわれはもうばればれだろうがあがってんだよわかってんだろうぃーあーざのみかいますたーすいませんねぇかいじょうはこみあいますがまずはぐらすのなかみからにさらにさわぎかたいあくしゅかわすあつくならずさけにおぼれてはでによろけてもすっとぼけみなもとにもどれこのおとにおどれじんせいはころげるほどにおもれーともにここでさけくみかわしよろこびのこぶしいまふりかざしであえたなかまとみなでうたおうしあわせにみちたうたを	\\{日本,にほん\\}\\{中,じゅう\\}\\{遠征,えんせい\\}\\{ ,\\}\\{見事,みごと\\}な\\{連係,れんけい\\}\\{ ,\\}\\{ノリ,のり\\}は\\{ラテン,らてん\\}\\{系,けい\\}\\{ ,\\}\\{各地,かくち\\}で\\{宣誓,せんせい\\}\\{ ,\\}\\{我々,われわれ\\}はもう\\{ ,\\}\\{バレバレ,ばればれ\\}だろうが\\{ ,\\}\\{上がっ,あがっ\\}てんだよ\\{ ,\\}\\{分かっ,わかっ\\}て\\{ン,ん\\}だろ\\{?,\\}\\{ ,\\}\\{WE,うぃー\\}\\{ ,\\}\\{ARE,あー\\}\\{ ,\\}\\{THE,ざ\\}\\{飲み,のみ\\}\\{会,かい\\}\\{マスター,ますたー\\}\\{ ,\\}\\{(,\\}すいませんねぇ\\{…,\\}\\{),\\}\\{ ,\\}\\{会場,かいじょう\\}は\\{混み,こみ\\}\\{合い,あい\\}ますが\\{ ,\\}まずは\\{グラス,ぐらす\\}の\\{中身,なかみ\\}\\{ ,\\}\\{空,から\\}に\\{ ,\\}さらに\\{ ,\\}\\{騒ぎ,さわぎ\\}\\{ ,\\}\\{固い,かたい\\}\\{ ,\\}\\{握手,あくしゅ\\}\\{交わす,かわす\\}\\{ ,\\}\\{熱く,あつく\\}ならず\\{ ,\\}\\{酒,さけ\\}に\\{溺れ,おぼれ\\}て\\{ ,\\}\\{派手,はで\\}によろけても\\{スットボケ,すっとぼけ\\}\\{ ,\\}\\{(,\\}\\{皆,みな\\}\\{ ,\\}\\{元,もと\\}に\\{戻れ,もどれ\\}\\{),\\}\\{ ,\\}この\\{音,おと\\}に\\{踊れ,おどれ\\}\\{ ,\\}\\{人生,じんせい\\}は\\{転げる,ころげる\\}ほどに\\{オモレー,おもれー\\}\\{ ,\\}\\{共に,ともに\\}ここで\\{酒,さけ\\}くみかわし\\{ ,\\}\\{喜び,よろこび\\}の\\{拳,こぶし\\}\\{ ,\\}\\{今,いま\\}\\{、,\\}\\{振りかざし,ふりかざし\\}\\{ ,\\}\\{出会え,であえ\\}た\\{仲間,なかま\\}と\\{皆,みな\\}で\\{唄お,うたお\\}う\\{ ,\\}\\{幸せ,しあわせ\\}に\\{満ち,みち\\}た\\{歌,うた\\}を\\{ ,\\}	6	2018-05-18 13:23:33.080572	2018-05-18 13:23:33.080572	3
953640342	106544218	15386296	609764183	上がってんの?下がってんの?皆はっきり言っとけ!(上がってる!)yeah!誰も置いてかない。こっちの世界も覗いてかない?連れてきたい触れてみたい…てか、全て見たいんだ!	あがってんのさがってんのみんなはっきりいっとけあがってるいぇーだれもおいてかないこっちのせかいものぞいてかないつれてきたいふれてみたいてかすべてみたいんだ	\\{上がっ,あがっ\\}てんの\\{?,\\}\\{ ,\\}\\{下がっ,さがっ\\}てんの\\{?,\\}\\{ ,\\}\\{皆,みんな\\}はっきり\\{言っ,いっ\\}とけ\\{!,\\}\\{ ,\\}\\{(,\\}\\{上がっ,あがっ\\}てる\\{!),\\}\\{ ,\\}\\{yeah,いぇー\\}\\{!,\\}\\{ ,\\}\\{誰,だれ\\}も\\{置い,おい\\}てかない\\{。,\\}\\{ ,\\}こっちの\\{世界,せかい\\}も\\{覗い,のぞい\\}てかない\\{?,\\}\\{ ,\\}\\{連れ,つれ\\}てきたい\\{ ,\\}\\{触れ,ふれ\\}てみたい\\{ ,\\}\\{…,\\}てか\\{、,\\}\\{全て,すべて\\}\\{見,み\\}たいんだ\\{!,\\}\\{ ,\\}	7	2018-05-18 13:23:33.080572	2018-05-18 13:23:33.080572	3
325095124	1055050061	15386296	425211171	いくぞONEWAYYeah!いくぞONEWAYYeah!いくぞONEWAYYeah!いくぞONEWAYYeah!	いくぞわんうぇーいぇーいくぞわんうぇーいぇーいくぞわんうぇーいぇーいくぞわんうぇーいぇー	いくぞ\\{ONEWAY,わんうぇー\\}\\{ ,\\}\\{Yeah,いぇー\\}\\{!,\\}\\{ ,\\}いくぞ\\{ONEWAY,わんうぇー\\}\\{ ,\\}\\{Yeah,いぇー\\}\\{!,\\}\\{ ,\\}いくぞ\\{ONEWAY,わんうぇー\\}\\{ ,\\}\\{Yeah,いぇー\\}\\{!,\\}\\{ ,\\}いくぞ\\{ONEWAY,わんうぇー\\}\\{ ,\\}\\{Yeah,いぇー\\}\\{!,\\}\\{ ,\\}	1	2018-05-18 13:23:33.080572	2018-05-18 13:23:33.080572	1
174710632	1055050061	607805222	318236322	行くぞONEWAYオレは止まんねえぞ目指すゴールまであと何メートル?何万キロ?何千万キロ?走りはじめて三年半以上話せば長くなるやめとこまるで三流ドラマのまねごとみたいに説明もなげやりな奴にだけはなれないんだいーか?Yeahどんな教科書のどこにも書いてないこの勝者の孤独背負い込んで自分を追い込んで向い風に飛び込んでくもしおまえの側にオレがいれば一生涯いらねえぜナビゲーターなあだからそこでビビってて動けないならこの手握ってけ	いくぞわんうぇーおれはとまんねえぞめざすごーるまであとなんめーとるなんまんきろなんぜんまんきろはしりはじめてさんねんはんいじょうはなせばながくなるやめとこまるでさんりゅうどらまのまねごとみたいにせつめいもなげやりなやつにだけはなれないんだいーかいぇーどんなきょうかしょのどこにもかいてないこのしょうしゃのこどくしょいこんでじぶんをおいこんでむかいかぜにとびこんでくもしおまえのそばにおれがいればいっしょうがいいらねえぜなびげーたーなあだからそこでびびっててうごけないならこのてにぎってけ	\\{行く,いく\\}ぞ\\{ ,\\}\\{ONEWAY,わんうぇー\\}\\{ ,\\}\\{オレ,おれ\\}は\\{止まん,とまん\\}ねえぞ\\{ ,\\}\\{目指す,めざす\\}\\{ゴール,ごーる\\}まであと\\{何,なん\\}\\{メートル,めーとる\\}\\{?,\\}\\{ ,\\}\\{何,なん\\}\\{万,まん\\}\\{キロ,きろ\\}\\{?,\\}\\{ ,\\}\\{何,なん\\}\\{千,ぜん\\}\\{万,まん\\}\\{キロ,きろ\\}\\{?,\\}\\{ ,\\}\\{走り,はしり\\}はじめて\\{三,さん\\}\\{年,ねん\\}\\{半,はん\\}\\{以上,いじょう\\}\\{ ,\\}\\{話せ,はなせ\\}ば\\{長く,ながく\\}なるやめとこ\\{ ,\\}まるで\\{三流,さんりゅう\\}\\{ドラマ,どらま\\}のまねごとみたいに\\{ ,\\}\\{説明,せつめい\\}もなげやりな\\{奴,やつ\\}にだけはなれないんだ\\{ ,\\}いーか\\{?,\\}\\{ ,\\}\\{Yeah,いぇー\\}\\{ ,\\}どんな\\{教科書,きょうかしょ\\}のどこにも\\{書い,かい\\}てないこの\\{勝者,しょうしゃ\\}の\\{孤独,こどく\\}\\{ ,\\}\\{背負い込ん,しょいこん\\}で\\{自分,じぶん\\}を\\{追い込ん,おいこん\\}で\\{ ,\\}\\{向い風,むかいかぜ\\}に\\{飛び込ん,とびこん\\}でく\\{ ,\\}もしおまえの\\{側,そば\\}に\\{オレ,おれ\\}がいれば\\{ ,\\}\\{一,いっ\\}\\{生涯,しょうがい\\}いらねえぜ\\{ナビゲーター,なびげーたー\\}\\{ ,\\}なあ\\{ ,\\}だからそこで\\{ビビっ,びびっ\\}てて\\{ ,\\}\\{動け,うごけ\\}ないならこの\\{手,て\\}\\{握っ,にぎっ\\}てけ\\{ ,\\}	2	2018-05-18 13:23:33.080572	2018-05-18 13:23:33.080572	1
1030680575	1055050061	15386296	609764183	ONEWAY(Yeah)ついて来いただ前だけをしっかり向いてろいくぞONEWAY(Yeah)ついて来い飛ばされんぞしがみついてろいくぞONEWAY(Yeah)ついて来いオレのほうだけしっかり向いてろいくぞONEWAY(Yeah)ついて来い恐かねえぞしがみついてろ	わんうぇーいぇーついてこいただまえだけをしっかりむいてろいくぞわんうぇーいぇーついてこいとばされんぞしがみついてろいくぞわんうぇーいぇーついてこいおれのほうだけしっかりむいてろいくぞわんうぇーいぇーついてこいこわかねえぞしがみついてろ	\\{ONEWAY,わんうぇー\\}\\{(,\\}\\{Yeah,いぇー\\}\\{),\\}ついて\\{来い,こい\\}\\{ ,\\}ただ\\{前,まえ\\}だけをしっかり\\{向い,むい\\}てろ\\{ ,\\}いくぞ\\{ONEWAY,わんうぇー\\}\\{(,\\}\\{Yeah,いぇー\\}\\{),\\}ついて\\{来い,こい\\}\\{ ,\\}\\{飛ばさ,とばさ\\}れんぞ\\{ ,\\}しがみついてろ\\{ ,\\}いくぞ\\{ONEWAY,わんうぇー\\}\\{(,\\}\\{Yeah,いぇー\\}\\{),\\}ついて\\{来い,こい\\}\\{ ,\\}\\{オレ,おれ\\}のほうだけしっかり\\{向い,むい\\}てろ\\{ ,\\}いくぞ\\{ONEWAY,わんうぇー\\}\\{(,\\}\\{Yeah,いぇー\\}\\{),\\}ついて\\{来い,こい\\}\\{ ,\\}\\{恐,こわ\\}かねえぞ\\{ ,\\}しがみついてろ\\{ ,\\}	3	2018-05-18 13:23:33.080572	2018-05-18 13:23:33.080572	1
587889248	1055050061	301022393	318236322	行くぞONEWAYどんな障害も越えて走り抜ける一生涯をWAYTOTHEGOALそうがむしゃらにぶっちぎるのみ自分あるままにさあついてきなその一歩踏み出したついでにな深いとこまでオレがエスコート夢の中までないぜ別行動この道は続くどこまでもオレが少年から大人へとそう変わっても老いぼれても自分勝手だがオレに惚れてろもうあともどりなど無理無理だが損はさせない確実に振り返ることなく前だけをそうつれていくおまえだけを	いくぞわんうぇーどんなしょうがいもこえてはしりぬけるいっしょうがいをうぇーとぅーざごーるそうがむしゃらにぶっちぎるのみじぶんあるままにさあついてきなそのいっぽふみだしたついでになふかいとこまでおれがえすこーとゆめのなかまでないぜべつこうどうこのみちはつづくどこまでもおれがしょうねんからおとなへとそうかわってもおいぼれてもじぶんかってだがおれにほれてろもうあともどりなどむりむりだがそんはさせないかくじつにふりかえることなくまえだけをそうつれていくおまえだけを	\\{行く,いく\\}ぞ\\{ ,\\}\\{ONEWAY,わんうぇー\\}\\{ ,\\}どんな\\{障害,しょうがい\\}も\\{ ,\\}\\{越え,こえ\\}て\\{走り抜ける,はしりぬける\\}\\{一,いっ\\}\\{生涯,しょうがい\\}を\\{ ,\\}\\{WAY,うぇー\\}\\{ ,\\}\\{TO,とぅー\\}\\{ ,\\}\\{THE,ざ\\}\\{ ,\\}\\{GOAL,ごーる\\}\\{ ,\\}そうがむしゃらに\\{ ,\\}ぶっちぎるのみ\\{ ,\\}\\{自分,じぶん\\}あるままに\\{ ,\\}さあついてきな\\{ ,\\}その\\{一,いっ\\}\\{歩,ぽ\\}\\{踏み出し,ふみだし\\}たついでにな\\{ ,\\}\\{深い,ふかい\\}とこまで\\{オレ,おれ\\}が\\{エスコート,えすこーと\\}\\{ ,\\}\\{夢,ゆめ\\}の\\{中,なか\\}までないぜ\\{別,べつ\\}\\{行動,こうどう\\}\\{ ,\\}この\\{道,みち\\}は\\{続く,つづく\\}どこまでも\\{ ,\\}\\{オレ,おれ\\}が\\{少年,しょうねん\\}から\\{大人,おとな\\}へと\\{ ,\\}そう\\{ ,\\}\\{変わっ,かわっ\\}ても\\{老いぼれ,おいぼれ\\}ても\\{ ,\\}\\{自分勝手,じぶんかって\\}だが\\{オレ,おれ\\}に\\{惚れ,ほれ\\}てろ\\{ ,\\}もう\\{ ,\\}あともどりなど\\{無理,むり\\}\\{無理,むり\\}\\{ ,\\}だが\\{損,そん\\}はさせない\\{確実,かくじつ\\}に\\{ ,\\}\\{振り返る,ふりかえる\\}ことなく\\{前,まえ\\}だけを\\{ ,\\}そう\\{ ,\\}つれていくおまえだけを\\{ ,\\}	4	2018-05-18 13:23:33.080572	2018-05-18 13:23:33.080572	2
336415437	1055050061	15386296	609764183	ONEWAY(Yeah)ついて来いただ前だけをしっかり向いてろいくぞONEWAY(Yeah)ついて来い飛ばされんぞしがみついてろいくぞONEWAY(Yeah)ついて来いオレのほうだけしっかり向いてろいくぞONEWAY(Yeah)ついて来い恐かねえぞしがみついてろ	わんうぇーいぇーついてこいただまえだけをしっかりむいてろいくぞわんうぇーいぇーついてこいとばされんぞしがみついてろいくぞわんうぇーいぇーついてこいおれのほうだけしっかりむいてろいくぞわんうぇーいぇーついてこいこわかねえぞしがみついてろ	\\{ONEWAY,わんうぇー\\}\\{(,\\}\\{Yeah,いぇー\\}\\{),\\}ついて\\{来い,こい\\}\\{ ,\\}ただ\\{前,まえ\\}だけをしっかり\\{向い,むい\\}てろ\\{ ,\\}いくぞ\\{ONEWAY,わんうぇー\\}\\{(,\\}\\{Yeah,いぇー\\}\\{),\\}ついて\\{来い,こい\\}\\{ ,\\}\\{飛ばさ,とばさ\\}れんぞ\\{ ,\\}しがみついてろ\\{ ,\\}いくぞ\\{ONEWAY,わんうぇー\\}\\{(,\\}\\{Yeah,いぇー\\}\\{),\\}ついて\\{来い,こい\\}\\{ ,\\}\\{オレ,おれ\\}のほうだけしっかり\\{向い,むい\\}てろ\\{ ,\\}いくぞ\\{ONEWAY,わんうぇー\\}\\{(,\\}\\{Yeah,いぇー\\}\\{),\\}ついて\\{来い,こい\\}\\{ ,\\}\\{恐,こわ\\}かねえぞ\\{ ,\\}しがみついてろ\\{ ,\\}	5	2018-05-18 13:23:33.080572	2018-05-18 13:23:33.080572	2
218372977	1055050061	434322821	318236322	行くぞONEWAYいざキックベイベいざ参ろうIt'smyroadrideonrideonオレを信じてりゃ大丈夫だ粋なライムトークこれがマイジョブだ間違いない(Yeah間違ってない)間違ってたってマジ関係ないオレはポジティブだがバカではないいっさいがっさいまかせなさいオレがオレでいつづけることが時にオマエを傷つける頬の水滴ふいてついて来な光を追跡だ(チェキラッ)中央自由WAYオレとオマエの道相乗りしなマイノリティ探す愛の意味本当の答え誰も言えずオレはオマエだけを前だけを見てる	いくぞわんうぇーいざきっくべいべいざさんろういっつまいろーどらいどおんらいどおんおれをしんじてりゃだいじょうぶだいきならいむとーくこれがまいじょぶだまちがいないいぇーまちがってないまちがってたってまじかんけいないおれはぽじてぃぶだがばかではないいっさいがっさいまかせなさいおれがおれでいつづけることがときにおまえをきずつけるほほのすいてきふいてついてきなひかりをついせきだちぇきらっちゅうおうじゆううぇーおれとおまえのみちあいのりしなまいのりてぃさがすあいのいみほんとうのこたえだれもいえずおれはおまえだけをまえだけをみてる	\\{行く,いく\\}ぞ\\{ ,\\}\\{ONEWAY,わんうぇー\\}\\{ ,\\}いざ\\{キックベイベ,きっくべいべ\\}\\{ ,\\}いざ\\{参ろう,さんろう\\}\\{ ,\\}\\{It's,いっつ\\}\\{ ,\\}\\{my,まい\\}\\{ ,\\}\\{road,ろーど\\}\\{ ,\\}\\{ride,らいど\\}\\{ ,\\}\\{on,おん\\}\\{ ,\\}\\{ride,らいど\\}\\{ ,\\}\\{on,おん\\}\\{ ,\\}\\{オレ,おれ\\}を\\{信じ,しんじ\\}てりゃ\\{大丈夫,だいじょうぶ\\}だ\\{ ,\\}\\{粋,いき\\}な\\{ライム,らいむ\\}\\{トーク,とーく\\}\\{ ,\\}これが\\{マイジョブ,まいじょぶ\\}だ\\{ ,\\}\\{間違い,まちがい\\}ない\\{(,\\}\\{Yeah,いぇー\\}\\{ ,\\}\\{間違っ,まちがっ\\}てない\\{),\\}\\{間違っ,まちがっ\\}てたって\\{マジ,まじ\\}\\{関係,かんけい\\}ない\\{ ,\\}\\{オレ,おれ\\}は\\{ポジティブ,ぽじてぃぶ\\}だが\\{バカ,ばか\\}ではない\\{ ,\\}いっさいがっさいまかせなさい\\{ ,\\}\\{オレ,おれ\\}が\\{オレ,おれ\\}でいつづける\\{ ,\\}ことが\\{時に,ときに\\}\\{オマエ,おまえ\\}を\\{傷つける,きずつける\\}\\{ ,\\}\\{頬,ほほ\\}の\\{水滴,すいてき\\}ふいてついて\\{来,き\\}な\\{ ,\\}\\{光,ひかり\\}を\\{追跡,ついせき\\}だ\\{(,\\}\\{チェキラッ,ちぇきらっ\\}\\{),\\}\\{ ,\\}\\{中央,ちゅうおう\\}\\{自由,じゆう\\}\\{WAY,うぇー\\}\\{ ,\\}\\{オレ,おれ\\}と\\{オマエ,おまえ\\}の\\{道,みち\\}\\{ ,\\}\\{相乗り,あいのり\\}しな\\{マイノリティ,まいのりてぃ\\}\\{探す,さがす\\}\\{愛,あい\\}の\\{意味,いみ\\}\\{ ,\\}\\{本当,ほんとう\\}の\\{答え,こたえ\\}\\{誰,だれ\\}も\\{言え,いえ\\}ず\\{ ,\\}\\{オレ,おれ\\}は\\{オマエ,おまえ\\}だけを\\{前,まえ\\}だけを\\{見,み\\}てる\\{ ,\\}	6	2018-05-18 13:23:33.080572	2018-05-18 13:23:33.080572	3
973286376	1055050061	15386296	609764183	ONEWAY(Yeah)ついて来いただ前だけをしっかり向いてろいくぞONEWAY(Yeah)ついて来い飛ばされんぞしがみついてろいくぞONEWAY(Yeah)ついて来いオレのほうだけしっかり向いてろいくぞONEWAY(Yeah)ついて来い恐かねえぞしがみついてろ	わんうぇーいぇーついてこいただまえだけをしっかりむいてろいくぞわんうぇーいぇーついてこいとばされんぞしがみついてろいくぞわんうぇーいぇーついてこいおれのほうだけしっかりむいてろいくぞわんうぇーいぇーついてこいこわかねえぞしがみついてろ	\\{ONEWAY,わんうぇー\\}\\{(,\\}\\{Yeah,いぇー\\}\\{),\\}ついて\\{来い,こい\\}\\{ ,\\}ただ\\{前,まえ\\}だけをしっかり\\{向い,むい\\}てろ\\{ ,\\}いくぞ\\{ONEWAY,わんうぇー\\}\\{(,\\}\\{Yeah,いぇー\\}\\{),\\}ついて\\{来い,こい\\}\\{ ,\\}\\{飛ばさ,とばさ\\}れんぞ\\{ ,\\}しがみついてろ\\{ ,\\}いくぞ\\{ONEWAY,わんうぇー\\}\\{(,\\}\\{Yeah,いぇー\\}\\{),\\}ついて\\{来い,こい\\}\\{ ,\\}\\{オレ,おれ\\}のほうだけしっかり\\{向い,むい\\}てろ\\{ ,\\}いくぞ\\{ONEWAY,わんうぇー\\}\\{(,\\}\\{Yeah,いぇー\\}\\{),\\}ついて\\{来い,こい\\}\\{ ,\\}\\{恐,こわ\\}かねえぞ\\{ ,\\}しがみついてろ\\{ ,\\}	7	2018-05-18 13:23:33.080572	2018-05-18 13:23:33.080572	3
384709729	1014144295	434322821	318236322	ライツカメラアクションで棒立ち次回からはもう用なしいつか見た様なシーン(シーッビークワイエット!)ハァそう言われりゃじっと指くわえ時間が過ぎるまでしたかないが仕方ない苦笑い(いつものことだがうまく笑えねえ)なさけねえ俺は無様でカワイソウ(そんでカワイイそうだろ?)知ってンだよスネてひねくれてても神様も誰も見てくれてねえよ自分のワク内カッコ内は恥かかず楽だし格好はいいが(なんか無性にイライラ)実はもっといきてえんだ今、今、今	らいつかめらあくしょんでぼうだちじかいからはもうようなしいつかみたようなしーんしーっびーくわいえっとはぁそういわれりゃじっとゆびくわえじかんがすぎるまでしたかないがしかたないにがわらいいつものことだがうまくわらえねえなさけねえおれはぶざまでかわいそうそんでかわいいそうだろしってんだよすねてひねくれててもかみさまもだれもみてくれてねえよじぶんのわくないかっこないははじかかずらくだしかっこうはいいがなんかむしょうにいらいらじつはもっといきてえんだいまいまいま	\\{ライツ,らいつ\\}\\{ ,\\}\\{カメラ,かめら\\}\\{ ,\\}\\{アクション,あくしょん\\}で\\{棒立ち,ぼうだち\\}\\{ ,\\}\\{次回,じかい\\}からはもう\\{用,よう\\}なし\\{ ,\\}いつか\\{見,み\\}た\\{様,よう\\}な\\{シーン,しーん\\}\\{(,\\}\\{シーッ,しーっ\\}\\{ ,\\}\\{ビークワイエット,びーくわいえっと\\}\\{!),\\}\\{ ,\\}\\{ハァ,はぁ\\}そう\\{言わ,いわ\\}れりゃじっと\\{指,ゆび\\}くわえ\\{ ,\\}\\{時間,じかん\\}が\\{過ぎる,すぎる\\}まで\\{ ,\\}したかないが\\{仕方,しかた\\}ない\\{苦笑い,にがわらい\\}\\{ ,\\}\\{(,\\}いつものことだがうまく\\{笑え,わらえ\\}ねえ\\{),\\}\\{ ,\\}なさけねえ\\{ ,\\}\\{俺,おれ\\}は\\{無様,ぶざま\\}で\\{カワイソウ,かわいそう\\}\\{ ,\\}\\{(,\\}そんで\\{カワイイ,かわいい\\}\\{ ,\\}そうだろ\\{?),\\}\\{ ,\\}\\{知っ,しっ\\}て\\{ン,ん\\}だよ\\{ ,\\}\\{スネ,すね\\}てひねくれてても\\{ ,\\}\\{神様,かみさま\\}も\\{誰,だれ\\}も\\{見,み\\}てくれてねえよ\\{ ,\\}\\{自分,じぶん\\}の\\{ワク,わく\\}\\{内,ない\\}\\{カッコ,かっこ\\}\\{内,ない\\}は\\{ ,\\}\\{恥,はじ\\}かかず\\{楽,らく\\}だし\\{格好,かっこう\\}はいいが\\{ ,\\}\\{(,\\}なんか\\{無性に,むしょうに\\}\\{イライラ,いらいら\\}\\{),\\}\\{実は,じつは\\}もっといきてえんだ\\{今,いま\\}\\{、,\\}\\{今,いま\\}\\{、,\\}\\{今,いま\\}\\{ ,\\}	1	2018-05-18 13:23:33.080572	2018-05-18 13:23:33.080572	1
266823141	1014144295	15386296	609764183	さよならさよなら俺の嫌いなところだけいいとこ残し今、過去からNEWDAYつかみたいいつかみたい風景	さよならさよならおれのきらいなところだけいいとこのこしいまかこからにゅーでーつかみたいいつかみたいふうけい	さよなら\\{ ,\\}さよなら\\{ ,\\}\\{俺,おれ\\}の\\{嫌い,きらい\\}なところだけ\\{ ,\\}いいとこ\\{残し,のこし\\}\\{ ,\\}\\{今,いま\\}\\{、,\\}\\{過去,かこ\\}から\\{NEWDAY,にゅーでー\\}\\{ ,\\}つかみたい\\{ ,\\}いつかみたい\\{風景,ふうけい\\}\\{ ,\\}	2	2018-05-18 13:23:33.080572	2018-05-18 13:23:33.080572	1
954226036	1014144295	607805222	318236322	毎日「今」を追いかける暗い闇すら陽が被いかける(そこでなぜ問いかけるYESorNO)その瞬間「今」は別の場所つかみかける→確かめる→間違えるの恐れてあきらめるまた逃したGOサイン消えていくだけのドーパミン(そうそう覚悟ができるできないとか)(未来とかあとは時代とか)使える言い訳は全部使って高い壁に全然ぶつかってかない第一印象に尾ひれ付けては大事に慎重にやってたって同じ結果じゃん(行けるなら行っときな)getachance!	まいにちいまをおいかけるくらいやみすらひがおおいかけるそこでなぜといかけるいえすおあのーそのしゅんかんいまはべつのばしょつかみかけるたしかめるまちがえるのおそれてあきらめるまたのがしたごーさいんきえていくだけのどーぱみんそうそうかくごができるできないとかみらいとかあとはじだいとかつかえるいいわけはぜんぶつかってたかいかべにぜんぜんぶつかってかないだいいちいんしょうにおひれつけてはだいじにしんちょうにやってたっておんなじけっかじゃんいけるならいっときなげっとあちゃんす	\\{毎日,まいにち\\}\\{「,\\}\\{今,いま\\}\\{」,\\}を\\{追いかける,おいかける\\}\\{ ,\\}\\{暗い,くらい\\}\\{闇,やみ\\}すら\\{陽,ひ\\}が\\{被い,おおい\\}かける\\{ ,\\}\\{(,\\}そこでなぜ\\{問いかける,といかける\\}\\{YES,いえす\\}\\{ ,\\}\\{or,おあ\\}\\{ ,\\}\\{NO,のー\\}\\{),\\}\\{ ,\\}その\\{瞬間,しゅんかん\\}\\{「,\\}\\{今,いま\\}\\{」,\\}は\\{別,べつ\\}の\\{場所,ばしょ\\}\\{ ,\\}つかみかける\\{→,\\}\\{確かめる,たしかめる\\}\\{→,\\}\\{間違える,まちがえる\\}の\\{恐れ,おそれ\\}てあきらめる\\{ ,\\}また\\{逃し,のがし\\}た\\{GO,ごー\\}\\{サイン,さいん\\}\\{ ,\\}\\{消え,きえ\\}ていくだけの\\{ドーパミン,どーぱみん\\}\\{ ,\\}\\{(,\\}そうそう\\{覚悟,かくご\\}ができるできないとか\\{)(,\\}\\{未来,みらい\\}とかあとは\\{時代,じだい\\}とか\\{),\\}\\{ ,\\}\\{使える,つかえる\\}\\{言い訳,いいわけ\\}は\\{全部,ぜんぶ\\}\\{使っ,つかっ\\}て\\{ ,\\}\\{高い,たかい\\}\\{壁,かべ\\}に\\{全然,ぜんぜん\\}ぶつかってかない\\{ ,\\}\\{第,だい\\}\\{一,いち\\}\\{印象,いんしょう\\}に\\{ ,\\}\\{尾ひれ,おひれ\\}\\{付け,つけ\\}ては\\{大事,だいじ\\}に\\{慎重,しんちょう\\}に\\{ ,\\}やってたって\\{同じ,おんなじ\\}\\{結果,けっか\\}じゃん\\{ ,\\}\\{(,\\}\\{行ける,いける\\}なら\\{行っ,いっ\\}ときな\\{),\\}\\{get,げっと\\}\\{ ,\\}\\{a,あ\\}\\{ ,\\}\\{chance,ちゃんす\\}\\{!,\\}\\{ ,\\}	3	2018-05-18 13:23:33.080572	2018-05-18 13:23:33.080572	2
646234323	1014144295	15386296	609764183	さよならさよなら俺の嫌いなところだけいいとこ残し今、過去からNEWDAYつかみたいいつかみたい風景	さよならさよならおれのきらいなところだけいいとこのこしいまかこからにゅーでーつかみたいいつかみたいふうけい	さよなら\\{ ,\\}さよなら\\{ ,\\}\\{俺,おれ\\}の\\{嫌い,きらい\\}なところだけ\\{ ,\\}いいとこ\\{残し,のこし\\}\\{ ,\\}\\{今,いま\\}\\{、,\\}\\{過去,かこ\\}から\\{NEWDAY,にゅーでー\\}\\{ ,\\}つかみたい\\{ ,\\}いつかみたい\\{風景,ふうけい\\}\\{ ,\\}	4	2018-05-18 13:23:33.080572	2018-05-18 13:23:33.080572	2
293859400	1014144295	301022393	318236322	思い描いたその状況とは現実の中では想像と化す又も背を向けてしっぽまく今と言う時の中じっと待つ(視界がとらえたその未来は)手は届くがシカトし、リタイヤ(五分と五分との勝負でも)気持ちはビビったまんま恐怖へとだって(誰のために)(何のために)あげなければならない不安の叫びぶっちゃけこまい栄光とわずかな喜びはいらねーよもうそう何をしても×は×何かにしがみつき合わす羽根(oh神よ)この俺に罰と少しの勇気と変化した明日を	おもいえがいたそのじょうきょうとはげんじつのなかではそうぞうとかすまたもせをむけてしっぽまくいまというときのなかじっとまつしかいがとらえたそのみらいはてはとどくがしかとしりたいやごぶとごぶとのしょうぶでもきもちはびびったまんまきょうふへとだってだれのためになんのためにあげなければならないふあんのさけびぶっちゃけこまいえいこうとわずかなよろこびはいらねーよもうそうなにをしてもだめはだめなにかにしがみつきあわすはねおーかみよこのおれにばつとすこしのゆうきとへんかしたあすを	\\{思い描い,おもいえがい\\}たその\\{状況,じょうきょう\\}とは\\{ ,\\}\\{現実,げんじつ\\}の\\{中,なか\\}では\\{想像,そうぞう\\}と\\{化す,かす\\}\\{ ,\\}\\{又,また\\}も\\{背,せ\\}を\\{向け,むけ\\}てしっぽまく\\{ ,\\}\\{今,いま\\}と\\{言う,いう\\}\\{時,とき\\}の\\{中,なか\\}じっと\\{待つ,まつ\\}\\{ ,\\}\\{(,\\}\\{視界,しかい\\}がとらえたその\\{未来,みらい\\}は\\{),\\}\\{手,て\\}は\\{届く,とどく\\}が\\{シカト,しかと\\}し\\{、,\\}\\{リタイヤ,りたいや\\}\\{ ,\\}\\{(,\\}\\{五,ご\\}\\{分,ぶ\\}と\\{五,ご\\}\\{分,ぶ\\}との\\{勝負,しょうぶ\\}でも\\{),\\}\\{気持ち,きもち\\}は\\{ビビっ,びびっ\\}たまんま\\{恐怖,きょうふ\\}へと\\{ ,\\}だって\\{(,\\}\\{誰,だれ\\}のために\\{)(,\\}\\{何,なん\\}のために\\{),\\}あげなければならない\\{不安,ふあん\\}の\\{叫び,さけび\\}\\{ ,\\}ぶっちゃけこまい\\{栄光,えいこう\\}と\\{ ,\\}わずかな\\{喜び,よろこび\\}はいらねーよもう\\{ ,\\}そう\\{何,なに\\}をしても\\{×,だめ\\}は\\{×,だめ\\}\\{ ,\\}\\{何,なに\\}かにしがみつき\\{合わす,あわす\\}\\{羽根,はね\\}\\{ ,\\}\\{(,\\}\\{oh,おー\\}\\{ ,\\}\\{神,かみ\\}よ\\{),\\}この\\{俺,おれ\\}に\\{罰,ばつ\\}と\\{ ,\\}\\{少し,すこし\\}の\\{勇気,ゆうき\\}と\\{ ,\\}\\{変化,へんか\\}した\\{明日,あす\\}を\\{ ,\\}	5	2018-05-18 13:23:33.080572	2018-05-18 13:23:33.080572	3
143303164	1014144295	15386296	609764183	さよならさよなら俺の嫌いなところだけいいとこ残し今、過去からNEWDAYつかみたいいつかみたい風景	さよならさよならおれのきらいなところだけいいとこのこしいまかこからにゅーでーつかみたいいつかみたいふうけい	さよなら\\{ ,\\}さよなら\\{ ,\\}\\{俺,おれ\\}の\\{嫌い,きらい\\}なところだけ\\{ ,\\}いいとこ\\{残し,のこし\\}\\{ ,\\}\\{今,いま\\}\\{、,\\}\\{過去,かこ\\}から\\{NEWDAY,にゅーでー\\}\\{ ,\\}つかみたい\\{ ,\\}いつかみたい\\{風景,ふうけい\\}\\{ ,\\}	6	2018-05-18 13:23:33.080572	2018-05-18 13:23:33.080572	3
454846281	293514184	607805222	318236322	見えるモノ全部見させてくれ聞ける音全部聞かせてくれ行かせてくれ言わせてくれもう少しガキでいさせてくれよ肩ひじ張ってまた意地張ってはたから見てたらかなり身勝手もし間違ってたって知らねぇオレは未完成でも光ってるむき出しの恐怖あとちょっと感動あともっとちゃんと笑い飛ばそうぜ伸びてくる自分さらに伸ばそうぜOhYeah!(OhYeah!)てな感じでどんどんGOGO行動だけどやる時はやんだぜほんとんトコだからこそ言うぜ今は無理、答えなんてもうちょい不安定でいてぇ	みえるものぜんぶみさせてくれきけるおとぜんぶきかせてくれいかせてくれいわせてくれもうすこしがきでいさせてくれよかたひじはってまたいじはってはたからみてたらかなりみがってもしまちがってたってしらねぇおれはみかんせいでもひかってるむきだしのきょうふあとちょっとかんどうあともっとちゃんとわらいとばそうぜのびてくるじぶんさらにのばそうぜおーいぇーおーいぇーてなかんじでどんどんごーごーこうどうだけどやるときはやんだぜほんとんとこだからこそいうぜいまはむりこたえなんてもうちょいふあんていでいてぇ	\\{見える,みえる\\}\\{モノ,もの\\}\\{全部,ぜんぶ\\}\\{ ,\\}\\{見,み\\}させてくれ\\{ ,\\}\\{聞ける,きける\\}\\{音,おと\\}\\{全部,ぜんぶ\\}\\{ ,\\}\\{聞か,きか\\}せてくれ\\{ ,\\}\\{行か,いか\\}せてくれ\\{ ,\\}\\{言わ,いわ\\}せてくれ\\{ ,\\}\\{もう少し,もうすこし\\}\\{ガキ,がき\\}でいさせてくれよ\\{ ,\\}\\{肩ひじ,かたひじ\\}\\{張っ,はっ\\}て\\{ ,\\}また\\{意地,いじ\\}\\{張っ,はっ\\}て\\{ ,\\}はたから\\{見,み\\}てたら\\{ ,\\}かなり\\{身勝手,みがって\\}\\{ ,\\}もし\\{間違っ,まちがっ\\}てたって\\{知ら,しら\\}ねぇ\\{ ,\\}\\{オレ,おれ\\}は\\{未完成,みかんせい\\}でも\\{光っ,ひかっ\\}てる\\{ ,\\}\\{むき出し,むきだし\\}の\\{恐怖,きょうふ\\}あとちょっと\\{感動,かんどう\\}\\{ ,\\}あともっとちゃんと\\{笑い飛ばそ,わらいとばそ\\}うぜ\\{ ,\\}\\{伸び,のび\\}てくる\\{自分,じぶん\\}さらに\\{伸ばそ,のばそ\\}うぜ\\{ ,\\}\\{Oh,おー\\}\\{ ,\\}\\{Yeah,いぇー\\}\\{!(,\\}\\{Oh,おー\\}\\{ ,\\}\\{Yeah,いぇー\\}\\{!),\\}\\{ ,\\}てな\\{感じ,かんじ\\}で\\{ ,\\}どんどん\\{GO,ごー\\}\\{ ,\\}\\{GO,ごー\\}\\{ ,\\}\\{行動,こうどう\\}\\{ ,\\}だけどやる\\{時,とき\\}はやんだぜ\\{ ,\\}ほんとん\\{トコ,とこ\\}\\{ ,\\}だからこそ\\{言う,いう\\}ぜ\\{ ,\\}\\{今,いま\\}は\\{無理,むり\\}\\{、,\\}\\{答え,こたえ\\}なんて\\{ ,\\}もうちょい\\{不安定,ふあんてい\\}でいてぇ\\{ ,\\}	1	2018-05-18 13:23:33.080572	2018-05-18 13:23:33.080572	1
34944765	293514184	15386296	609764183	マイアンサーNo.1快感のワンダーランド階段を上がんならそう今じゃない今はアンバランス	まいあんさーなんばーわんかいかんのわんだーらんどかいだんをあがんならそういまじゃないいまはあんばらんす	\\{マイアンサー,まいあんさー\\}\\{ ,\\}\\{No,なんばー\\}\\{.,\\}\\{1,わん\\}\\{ ,\\}\\{快感,かいかん\\}の\\{ ,\\}\\{ワンダーランド,わんだーらんど\\}\\{ ,\\}\\{階段,かいだん\\}を\\{上がん,あがん\\}なら\\{ ,\\}そう\\{ ,\\}\\{今,いま\\}じゃない\\{ ,\\}\\{今,いま\\}は\\{アンバランス,あんばらんす\\}\\{ ,\\}	2	2018-05-18 13:23:33.080572	2018-05-18 13:23:33.080572	1
890373738	293514184	301022393	318236322	別にやらねーわけじゃないぜママ&パパその話はちゃんとまた次の次のまたその次の次の日にでもまーそのうち今はちょっと手が放せなくて先の事などは話せなくて今日は今日明日は明日だねーだからやめてマジな話はさーだって安定安定何回も言われたって関係なんて俺には無いわけじゃないが今は未来とかにあては無いなーそのうちなんとかなるぜ将来はだから見守ってちょーだいな今日もまた沈んで行く夕日に缶蹴飛ばしてそー夢中に	べつにやらねーわけじゃないぜままあんどぱぱそのはなしはちゃんとまたつぎのつぎのまたそのつぎのつぎのひにでもまーそのうちいまはちょっとてがはなせなくてさきのことなどははなせなくてきょうはきょうあしたはあしただねーだからやめてまじなはなしはさーだってあんていあんていなんかいもいわれたってかんけいなんておれにはないわけじゃないがいまはみらいとかにあてはないなーそのうちなんとかなるぜしょうらいはだからみまもってちょーだいなきょうもまたしずんでいくゆうひにかんけとばしてそーむちゅうに	\\{別に,べつに\\}やらねーわけじゃないぜ\\{ ,\\}\\{ママ,まま\\}\\{&,あんど\\}\\{パパ,ぱぱ\\}その\\{話,はなし\\}はちゃんとまた\\{ ,\\}\\{次,つぎ\\}の\\{次,つぎ\\}のまたその\\{次,つぎ\\}\\{ ,\\}の\\{次,つぎ\\}の\\{日,ひ\\}にでも\\{ ,\\}まーそのうち\\{ ,\\}\\{今,いま\\}はちょっと\\{手,て\\}が\\{放せ,はなせ\\}なくて\\{ ,\\}\\{先,さき\\}の\\{事,こと\\}などは\\{話せ,はなせ\\}なくて\\{ ,\\}\\{今日,きょう\\}は\\{今日,きょう\\}\\{ ,\\}\\{明日,あした\\}は\\{明日,あした\\}だ\\{ ,\\}ねーだからやめて\\{マジ,まじ\\}な\\{話,はなし\\}はさー\\{ ,\\}だって\\{安定,あんてい\\}\\{安定,あんてい\\}\\{ ,\\}\\{何,なん\\}\\{回,かい\\}も\\{言わ,いわ\\}れたって\\{関係,かんけい\\}なんて\\{ ,\\}\\{俺,おれ\\}には\\{無い,ない\\}わけじゃないが\\{ ,\\}\\{今,いま\\}は\\{未来,みらい\\}とかにあては\\{無い,ない\\}なー\\{ ,\\}そのうちなんとかなるぜ\\{将来,しょうらい\\}は\\{ ,\\}だから\\{見守っ,みまもっ\\}てちょーだいな\\{ ,\\}\\{今日,きょう\\}もまた\\{沈ん,しずん\\}で\\{行く,いく\\}\\{夕日,ゆうひ\\}に\\{ ,\\}\\{缶,かん\\}\\{蹴飛ばし,けとばし\\}て\\{ ,\\}そー\\{夢中,むちゅう\\}に\\{ ,\\}	3	2018-05-18 13:23:33.080572	2018-05-18 13:23:33.080572	2
729191371	293514184	15386296	609764183	マイアンサーNo.1快感のワンダーランド階段を上がんならそう今じゃない今はアンバランス	まいあんさーなんばーわんかいかんのわんだーらんどかいだんをあがんならそういまじゃないいまはあんばらんす	\\{マイアンサー,まいあんさー\\}\\{ ,\\}\\{No,なんばー\\}\\{.,\\}\\{1,わん\\}\\{ ,\\}\\{快感,かいかん\\}の\\{ ,\\}\\{ワンダーランド,わんだーらんど\\}\\{ ,\\}\\{階段,かいだん\\}を\\{上がん,あがん\\}なら\\{ ,\\}そう\\{ ,\\}\\{今,いま\\}じゃない\\{ ,\\}\\{今,いま\\}は\\{アンバランス,あんばらんす\\}\\{ ,\\}	4	2018-05-18 13:23:33.080572	2018-05-18 13:23:33.080572	2
477209442	293514184	434322821	318236322	ずっと今まで勝手気ままでやってきただけなんて幸せ年齢なんて無関係やっぱ安定なんてつまんねぇよお隣の友達もおとなしい大人になりここぞとばかり小言ばかりあいにくオレは物わかりのわりい方遊ぼうぜアミーゴしのごの言いたがんじゃねぇ知ってるさオレらはピーターパンじゃねぇジタバタしても時は流れる青い春から解き放たれるそんな日が来ても毎朝輝いてるためのマイアンサーいつかオレ達も死んじゃうなら死んじゃうまで楽しんじゃうそんじゃまだまだ行くぜさー答えな	ずっといままでかってきままでやってきただけなんてしあわせねんれいなんてむかんけいやっぱあんていなんてつまんねぇよおとなりのともだちもおとなしいおとなになりここぞとばかりこごとばかりあいにくおれはものわかりのわりいほうあそぼうぜあみーごしのごのいいたがんじゃねぇしってるさおれらはぴーたーぱんじゃねぇじたばたしてもときはながれるあおいはるからときはなたれるそんなひがきてもまいあさかがやいてるためのまいあんさーいつかおれたちもしんじゃうならしんじゃうまでたのしんじゃうそんじゃまだまだいくぜさーこたえな	ずっと\\{今,いま\\}まで\\{勝手,かって\\}\\{気まま,きまま\\}で\\{ ,\\}やってきただけ\\{ ,\\}なんて\\{幸せ,しあわせ\\}\\{ ,\\}\\{年齢,ねんれい\\}なんて\\{無,む\\}\\{関係,かんけい\\}\\{ ,\\}やっぱ\\{安定,あんてい\\}なんてつまんねぇよ\\{ ,\\}\\{お隣,おとなり\\}の\\{友達,ともだち\\}もおとなしい\\{大人,おとな\\}になり\\{ ,\\}ここぞとばかり\\{ ,\\}\\{小言,こごと\\}ばかり\\{ ,\\}あいにく\\{オレ,おれ\\}は\\{物わかり,ものわかり\\}のわりい\\{方,ほう\\}\\{ ,\\}\\{遊ぼ,あそぼ\\}うぜ\\{アミーゴ,あみーご\\}\\{ ,\\}しのごの\\{言い,いい\\}たがんじゃねぇ\\{ ,\\}\\{知っ,しっ\\}てるさ\\{オレ,おれ\\}らは\\{ピーターパン,ぴーたーぱん\\}じゃねぇ\\{ ,\\}\\{ジタバタ,じたばた\\}しても\\{時,とき\\}は\\{流れる,ながれる\\}\\{ ,\\}\\{青い,あおい\\}\\{春,はる\\}から\\{解き放た,ときはなた\\}れる\\{ ,\\}そんな\\{日,ひ\\}が\\{来,き\\}ても\\{毎朝,まいあさ\\}\\{ ,\\}\\{輝い,かがやい\\}てるための\\{マイアンサー,まいあんさー\\}\\{ ,\\}いつか\\{オレ,おれ\\}\\{達,たち\\}も\\{死ん,しん\\}じゃうなら\\{死ん,しん\\}じゃうまで\\{楽しん,たのしん\\}じゃう\\{ ,\\}そんじゃ\\{ ,\\}まだまだ\\{行く,いく\\}ぜ\\{ ,\\}さー\\{答え,こたえ\\}な\\{ ,\\}	5	2018-05-18 13:23:33.080572	2018-05-18 13:23:33.080572	3
91812582	293514184	15386296	609764183	マイアンサーNo.1快感のワンダーランド階段を上がんならそう今じゃない今はアンバランス	まいあんさーなんばーわんかいかんのわんだーらんどかいだんをあがんならそういまじゃないいまはあんばらんす	\\{マイアンサー,まいあんさー\\}\\{ ,\\}\\{No,なんばー\\}\\{.,\\}\\{1,わん\\}\\{ ,\\}\\{快感,かいかん\\}の\\{ ,\\}\\{ワンダーランド,わんだーらんど\\}\\{ ,\\}\\{階段,かいだん\\}を\\{上がん,あがん\\}なら\\{ ,\\}そう\\{ ,\\}\\{今,いま\\}じゃない\\{ ,\\}\\{今,いま\\}は\\{アンバランス,あんばらんす\\}\\{ ,\\}	6	2018-05-18 13:23:33.080572	2018-05-18 13:23:33.080572	3
878882556	1019609961	301022393	318236322	行きてぇような行きたくねぇよなってマジ歩くが体にゃ抵抗が向かう足がもたつき俺の胃ももたつきできんならすぐさまbedでオヤスミ明日の事など眼中ねぇなんて言ってもいられねぇ来年で30です浴びるほど飲んで酒に酔う前にライカ田中飲む前に飲む飲み込んだ胃腸薬もう着込んだいっちょうら今日はPARTYALLNIGHTやり放題ほんじゃ行こうか待てちょっとタンマ(ん?)マジでホント待った(ん?)なんなんだオメェほらガンガン頼め～あソレ	いきてぇようないきたくねぇよなってまじあるくがからだにゃていこうがむかうあしがもたつきおれのいももたつきできんならすぐさまべっどでおやすみあすのことなどがんちゅうねぇなんていってもいられねぇらいねんでさんじゅうですあびるほどのんでさけにようまえにらいかたなかのむまえにのむのみこんだいちょうやくもうきこんだいっちょうらきょうはぱーてぃーおーるないとやりほうだいほんじゃいこうかまてちょっとたんまんまじでほんとまったんなんなんだおめぇほらがんがんたのめーあそれ	\\{行き,いき\\}てぇような\\{ ,\\}\\{行き,いき\\}たくねぇよなって\\{ ,\\}\\{マジ,まじ\\}\\{歩く,あるく\\}が\\{体,からだ\\}にゃ\\{抵抗,ていこう\\}が\\{ ,\\}\\{向かう,むかう\\}\\{足,あし\\}がもたつき\\{ ,\\}\\{俺,おれ\\}の\\{胃,い\\}ももたつき\\{ ,\\}できんなら\\{ ,\\}すぐさま\\{bed,べっど\\}で\\{オヤスミ,おやすみ\\}\\{ ,\\}\\{明日,あす\\}の\\{事,こと\\}など\\{眼中,がんちゅう\\}ねぇ\\{ ,\\}なんて\\{言っ,いっ\\}てもいられねぇ\\{ ,\\}\\{来年,らいねん\\}で\\{30,さんじゅう\\}です\\{ ,\\}\\{浴びる,あびる\\}ほど\\{飲ん,のん\\}で\\{ ,\\}\\{酒,さけ\\}に\\{酔う,よう\\}\\{前,まえ\\}に\\{ ,\\}\\{ライカ,らいか\\}\\{田中,たなか\\}\\{ ,\\}\\{飲む,のむ\\}\\{前,まえ\\}に\\{飲む,のむ\\}\\{ ,\\}\\{飲み込ん,のみこん\\}だ\\{胃腸,いちょう\\}\\{薬,やく\\}\\{ ,\\}もう\\{着込ん,きこん\\}だいっちょうら\\{ ,\\}\\{今日,きょう\\}は\\{PARTY,ぱーてぃー\\}\\{ ,\\}\\{ALL,おーる\\}\\{ ,\\}\\{NIGHT,ないと\\}\\{ ,\\}やり\\{放題,ほうだい\\}\\{ ,\\}ほんじゃ\\{行こ,いこ\\}うか\\{ ,\\}\\{待て,まて\\}ちょっと\\{タンマ,たんま\\}\\{(,\\}ん\\{?),\\}\\{マジ,まじ\\}で\\{ホント,ほんと\\}\\{待っ,まっ\\}た\\{(,\\}ん\\{?),\\}\\{ ,\\}なんなんだ\\{オメェ,おめぇ\\}\\{ ,\\}ほら\\{ガンガン,がんがん\\}\\{頼め,たのめ\\}\\{～,ー\\}\\{ ,\\}あ\\{ソレ,それ\\}\\{ ,\\}	1	2018-05-18 13:23:33.080572	2018-05-18 13:23:33.080572	1
762052424	1019609961	15386296	695734176	あけろ!あけろ!みんなでみんなを盛り上げろ!あげろ!あげろ!地球を持ち上げろ!!!	あけろあけろみんなでみんなをもりあげろあげろあげろちきゅうをもちあげろ	あけろ\\{!,\\}\\{ ,\\}あけろ\\{!,\\}\\{ ,\\}みんなでみんなを\\{盛り上げろ,もりあげろ\\}\\{!,\\}\\{ ,\\}あげろ\\{!,\\}\\{ ,\\}あげろ\\{!,\\}\\{ ,\\}\\{地球,ちきゅう\\}を\\{持ち上げろ,もちあげろ\\}\\{!!!,\\}\\{ ,\\}	2	2018-05-18 13:23:33.080572	2018-05-18 13:23:33.080572	1
443338707	1019609961	15386296	609764183	夢中になれればいーじゃん簡単だ簡単だ簡単だ宇宙見上げればいーじゃんがんばんながんばんながんばんな踊れ(CHACHACHA)笑え(ハッハッハッー)その手かかげここで騒げ踊れ(CHACHACHA)笑え(ハッハッハッー)苦しいんなら手を叩け3.3.7!	むちゅうになれればいーじゃんかんたんだかんたんだかんたんだうちゅうみあげればいーじゃんがんばんながんばんながんばんなおどれちゃちゃちゃわらえはっはっはっーそのてかかげここでさわげおどれちゃちゃちゃわらえはっはっはっーくるしいんならてをたたけさんさんなな	\\{夢中,むちゅう\\}になれればいーじゃん\\{ ,\\}\\{簡単,かんたん\\}だ\\{ ,\\}\\{簡単,かんたん\\}だ\\{ ,\\}\\{簡単,かんたん\\}だ\\{ ,\\}\\{宇宙,うちゅう\\}\\{見上げれ,みあげれ\\}ばいーじゃん\\{ ,\\}がんばんな\\{ ,\\}がんばんな\\{ ,\\}がんばんな\\{ ,\\}\\{踊れ,おどれ\\}\\{(,\\}\\{CHA,ちゃ\\}\\{ ,\\}\\{CHA,ちゃ\\}\\{ ,\\}\\{CHA,ちゃ\\}\\{),\\}\\{ ,\\}\\{笑え,わらえ\\}\\{(,\\}\\{ハッハッハッー,はっはっはっー\\}\\{),\\}\\{ ,\\}その\\{手,て\\}\\{ ,\\}かかげ\\{ ,\\}ここで\\{ ,\\}\\{騒げ,さわげ\\}\\{ ,\\}\\{踊れ,おどれ\\}\\{(,\\}\\{CHA,ちゃ\\}\\{ ,\\}\\{CHA,ちゃ\\}\\{ ,\\}\\{CHA,ちゃ\\}\\{),\\}\\{ ,\\}\\{笑え,わらえ\\}\\{(,\\}\\{ハッハッハッー,はっはっはっー\\}\\{),\\}\\{ ,\\}\\{苦しい,くるしい\\}んなら\\{手,て\\}を\\{叩け,たたけ\\}\\{ ,\\}\\{3,さん\\}\\{.,\\}\\{3,さん\\}\\{.,\\}\\{7,なな\\}\\{!,\\}\\{ ,\\}	3	2018-05-18 13:23:33.080572	2018-05-18 13:23:33.080572	1
67656308	1019609961	607805222	318236322	また今日もオレを呼び出すぜ携帯(ピッピッ)家でとにかく寝ていたいのに電波の向こう側からは(ビンビン)何かありそうなザワザワ感が…「おいでよ～」みたいなクセのあるフローで誘い出されちゃった手のなる方へ自分で自分あげ沈んでいく気分排除「はい、どぉ～もぉ～」やったろう!	またきょうもおれをよびだすぜけいたいぴっぴっうちでとにかくねていたいのにでんぱのむこうがわからはびんびんなんかありそうなざわざわかんがおいでよーみたいなくせのあるふろーでさそいだされちゃったてのなるほうへじぶんでじぶんあげしずんでいくきぶんはいじょはいどぉーもぉーやったろう	また\\{今日,きょう\\}も\\{オレ,おれ\\}を\\{呼び出す,よびだす\\}ぜ\\{携帯,けいたい\\}\\{(,\\}\\{ピッ,ぴっ\\}\\{ピッ,ぴっ\\}\\{),\\}\\{ ,\\}\\{家,うち\\}でとにかく\\{寝,ね\\}ていたいのに\\{ ,\\}\\{電波,でんぱ\\}の\\{向こう,むこう\\}\\{側,がわ\\}からは\\{(,\\}\\{ビンビン,びんびん\\}\\{),\\}\\{ ,\\}\\{何,なん\\}かありそうな\\{ザワザワ,ざわざわ\\}\\{感,かん\\}が\\{…,\\}\\{ ,\\}\\{「,\\}おいでよ\\{～,ー\\}\\{」,\\}みたいな\\{クセ,くせ\\}のある\\{フロー,ふろー\\}で\\{ ,\\}\\{誘い出さ,さそいださ\\}れちゃった\\{ ,\\}\\{手,て\\}のなる\\{方,ほう\\}へ\\{ ,\\}\\{自分,じぶん\\}で\\{自分,じぶん\\}あげ\\{ ,\\}\\{沈ん,しずん\\}でいく\\{気分,きぶん\\}\\{排除,はいじょ\\}\\{ ,\\}\\{「,\\}はい\\{、,\\}どぉ\\{～,ー\\}もぉ\\{～,ー\\}\\{」,\\}やったろう\\{!,\\}\\{ ,\\}	4	2018-05-18 13:23:33.080572	2018-05-18 13:23:33.080572	2
856648421	1019609961	434322821	318236322	オーワッチャノウチャンスはワンチャンスチャッチャッと飲んでそんでもってチャンチャンって終わっちゃうのあっちゃ弱っちゃうやんちゃなあんちゃん踊ろチャッチャッチャッちゃちゃ入れんな全部本チャンハッチャメチャはっちゃけちゃいなドンチャンイチャイチャしようぜHey!ベイビーちゃん閉店時間エナ制限時間なんてな気にしない行くぞ一次会二次会三次会行きたい感じかい?四次会五次会おしまいをしないと誓いますか?飲み会マスターあっそれ!	おーわっちゃのうちゃんすはわんちゃんすちゃっちゃっとのんでそんでもってちゃんちゃんっておわっちゃうのあっちゃよわっちゃうやんちゃなあんちゃんおどろちゃっちゃっちゃっちゃちゃいれんなぜんぶほんちゃんはっちゃめちゃはっちゃけちゃいなどんちゃんいちゃいちゃしようぜへいべいびーちゃんへいてんじかんえなせいげんじかんなんてなきにしないいくぞいちじかいにじかいさんじかいいきたいかんじかいよじかいごじかいおしまいをしないとちかいますかのみかいますたーあっそれ	\\{オー,おー\\}\\{ ,\\}\\{ワッチャ,わっちゃ\\}\\{ ,\\}\\{ノウ,のう\\}\\{ ,\\}\\{チャンス,ちゃんす\\}は\\{ワンチャンス,わんちゃんす\\}\\{ ,\\}\\{チャッ,ちゃっ\\}\\{ ,\\}\\{チャッ,ちゃっ\\}と\\{飲ん,のん\\}でそんでもって\\{チャン,ちゃん\\}\\{チャン,ちゃん\\}\\{ ,\\}って\\{終わっ,おわっ\\}ちゃうの\\{ ,\\}あっちゃ\\{ ,\\}\\{弱っ,よわっ\\}ちゃう\\{ ,\\}やんちゃな\\{ ,\\}あんちゃん\\{ ,\\}\\{踊ろ,おどろ\\}\\{ ,\\}\\{チャッ,ちゃっ\\}\\{ ,\\}\\{チャッ,ちゃっ\\}\\{ ,\\}\\{チャッ,ちゃっ\\}\\{ ,\\}ちゃちゃ\\{ ,\\}\\{入れ,いれ\\}んな\\{ ,\\}\\{全部,ぜんぶ\\}\\{ ,\\}\\{本,ほん\\}\\{チャン,ちゃん\\}\\{ ,\\}\\{ハッチャメチャ,はっちゃめちゃ\\}\\{ ,\\}はっちゃけちゃいな\\{ ,\\}\\{ドン,どん\\}\\{チャン,ちゃん\\}\\{ ,\\}\\{イチャイチャ,いちゃいちゃ\\}しようぜ\\{ ,\\}\\{Hey,へい\\}\\{!,\\}\\{ベイビー,べいびー\\}ちゃん\\{ ,\\}\\{閉店,へいてん\\}\\{時間,じかん\\}\\{ ,\\}\\{エナ,えな\\}\\{ ,\\}\\{制限,せいげん\\}\\{時間,じかん\\}\\{ ,\\}なんてな\\{気,き\\}にしない\\{ ,\\}\\{行く,いく\\}ぞ\\{一,いち\\}\\{次,じ\\}\\{会,かい\\}\\{ ,\\}\\{二次会,にじかい\\}\\{ ,\\}\\{三,さん\\}\\{次,じ\\}\\{会,かい\\}\\{ ,\\}\\{行き,いき\\}たい\\{ ,\\}\\{感じ,かんじ\\}かい\\{?,\\}\\{ ,\\}\\{四,よ\\}\\{次,じ\\}\\{会,かい\\}\\{ ,\\}\\{五,ご\\}\\{次,じ\\}\\{会,かい\\}\\{ ,\\}おしまいをしないと\\{誓い,ちかい\\}ますか\\{?,\\}\\{ ,\\}\\{飲み,のみ\\}\\{会,かい\\}\\{マスター,ますたー\\}\\{ ,\\}あっそれ\\{!,\\}\\{ ,\\}	5	2018-05-18 13:23:33.080572	2018-05-18 13:23:33.080572	3
705051489	1019609961	15386296	695734176	あけろ!あけろ!みんなでみんなを盛り上げろ!あげろ!あげろ!地球を持ち上げろ!!!	あけろあけろみんなでみんなをもりあげろあげろあげろちきゅうをもちあげろ	あけろ\\{!,\\}\\{ ,\\}あけろ\\{!,\\}\\{ ,\\}みんなでみんなを\\{盛り上げろ,もりあげろ\\}\\{!,\\}\\{ ,\\}あげろ\\{!,\\}\\{ ,\\}あげろ\\{!,\\}\\{ ,\\}\\{地球,ちきゅう\\}を\\{持ち上げろ,もちあげろ\\}\\{!!!,\\}\\{ ,\\}	6	2018-05-18 13:23:33.080572	2018-05-18 13:23:33.080572	2
486607820	1019609961	15386296	609764183	夢中になれればいーじゃん簡単だ簡単だ簡単だ宇宙見上げればいーじゃんがんばんながんばんながんばんな踊れ(CHACHACHA)笑え(ハッハッハッー)その手かかげここで騒げ踊れ(CHACHACHA)笑え(ハッハッハッー)苦しいんなら手を叩け3.3.7!	むちゅうになれればいーじゃんかんたんだかんたんだかんたんだうちゅうみあげればいーじゃんがんばんながんばんながんばんなおどれちゃちゃちゃわらえはっはっはっーそのてかかげここでさわげおどれちゃちゃちゃわらえはっはっはっーくるしいんならてをたたけさんさんなな	\\{夢中,むちゅう\\}になれればいーじゃん\\{ ,\\}\\{簡単,かんたん\\}だ\\{ ,\\}\\{簡単,かんたん\\}だ\\{ ,\\}\\{簡単,かんたん\\}だ\\{ ,\\}\\{宇宙,うちゅう\\}\\{見上げれ,みあげれ\\}ばいーじゃん\\{ ,\\}がんばんな\\{ ,\\}がんばんな\\{ ,\\}がんばんな\\{ ,\\}\\{踊れ,おどれ\\}\\{(,\\}\\{CHA,ちゃ\\}\\{ ,\\}\\{CHA,ちゃ\\}\\{ ,\\}\\{CHA,ちゃ\\}\\{),\\}\\{ ,\\}\\{笑え,わらえ\\}\\{(,\\}\\{ハッハッハッー,はっはっはっー\\}\\{),\\}\\{ ,\\}その\\{手,て\\}\\{ ,\\}かかげ\\{ ,\\}ここで\\{ ,\\}\\{騒げ,さわげ\\}\\{ ,\\}\\{踊れ,おどれ\\}\\{(,\\}\\{CHA,ちゃ\\}\\{ ,\\}\\{CHA,ちゃ\\}\\{ ,\\}\\{CHA,ちゃ\\}\\{),\\}\\{ ,\\}\\{笑え,わらえ\\}\\{(,\\}\\{ハッハッハッー,はっはっはっー\\}\\{),\\}\\{ ,\\}\\{苦しい,くるしい\\}んなら\\{手,て\\}を\\{叩け,たたけ\\}\\{ ,\\}\\{3,さん\\}\\{.,\\}\\{3,さん\\}\\{.,\\}\\{7,なな\\}\\{!,\\}\\{ ,\\}	7	2018-05-18 13:23:33.080572	2018-05-18 13:23:33.080572	2
230561369	1019609961	15386296	609764183	今夜も独りただ酔うだけ夜の街を漂うだけ	こんやもひとりただようだけよるのまちをただようだけ	\\{今夜,こんや\\}も\\{独り,ひとり\\}\\{ ,\\}ただ\\{酔う,よう\\}だけ\\{ ,\\}\\{夜,よる\\}の\\{街,まち\\}を\\{ ,\\}\\{漂う,ただよう\\}だけ\\{ ,\\}	8	2018-05-18 13:23:33.080572	2018-05-18 13:23:33.080572	3
446143880	581266737	301022393	318236322	俺がUDJだ皆調子どぉ?YO!!行くぞ今夜もON&ONくだらないトークから真面目なトークまで届けるぜ遠くまでガンガン待ってんぜ感想や意見そこから生まれる感動が日本中のリスナーの耳に響き渡るぜそうあなたに君に悩みごとでも何でも答えるぜ俺とTWOターンテーブル君のグチお前の一発ギャグでも芸でもPICKUP伝えるぜこの電波でいっそ飛ばしちゃえ天までだからくまなく最後までCHECKITOUT!お相手はUDJでした	おれがゆーでぃーじぇーだみなちょうしどぉよーいくぞこんやもおんあんどおんくだらないとーくからまじめなとーくまでとどけるぜとおくまでがんがんまってんぜかんそうやいけんそこからうまれるかんどうがにほんじゅうのりすなーのみみにひびきわたるぜそうあなたにきみになやみごとでもなんでもこたえるぜおれとつーたーんてーぶるきみのぐちおまえのいっぱつぎゃぐでもげいでもぴっくあっぷつたえるぜこのでんぱでいっそとばしちゃえてんまでだからくまなくさいごまでちぇっくいっとあうとおあいてはゆーでぃーじぇーでした	\\{俺,おれ\\}が\\{UDJ,ゆーでぃーじぇー\\}だ\\{ ,\\}\\{皆,みな\\}\\{調子,ちょうし\\}どぉ\\{?,\\}\\{ ,\\}\\{YO,よー\\}\\{!!,\\}\\{ ,\\}\\{行く,いく\\}ぞ\\{ ,\\}\\{今夜,こんや\\}も\\{ ,\\}\\{ON,おん\\}\\{&,あんど\\}\\{ON,おん\\}\\{ ,\\}くだらない\\{トーク,とーく\\}から\\{ ,\\}\\{真面目,まじめ\\}な\\{トーク,とーく\\}まで\\{ ,\\}\\{届ける,とどける\\}ぜ\\{ ,\\}\\{遠く,とおく\\}まで\\{ ,\\}\\{ガンガン,がんがん\\}\\{待っ,まっ\\}てんぜ\\{ ,\\}\\{感想,かんそう\\}や\\{意見,いけん\\}\\{ ,\\}そこから\\{生まれる,うまれる\\}\\{感動,かんどう\\}が\\{ ,\\}\\{日本,にほん\\}\\{中,じゅう\\}の\\{リスナー,りすなー\\}の\\{耳,みみ\\}に\\{響き,ひびき\\}\\{渡る,わたる\\}ぜ\\{ ,\\}そう\\{ ,\\}あなたに\\{ ,\\}\\{君,きみ\\}に\\{ ,\\}\\{悩みごと,なやみごと\\}でも\\{何,なん\\}でも\\{答える,こたえる\\}ぜ\\{ ,\\}\\{俺,おれ\\}と\\{TWO,つー\\}\\{ターン,たーん\\}\\{テーブル,てーぶる\\}\\{ ,\\}\\{君,きみ\\}の\\{グチ,ぐち\\}\\{ ,\\}\\{お前,おまえ\\}の\\{一,いっ\\}\\{発,ぱつ\\}\\{ギャグ,ぎゃぐ\\}でも\\{芸,げい\\}でも\\{PICK,ぴっく\\}\\{ ,\\}\\{UP,あっぷ\\}\\{ ,\\}\\{伝える,つたえる\\}ぜこの\\{電波,でんぱ\\}で\\{ ,\\}いっそ\\{飛ばし,とばし\\}ちゃえ\\{天,てん\\}まで\\{ ,\\}だからくまなく\\{最後,さいご\\}まで\\{ ,\\}\\{CHECK,ちぇっく\\}\\{ ,\\}\\{IT,いっと\\}\\{ ,\\}\\{OUT,あうと\\}\\{!,\\}\\{ ,\\}お\\{相手,あいて\\}は\\{UDJ,ゆーでぃーじぇー\\}でした\\{ ,\\}	1	2018-05-18 13:23:33.080572	2018-05-18 13:23:33.080572	1
60738624	581266737	15386296	609764183	MynameisDJ，DJ何だっていい誰だっていいぜ聴いて(DJ，DJ)見えない君に俺から打ち明ける(DJ，DJ)見えない俺と君とが向き合える	まいねーむいずでぃーじぇーでぃーじぇーなんだっていいだれだっていいぜきいてでぃーじぇーでぃーじぇーみえないきみにおれからうちあけるでぃーじぇーでぃーじぇーみえないおれときみとがむきあえる	\\{My,まい\\}\\{ ,\\}\\{name,ねーむ\\}\\{ ,\\}\\{is,いず\\}\\{ ,\\}\\{DJ,でぃーじぇー\\}\\{，,\\}\\{DJ,でぃーじぇー\\}\\{ ,\\}\\{何,なん\\}だっていい\\{ ,\\}\\{誰,だれ\\}だっていいぜ\\{ ,\\}\\{聴い,きい\\}て\\{ ,\\}\\{(,\\}\\{DJ,でぃーじぇー\\}\\{，,\\}\\{DJ,でぃーじぇー\\}\\{),\\}\\{見え,みえ\\}ない\\{君,きみ\\}に\\{俺,おれ\\}から\\{打ち明ける,うちあける\\}\\{ ,\\}\\{(,\\}\\{DJ,でぃーじぇー\\}\\{，,\\}\\{DJ,でぃーじぇー\\}\\{),\\}\\{見え,みえ\\}ない\\{俺,おれ\\}と\\{君,きみ\\}とが\\{向き合える,むきあえる\\}\\{ ,\\}	2	2018-05-18 13:23:33.080572	2018-05-18 13:23:33.080572	1
882506921	581266737	434322821	318236322	この声が聞こえますか?元気ですか?元気なフリですか?平気ですか?平気なフリですか?演技ですか?外は天気ですよ返事が無いぜ話し相手どうしたんだよだらしないぜそりゃまぁついてねえ事もあるよそんなオマエにはこんな音をやるよ音楽が空間通過中春夏秋冬ずっと一年中合わす周波数1，2ちゃんと耳を傾けなこれが俺からのはなむけさどうか地道に地道に生き抜く君に生き生きとした一日を	このこえがきこえますかげんきですかげんきなふりですかへいきですかへいきなふりですかえんぎですかそとはてんきですよへんじがないぜはなしあいてどうしたんだよだらしないぜそりゃまぁついてねえこともあるよそんなおまえにはこんなおとをやるよおんがくがくうかんつうかちゅうしゅんかしゅうとうずっといちねんじゅうあわすしゅうはすうわん，つーちゃんとみみをかたむけなこれがおれからのはなむけさどうかじみちにじみちにいきぬくきみにいきいきとしたいちにちを	この\\{声,こえ\\}が\\{聞こえ,きこえ\\}ますか\\{?,\\}\\{ ,\\}\\{元気,げんき\\}ですか\\{?,\\}\\{ ,\\}\\{元気,げんき\\}な\\{フリ,ふり\\}ですか\\{?,\\}\\{ ,\\}\\{平気,へいき\\}ですか\\{?,\\}\\{ ,\\}\\{平気,へいき\\}な\\{フリ,ふり\\}ですか\\{?,\\}\\{ ,\\}\\{演技,えんぎ\\}ですか\\{?,\\}\\{ ,\\}\\{外,そと\\}は\\{天気,てんき\\}ですよ\\{ ,\\}\\{返事,へんじ\\}が\\{無い,ない\\}ぜ\\{ ,\\}\\{話し相手,はなしあいて\\}\\{ ,\\}どうしたんだよ\\{ ,\\}だらしないぜ\\{ ,\\}そりゃまぁ\\{ ,\\}ついてねえ\\{事,こと\\}もあるよ\\{ ,\\}そんな\\{オマエ,おまえ\\}には\\{ ,\\}こんな\\{音,おと\\}をやるよ\\{ ,\\}\\{音楽,おんがく\\}が\\{空間,くうかん\\}\\{通過,つうか\\}\\{中,ちゅう\\}\\{ ,\\}\\{春夏秋冬,しゅんかしゅうとう\\}ずっと\\{一年中,いちねんじゅう\\}\\{ ,\\}\\{合わす,あわす\\}\\{周波数,しゅうはすう\\}\\{1,わん\\}\\{，,，\\}\\{2,つー\\}\\{ ,\\}ちゃんと\\{耳,みみ\\}を\\{傾け,かたむけ\\}な\\{ ,\\}これが\\{俺,おれ\\}からのはなむけさ\\{ ,\\}どうか\\{地道,じみち\\}に\\{地道,じみち\\}に\\{生き抜く,いきぬく\\}\\{君,きみ\\}に\\{ ,\\}\\{生き生き,いきいき\\}とした\\{一,いち\\}\\{日,にち\\}を\\{ ,\\}	3	2018-05-18 13:23:33.080572	2018-05-18 13:23:33.080572	2
608565795	273780870	434322821	318236322	くれよ賛成票シカト反対票回るターンテーブルからはファン待望(のFUNK!)おまっとさんハラペコちゃんベビー(OI!)おいとけ!甘めのシャンメリー	くれよさんせいひょうしかとはんたいひょうまわるたーんてーぶるからはふぁんたいぼうのふぁんくおまっとさんはらぺこちゃんべびーおいおいとけあまめのしゃんめりー	くれよ\\{賛成,さんせい\\}\\{票,ひょう\\}\\{シカト,しかと\\}\\{反対,はんたい\\}\\{票,ひょう\\}\\{ ,\\}\\{回る,まわる\\}\\{ターン,たーん\\}\\{テーブル,てーぶる\\}からは\\{ファン,ふぁん\\}\\{待望,たいぼう\\}\\{ ,\\}\\{(,\\}の\\{FUNK,ふぁんく\\}\\{!),\\}\\{ ,\\}おまっとさん\\{ ,\\}\\{ハラペコ,はらぺこ\\}ちゃん\\{ベビー,べびー\\}\\{ ,\\}\\{(,\\}\\{OI,おい\\}\\{!),\\}\\{ ,\\}おいとけ\\{!,\\}\\{甘,あま\\}めの\\{シャンメリー,しゃんめりー\\}\\{ ,\\}	11	2018-05-18 13:23:33.080572	2018-05-18 13:23:33.080572	8
721250572	581266737	15386296	609764183	MynameisDJ，DJ何だっていい誰だっていいぜ聴いて(DJ，DJ)見えない君に俺から打ち明ける(DJ，DJ)見えない俺と君とが向き合える	まいねーむいずでぃーじぇーでぃーじぇーなんだっていいだれだっていいぜきいてでぃーじぇーでぃーじぇーみえないきみにおれからうちあけるでぃーじぇーでぃーじぇーみえないおれときみとがむきあえる	\\{My,まい\\}\\{ ,\\}\\{name,ねーむ\\}\\{ ,\\}\\{is,いず\\}\\{ ,\\}\\{DJ,でぃーじぇー\\}\\{，,\\}\\{DJ,でぃーじぇー\\}\\{ ,\\}\\{何,なん\\}だっていい\\{ ,\\}\\{誰,だれ\\}だっていいぜ\\{ ,\\}\\{聴い,きい\\}て\\{ ,\\}\\{(,\\}\\{DJ,でぃーじぇー\\}\\{，,\\}\\{DJ,でぃーじぇー\\}\\{),\\}\\{見え,みえ\\}ない\\{君,きみ\\}に\\{俺,おれ\\}から\\{打ち明ける,うちあける\\}\\{ ,\\}\\{(,\\}\\{DJ,でぃーじぇー\\}\\{，,\\}\\{DJ,でぃーじぇー\\}\\{),\\}\\{見え,みえ\\}ない\\{俺,おれ\\}と\\{君,きみ\\}とが\\{向き合える,むきあえる\\}\\{ ,\\}	4	2018-05-18 13:23:33.080572	2018-05-18 13:23:33.080572	2
502946207	581266737	607805222	318236322	Hey!MUSICFREAKS今日のテーマはFREEF・R・E・S・Hなメッセージ待ってるぜ使ってもいいんだぜペンネームリクエストに質問何でもいい彼氏ができた自慢でもいい今夜のゲストのファンでもいいから君の声を聴かせて欲しい悩み相談それからたまに冗談まで顔なんか見えなくてもいいから話ししようやなぁここから電波にのせ今日も俺は喋っているゆっくりGOODMUSIC聴かせたいから最後までSTAYTUNE	へいみゅーじっくふりーくすきょうのてーまはふりーえふあーるいーえすえっちなめっせーじまってるぜつかってもいいんだぜぺんねーむりくえすとにしつもんなんでもいいかれしができたじまんでもいいこんやのげすとのふぁんでもいいからきみのこえをきかせてほしいなやみそうだんそれからたまにじょうだんまでかおなんかみえなくてもいいからはなししようやなぁここからでんぱにのせきょうもおれはしゃべっているゆっくりぐっどみゅーじっくきかせたいからさいごまですていちゅーん	\\{Hey,へい\\}\\{!,\\}\\{ ,\\}\\{MUSIC,みゅーじっく\\}\\{ ,\\}\\{FREAKS,ふりーくす\\}\\{ ,\\}\\{今日,きょう\\}の\\{テーマ,てーま\\}は\\{FREE,ふりー\\}\\{ ,\\}\\{F,えふ\\}\\{・,\\}\\{R,あーる\\}\\{・,\\}\\{E,いー\\}\\{・,\\}\\{S,えす\\}\\{・,\\}\\{H,えっち\\}\\{ ,\\}な\\{メッセージ,めっせーじ\\}\\{待っ,まっ\\}てるぜ\\{ ,\\}\\{使っ,つかっ\\}てもいいんだぜ\\{ペンネーム,ぺんねーむ\\}\\{ ,\\}\\{リクエスト,りくえすと\\}に\\{質問,しつもん\\}\\{何,なん\\}でもいい\\{ ,\\}\\{彼氏,かれし\\}ができた\\{自慢,じまん\\}でもいい\\{ ,\\}\\{今夜,こんや\\}の\\{ゲスト,げすと\\}の\\{ファン,ふぁん\\}でもいいから\\{ ,\\}\\{君,きみ\\}の\\{声,こえ\\}を\\{聴か,きか\\}せて\\{欲しい,ほしい\\}\\{ ,\\}\\{悩み,なやみ\\}\\{相談,そうだん\\}\\{ ,\\}それからたまに\\{冗談,じょうだん\\}まで\\{ ,\\}\\{顔,かお\\}なんか\\{見え,みえ\\}なくてもいいから\\{ ,\\}\\{話し,はなし\\}しようや\\{ ,\\}なぁ\\{ ,\\}ここから\\{電波,でんぱ\\}にのせ\\{ ,\\}\\{今日,きょう\\}も\\{俺,おれ\\}は\\{喋っ,しゃべっ\\}ている\\{ ,\\}ゆっくり\\{GOOD,ぐっど\\}\\{ ,\\}\\{MUSIC,みゅーじっく\\}\\{聴か,きか\\}せたいから\\{ ,\\}\\{最後,さいご\\}まで\\{STAY,すてい\\}\\{ ,\\}\\{TUNE,ちゅーん\\}\\{ ,\\}	5	2018-05-18 13:23:33.080572	2018-05-18 13:23:33.080572	3
83036199	581266737	15386296	609764183	MynameisDJ，DJ何だっていい誰だっていいぜ聴いて(DJ，DJ)見えない君に俺から打ち明ける(DJ，DJ)見えない俺と君とが向き合える	まいねーむいずでぃーじぇーでぃーじぇーなんだっていいだれだっていいぜきいてでぃーじぇーでぃーじぇーみえないきみにおれからうちあけるでぃーじぇーでぃーじぇーみえないおれときみとがむきあえる	\\{My,まい\\}\\{ ,\\}\\{name,ねーむ\\}\\{ ,\\}\\{is,いず\\}\\{ ,\\}\\{DJ,でぃーじぇー\\}\\{，,\\}\\{DJ,でぃーじぇー\\}\\{ ,\\}\\{何,なん\\}だっていい\\{ ,\\}\\{誰,だれ\\}だっていいぜ\\{ ,\\}\\{聴い,きい\\}て\\{ ,\\}\\{(,\\}\\{DJ,でぃーじぇー\\}\\{，,\\}\\{DJ,でぃーじぇー\\}\\{),\\}\\{見え,みえ\\}ない\\{君,きみ\\}に\\{俺,おれ\\}から\\{打ち明ける,うちあける\\}\\{ ,\\}\\{(,\\}\\{DJ,でぃーじぇー\\}\\{，,\\}\\{DJ,でぃーじぇー\\}\\{),\\}\\{見え,みえ\\}ない\\{俺,おれ\\}と\\{君,きみ\\}とが\\{向き合える,むきあえる\\}\\{ ,\\}	6	2018-05-18 13:23:33.080572	2018-05-18 13:23:33.080572	3
871643312	581266737	15386296	609764183	朝が来るまで部屋で車で流れ出した音にただくるまって夜が来るまで部屋で車で流れ出した音にただくるまってAIRCHECK!	あさがくるまでへやでくるまでながれだしたおとにただくるまってよるがくるまでへやでくるまでながれだしたおとにただくるまってえあちぇっく	\\{朝,あさ\\}が\\{来る,くる\\}まで\\{ ,\\}\\{部屋,へや\\}で\\{車,くるま\\}で\\{ ,\\}\\{流れ出し,ながれだし\\}た\\{音,おと\\}に\\{ ,\\}ただくるまって\\{ ,\\}\\{夜,よる\\}が\\{来る,くる\\}まで\\{ ,\\}\\{部屋,へや\\}で\\{車,くるま\\}で\\{ ,\\}\\{流れ出し,ながれだし\\}た\\{音,おと\\}に\\{ ,\\}ただくるまって\\{ ,\\}\\{AIR,えあ\\}\\{ ,\\}\\{CHECK,ちぇっく\\}\\{!,\\}\\{ ,\\}	7	2018-05-18 13:23:33.080572	2018-05-18 13:23:33.080572	4
144588779	350177866	72714515	425211171	(MIC)1，2，3，OK(MIC)4&5オーライ(MIC)6準備いーぜ(DJ)toriiiiiico!toriiiiiico!	まいくわん，つー，すりーおーけーまいくふぉーあんどふぁいぶおーらいまいくしっくすじゅんびいーぜでぃーじぇーとりいことりいこ	\\{(,\\}\\{MIC,まいく\\}\\{),\\}\\{ ,\\}\\{1,わん\\}\\{，,，\\}\\{2,つー\\}\\{，,，\\}\\{3,すりー\\}\\{，,\\}\\{ ,\\}\\{OK,おーけー\\}\\{ ,\\}\\{(,\\}\\{MIC,まいく\\}\\{),\\}\\{ ,\\}\\{4,ふぉー\\}\\{&,あんど\\}\\{5,ふぁいぶ\\}\\{ ,\\}\\{オー,おー\\}\\{ライ,らい\\}\\{ ,\\}\\{(,\\}\\{MIC,まいく\\}\\{),\\}\\{ ,\\}\\{6,しっくす\\}\\{ ,\\}\\{準備,じゅんび\\}いーぜ\\{ ,\\}\\{(,\\}\\{DJ,でぃーじぇー\\}\\{),\\}\\{ ,\\}\\{toriiiiiico,とりいこ\\}\\{!,\\}\\{ ,\\}\\{toriiiiiico,とりいこ\\}\\{!,\\}\\{ ,\\}	1	2018-05-18 13:23:33.080572	2018-05-18 13:23:33.080572	1
295136851	350177866	434322821	318236322	チェキラッカバディバディ待ったなしなしハディナディエアー始まりですテストマイカフォン(1，2)チェッチェッ超幸せだぜサンキュー(イエー)セッセッセッ(ヨイヨイヨイ)調子合わせときゃよいチョチョイノチョイどうでもいいセオリーなんて無視楽しい遊びMC	ちぇきらっかばでぃばでぃまったなしなしはでぃなでぃえあーはじまりですてすとまいかふぉんわん，つーちぇっちぇっちょうしあわせだぜさんきゅーいえーせっせっせっよいよいよいちょうしあわせときゃよいちょちょいのちょいどうでもいいせおりーなんてむしたのしいあそびえむしー	\\{チェキ,ちぇき\\}\\{ ,\\}\\{ラッカバディバディ,らっかばでぃばでぃ\\}\\{ ,\\}\\{待った,まった\\}なしなし\\{ ,\\}\\{ハディナディエアー,はでぃなでぃえあー\\}\\{始まり,はじまり\\}です\\{ ,\\}\\{テスト,てすと\\}\\{ ,\\}\\{マイカフォン,まいかふぉん\\}\\{ ,\\}\\{(,\\}\\{1,わん\\}\\{，,，\\}\\{2,つー\\}\\{),\\}\\{ ,\\}\\{チェッチェッ,ちぇっちぇっ\\}\\{ ,\\}\\{超,ちょう\\}\\{幸せ,しあわせ\\}だぜ\\{サンキュー,さんきゅー\\}\\{ ,\\}\\{(,\\}\\{イエー,いえー\\}\\{),\\}\\{ ,\\}\\{セッセッセッ,せっせっせっ\\}\\{ ,\\}\\{(,\\}\\{ヨイヨイヨイ,よいよいよい\\}\\{),\\}\\{ ,\\}\\{調子,ちょうし\\}\\{合わせ,あわせ\\}ときゃよい\\{ ,\\}\\{チョチョイノチョイ,ちょちょいのちょい\\}\\{ ,\\}どうでもいい\\{セオリー,せおりー\\}なんて\\{無視,むし\\}\\{ ,\\}\\{楽しい,たのしい\\}\\{遊び,あそび\\}\\{ ,\\}\\{MC,えむしー\\}\\{ ,\\}	2	2018-05-18 13:23:33.080572	2018-05-18 13:23:33.080572	1
646995656	350177866	49361917	318236322	エンジン上げてGO!ホラ全員叫べHO!(HO!)ほら!どうだ時に冗談まぜパンチはまるでチョーパン決める新鮮なBeatsPleasestandup(yeah!)この一点張り描くsexyなS字	えんじんあげてごーほらぜんいんさけべほーほーほらどうだときにじょうだんまぜぱんちはまるでちょーぱんきめるしんせんなびーつぷりーずすたんどあっぷいぇーこのいってんばりえがくせくしーなえすじ	\\{エンジン,えんじん\\}\\{上げ,あげ\\}て\\{ ,\\}\\{GO,ごー\\}\\{!,\\}\\{ ,\\}\\{ホラ,ほら\\}\\{全員,ぜんいん\\}\\{叫べ,さけべ\\}\\{HO,ほー\\}\\{!,\\}\\{ ,\\}\\{(,\\}\\{HO,ほー\\}\\{!),\\}\\{ ,\\}ほら\\{!,\\}どうだ\\{ ,\\}\\{時に,ときに\\}\\{冗談,じょうだん\\}まぜ\\{ ,\\}\\{パンチ,ぱんち\\}はまるで\\{チョー,ちょー\\}\\{パン,ぱん\\}\\{ ,\\}\\{決める,きめる\\}\\{新鮮,しんせん\\}な\\{ ,\\}\\{Beats,びーつ\\}\\{ ,\\}\\{Please,ぷりーず\\}\\{ ,\\}\\{stand,すたんど\\}\\{ ,\\}\\{up,あっぷ\\}\\{ ,\\}\\{(,\\}\\{yeah,いぇー\\}\\{!),\\}\\{ ,\\}この\\{一点張り,いってんばり\\}\\{ ,\\}\\{描く,えがく\\}\\{ ,\\}\\{sexy,せくしー\\}な\\{S,えす\\}\\{字,じ\\}\\{ ,\\}	3	2018-05-18 13:23:33.080572	2018-05-18 13:23:33.080572	2
955566949	350177866	301022393	318236322	Yeah!ボゥイイイ～ライカフレイバー皆独自なプレイヤー(Wowo)決まりなどあるようで(ないない)エブリデイ初詣で(6人MC)ビジョンカセット(二人のDJ)ONTHESETILLなHEARTBEATFEELTHEHEARTBEAT上がっちゃうぜYO!!Party	いぇーぼぅいいいーらいかふれいばーみんなどくじなぷれいやーうぉうぉきまりなどあるようでないないえぶりでいはつもうででろくにんえむしーびじょんかせっとふたりのでぃーじぇーおんざせっといるなはーとびーとふぃーるざはーとびーとあがっちゃうぜよーぱーてぃー	\\{Yeah,いぇー\\}\\{!,\\}\\{ ,\\}\\{ボゥイイイ,ぼぅいいい\\}\\{～,ー\\}\\{ ,\\}\\{ライカ,らいか\\}\\{ ,\\}\\{フレイ,ふれい\\}\\{バー,ばー\\}\\{ ,\\}\\{皆,みんな\\}\\{ ,\\}\\{独自,どくじ\\}な\\{プレイヤー,ぷれいやー\\}\\{ ,\\}\\{(,\\}\\{Wo,うぉ\\}\\{ ,\\}\\{wo,うぉ\\}\\{),\\}\\{ ,\\}\\{決まり,きまり\\}などあるようで\\{ ,\\}\\{(,\\}ないない\\{),\\}\\{ ,\\}\\{エブリデイ,えぶりでい\\}\\{ ,\\}\\{初詣,はつもうで\\}で\\{ ,\\}\\{(,\\}\\{6,ろく\\}\\{人,にん\\}\\{MC,えむしー\\}\\{),\\}\\{ ,\\}\\{ビジョン,びじょん\\}\\{カセット,かせっと\\}\\{ ,\\}\\{(,\\}\\{二人,ふたり\\}の\\{DJ,でぃーじぇー\\}\\{),\\}\\{ ,\\}\\{ON,おん\\}\\{ ,\\}\\{THE,ざ\\}\\{ ,\\}\\{SET,せっと\\}\\{ ,\\}\\{ILL,いる\\}\\{ ,\\}な\\{ ,\\}\\{HEART,はーと\\}\\{ ,\\}\\{BEAT,びーと\\}\\{ ,\\}\\{FEEL,ふぃーる\\}\\{ ,\\}\\{THE,ざ\\}\\{ ,\\}\\{HEART,はーと\\}\\{ ,\\}\\{BEAT,びーと\\}\\{ ,\\}\\{上がっ,あがっ\\}ちゃうぜ\\{ ,\\}\\{YO,よー\\}\\{!!,\\}\\{ ,\\}\\{Party,ぱーてぃー\\}\\{ ,\\}	4	2018-05-18 13:23:33.080572	2018-05-18 13:23:33.080572	3
267647988	350177866	586780233	318236322	YOどんな5人のボインよりもはまっちまう母音と母音でサンドウィッチ意味を密封大事なんだ一語一句さあ逃さないでちゃんと聞いて下手な外野は3歩引いてラッピンラッピンジャンボリー(Yeah)Funky!いい感じ!	よーどんなごにんのぼいんよりもはまっちまうぼいんとぼいんでさんどうぃっちいみをみっぷうだいじなんだいちごいっくさあのがさないでちゃんときいてへたながいやはさんぽひいてらっぴんらっぴんじゃんぼりーいぇーふぁんきーいいかんじ	\\{YO,よー\\}\\{ ,\\}どんな\\{5,ご\\}\\{人,にん\\}の\\{ボイン,ぼいん\\}よりも\\{ ,\\}はまっちまう\\{母音,ぼいん\\}と\\{母音,ぼいん\\}で\\{ ,\\}\\{サンドウィッチ,さんどうぃっち\\}\\{ ,\\}\\{意味,いみ\\}を\\{密封,みっぷう\\}\\{ ,\\}\\{大事,だいじ\\}なんだ\\{一,いち\\}\\{語,ご\\}\\{一,いっ\\}\\{句,く\\}\\{ ,\\}さあ\\{ ,\\}\\{逃さ,のがさ\\}ないでちゃんと\\{聞い,きい\\}て\\{ ,\\}\\{下手,へた\\}な\\{外野,がいや\\}は\\{3,さん\\}\\{歩,ぽ\\}\\{引い,ひい\\}て\\{ ,\\}\\{ラッピンラッピン,らっぴんらっぴん\\}\\{ ,\\}\\{ジャンボリー,じゃんぼりー\\}\\{ ,\\}\\{(,\\}\\{Yeah,いぇー\\}\\{),\\}\\{ ,\\}\\{Funky,ふぁんきー\\}\\{!,\\}\\{ ,\\}いい\\{感じ,かんじ\\}\\{!,\\}\\{ ,\\}	5	2018-05-18 13:23:33.080572	2018-05-18 13:23:33.080572	4
385526348	350177866	607805222	318236322	Wegotaflowでなんかこうなってラッパーは歌ったっていいぜ男子から女子ライカテディベア(Youcandothat)つーか習慣にしちゃいなさいな時代はライマー(ふんだふんだ)で今に触りたくなる(M.I.C)つかんじまいな感じたいか?この快感	うぃーごっとあふろーでなんかこうなってらっぱーはうたったっていいぜだんしからじょしらいかてでぃべあゆーきゃんどぅーざっとつーかしゅうかんにしちゃいなさいなじだいはらいまーふんだふんだでいまにさわりたくなるえむあいしーつかんじまいなかんじたいかこのかいかん	\\{We,うぃー\\}\\{ ,\\}\\{got,ごっと\\}\\{ ,\\}\\{a,あ\\}\\{ ,\\}\\{flow,ふろー\\}\\{ ,\\}でなんかこうなって\\{ ,\\}\\{ラッパー,らっぱー\\}は\\{歌っ,うたっ\\}たっていいぜ\\{ ,\\}\\{男子,だんし\\}から\\{女子,じょし\\}\\{ ,\\}\\{ライカ,らいか\\}\\{ ,\\}\\{テディベア,てでぃべあ\\}\\{ ,\\}\\{(,\\}\\{You,ゆー\\}\\{ ,\\}\\{can,きゃん\\}\\{ ,\\}\\{do,どぅー\\}\\{ ,\\}\\{that,ざっと\\}\\{),\\}\\{ ,\\}つーか\\{ ,\\}\\{習慣,しゅうかん\\}にしちゃいなさいな\\{時代,じだい\\}は\\{ライマー,らいまー\\}\\{ ,\\}\\{(,\\}ふんだふんだ\\{),\\}\\{ ,\\}で\\{今,いま\\}に\\{触り,さわり\\}たくなる\\{ ,\\}\\{(,\\}\\{M,えむ\\}\\{.,\\}\\{I,あい\\}\\{.,\\}\\{C,しー\\}\\{),\\}\\{ ,\\}つかんじまいな\\{ ,\\}\\{感じ,かんじ\\}たいか\\{?,\\}\\{ ,\\}この\\{快感,かいかん\\}\\{ ,\\}	6	2018-05-18 13:23:33.080572	2018-05-18 13:23:33.080572	5
570268385	350177866	664126409	318236322	ざけんじゃねーうざってーじゃねーつまんねーじゃねーくらってんじゃねー無関係じゃねー不完全だぜ(不安定だって歌ってんだぜ)つまりラッピンだスゲーふつうにライム&フローのゲーム中にぶっとんだもう宇宙に(オーライ)オンザマイクフォーライフ	ざけんじゃねーうざってーじゃねーつまんねーじゃねーくらってんじゃねーむかんけいじゃねーふかんぜんだぜふあんていだってうたってんだぜつまりらっぴんだすげーふつうにらいむあんどふろーのげーむちゅうにぶっとんだもううちゅうにおーらいおんざまいくふぉーらいふ	ざけんじゃねー\\{ ,\\}うざってーじゃねー\\{ ,\\}つまんねーじゃねー\\{ ,\\}くらってんじゃねー\\{ ,\\}\\{無関係,むかんけい\\}じゃねー\\{ ,\\}\\{不完全,ふかんぜん\\}だぜ\\{ ,\\}\\{(,\\}\\{不安定,ふあんてい\\}だって\\{歌っ,うたっ\\}てんだぜ\\{),\\}\\{ ,\\}つまり\\{ ,\\}\\{ラッピン,らっぴん\\}だ\\{スゲー,すげー\\}ふつうに\\{ ,\\}\\{ライム,らいむ\\}\\{&,あんど\\}\\{フロー,ふろー\\}の\\{ゲーム,げーむ\\}\\{中,ちゅう\\}に\\{ ,\\}ぶっとんだもう\\{宇宙,うちゅう\\}に\\{ ,\\}\\{(,\\}\\{オーライ,おーらい\\}\\{),\\}\\{ ,\\}\\{オンザマイク,おんざまいく\\}\\{ ,\\}\\{フォーライフ,ふぉーらいふ\\}\\{ ,\\}	7	2018-05-18 13:23:33.080572	2018-05-18 13:23:33.080572	6
826443598	350177866	72714515	609764183	まじ最高まじ最高(TORIIIIIICO!)Unn…やばいね。首ったけゾッコンクラクラいったれROCKONclap!clap!まじ最高まじ最高(TORIIIIIICO!)Unn…やばいね。首ったけゾッコンクラクラみんなで速攻Rap!Rap!	まじさいこうまじさいこうとりいこうんやばいねくびったけぞっこんくらくらいったれろっくおんくらっぷくらっぷまじさいこうまじさいこうとりいこうんやばいねくびったけぞっこんくらくらみんなでそっこうらっぷらっぷ	まじ\\{最高,さいこう\\}\\{ ,\\}まじ\\{最高,さいこう\\}\\{ ,\\}\\{(,\\}\\{TORIIIIIICO,とりいこ\\}\\{!),\\}\\{ ,\\}\\{Unn,うん\\}\\{…,\\}\\{ ,\\}やばいね\\{。,\\}\\{ ,\\}\\{首ったけ,くびったけ\\}\\{ ,\\}\\{ゾッコン,ぞっこん\\}\\{ ,\\}\\{クラクラ,くらくら\\}\\{ ,\\}いったれ\\{ ,\\}\\{ROCK,ろっく\\}\\{ ,\\}\\{ON,おん\\}\\{ ,\\}\\{clap,くらっぷ\\}\\{!,\\}\\{ ,\\}\\{clap,くらっぷ\\}\\{!,\\}\\{ ,\\}まじ\\{最高,さいこう\\}\\{ ,\\}まじ\\{最高,さいこう\\}\\{ ,\\}\\{(,\\}\\{TORIIIIIICO,とりいこ\\}\\{!),\\}\\{ ,\\}\\{Unn,うん\\}\\{…,\\}\\{ ,\\}やばいね\\{。,\\}\\{ ,\\}\\{首ったけ,くびったけ\\}\\{ ,\\}\\{ゾッコン,ぞっこん\\}\\{ ,\\}\\{クラクラ,くらくら\\}\\{ ,\\}みんなで\\{速攻,そっこう\\}\\{ ,\\}\\{Rap,らっぷ\\}\\{!,\\}\\{ ,\\}\\{Rap,らっぷ\\}\\{!,\\}\\{ ,\\}	8	2018-05-18 13:23:33.080572	2018-05-18 13:23:33.080572	1
105232345	350177866	49361917	318236322	YO!俺はSUPERRAPMACHINEこの自信がすばらしい声を年中枯らし書く詞はNASTYホラカタなんかなし持つのは刀じゃなし(このマイク)男も女もこの際やってみなさい	よーおれはすーぱーらっぷましーんこのじしんがすばらしいこえをねんじゅうからしかくしはなすてぃーほらかたなんかなしもつのはかたなじゃなしこのまいくおとこもおんなもこのさいやってみなさい	\\{YO,よー\\}\\{!,\\}\\{ ,\\}\\{俺,おれ\\}は\\{ ,\\}\\{SUPER,すーぱー\\}\\{ ,\\}\\{RAP,らっぷ\\}\\{ ,\\}\\{MACHINE,ましーん\\}\\{ ,\\}この\\{自信,じしん\\}がすばらしい\\{ ,\\}\\{声,こえ\\}を\\{年中,ねんじゅう\\}\\{枯らし,からし\\}\\{ ,\\}\\{書く,かく\\}\\{詞,し\\}は\\{NASTY,なすてぃー\\}\\{ ,\\}\\{ホラ,ほら\\}\\{ ,\\}\\{カタ,かた\\}なんかなし\\{ ,\\}\\{持つ,もつ\\}のは\\{刀,かたな\\}じゃなし\\{ ,\\}\\{(,\\}この\\{マイク,まいく\\}\\{),\\}\\{ ,\\}\\{男,おとこ\\}も\\{女,おんな\\}もこの\\{際,さい\\}やってみなさい\\{ ,\\}	9	2018-05-18 13:23:33.080572	2018-05-18 13:23:33.080572	7
877415034	350177866	586780233	318236322	アーイ!言わせてもらいますよレッツラゴートライアスロンみたいに生涯過酷なレース(HEY)思いっきり遊ぶだけだっていくつになっても丸くなれん(Keepon)皆で悪ふざけすんだ今日も朝が来るまではっちゃけよう(まかせろ!)あがってこう	あーいいわせてもらいますよれっつらごーとらいあすろんみたいにしょうがいかこくなれーすへいおもいっきりあそぶだけだっていくつになってもまるくなれんきーぷおんみなでわるふざけすんだきょうもあさがくるまではっちゃけようまかせろあがってこう	\\{アーイ,あーい\\}\\{!,\\}\\{言わ,いわ\\}せてもらいますよ\\{ ,\\}\\{レッツラゴー,れっつらごー\\}\\{ ,\\}\\{トライアスロン,とらいあすろん\\}\\{ ,\\}みたいに\\{生涯,しょうがい\\}\\{過酷,かこく\\}な\\{レース,れーす\\}\\{ ,\\}\\{(,\\}\\{HEY,へい\\}\\{),\\}\\{ ,\\}\\{思いっきり,おもいっきり\\}\\{遊ぶ,あそぶ\\}だけ\\{ ,\\}だって\\{ ,\\}いくつになっても\\{丸く,まるく\\}なれん\\{ ,\\}\\{(,\\}\\{Keep,きーぷ\\}\\{ ,\\}\\{on,おん\\}\\{),\\}\\{ ,\\}\\{皆,みな\\}で\\{悪ふざけ,わるふざけ\\}すんだ\\{ ,\\}\\{今日,きょう\\}も\\{朝,あさ\\}が\\{来る,くる\\}まではっちゃけよう\\{ ,\\}\\{(,\\}まかせろ\\{!),\\}\\{ ,\\}あがってこう\\{ ,\\}	10	2018-05-18 13:23:33.080572	2018-05-18 13:23:33.080572	8
55278321	350177866	301022393	318236322	古くはRUN.D.M.C，PE，デラ・ケインにBDP(NO.1)はんぱなく新鮮な音くらい今ここに新展開起こすからさあこっちおいで言わなくても来るかなこの匂いで(うーRAP)かますぜ(なんでもいいぜ)C'monDJ	ふるくはらんでぃーえむしーぴーいーでら・けいんにびーでぃーぴーなんばーわんはんぱなくしんせんなおとくらいいまここにしんてんかいおこすからさあこっちおいでいわなくてもくるかなこのにおいでうーらっぷかますぜなんでもいいぜかもんでぃーじぇー	\\{古く,ふるく\\}は\\{RUN,らん\\}\\{.,\\}\\{D,でぃー\\}\\{.,\\}\\{M,えむ\\}\\{.,\\}\\{C,しー\\}\\{，,\\}\\{PE,ぴーいー\\}\\{，,\\}\\{デラ,でら\\}・\\{ケイン,けいん\\}に\\{BDP,びーでぃーぴー\\}\\{ ,\\}\\{(,\\}\\{NO,なんばー\\}\\{.,\\}\\{1,わん\\}\\{),\\}\\{ ,\\}はんぱなく\\{新鮮,しんせん\\}な\\{音,おと\\}くらい\\{今,いま\\}ここに\\{新,しん\\}\\{展開,てんかい\\}\\{ ,\\}\\{起こす,おこす\\}からさあこっちおいで\\{ ,\\}\\{言わ,いわ\\}なくても\\{来る,くる\\}かなこの\\{匂い,におい\\}で\\{ ,\\}\\{(,\\}うー\\{RAP,らっぷ\\}\\{),\\}\\{ ,\\}かますぜ\\{ ,\\}\\{(,\\}なんでもいいぜ\\{),\\}\\{ ,\\}\\{C'mon,かもん\\}\\{ ,\\}\\{DJ,でぃーじぇー\\}\\{ ,\\}	11	2018-05-18 13:23:33.080572	2018-05-18 13:23:33.080572	9
440544085	350177866	664126409	318236322	ハイハイターンテーボーだ又マイカフォン貸しなあんだからあんだからなんだ貸しなだらしないんだ俺らはこんな感じだ待った待った女?女?どんなパーティーギャル?行こうぜ乱打乱打乱打乱打こんなRAPだ次いこうか新たな門叩くかC.U.E.ZEROなんだかんだこんなjapだ(don'tstopだ)ahha	はいはいたーんてーぼーだまたまいかふぉんかしなあんだからあんだからなんだかしなだらしないんだおれらはこんなかんじだまったまったおんなおんなどんなぱーてぃーぎゃるいこうぜらんだらんだらんだらんだこんならっぷだつぎいこうかあらたなもんたたくかきゅーぜろなんだかんだこんなじゃっぷだどんとすとっぷだあーは	\\{ハイハイ,はいはい\\}\\{ ,\\}\\{ターンテーボー,たーんてーぼー\\}だ\\{ ,\\}\\{又,また\\}\\{マイカフォン,まいかふぉん\\}\\{貸し,かし\\}な\\{ ,\\}あんだからあんだからなんだ\\{貸し,かし\\}な\\{ ,\\}だらしないんだ\\{俺,おれ\\}らはこんな\\{感じ,かんじ\\}だ\\{ ,\\}\\{待っ,まっ\\}た\\{待っ,まっ\\}た\\{女,おんな\\}\\{?,\\}\\{女,おんな\\}\\{?,\\}\\{ ,\\}どんな\\{パーティー,ぱーてぃー\\}\\{ギャル,ぎゃる\\}\\{?,\\}\\{ ,\\}\\{行こ,いこ\\}うぜ\\{乱打,らんだ\\}\\{乱打,らんだ\\}\\{乱打,らんだ\\}\\{乱打,らんだ\\}こんな\\{ ,\\}\\{RAP,らっぷ\\}\\{ ,\\}だ\\{ ,\\}\\{次,つぎ\\}いこうか\\{新た,あらた\\}な\\{門,もん\\}\\{叩く,たたく\\}か\\{ ,\\}\\{C.U.E.ZERO,きゅーぜろ\\}\\{ ,\\}なんだかんだこんな\\{ ,\\}\\{jap,じゃっぷ\\}\\{ ,\\}だ\\{ ,\\}\\{(,\\}\\{don't,どんと\\}\\{ ,\\}\\{stop,すとっぷ\\}だ\\{),\\}\\{ ,\\}\\{ah,あー\\}\\{ ,\\}\\{ha,は\\}\\{ ,\\}	12	2018-05-18 13:23:33.080572	2018-05-18 13:23:33.080572	10
1028434843	273780870	607805222	318236322	おがんでいい?軽く後光が射してる誰かれかまわず手をかざしてるこっから見りゃライカ千手観音全部反応ちゃんと(フォー!)	おがんでいいかるくごこうがさしてるだれかれかまわずてをかざしてるこっからみりゃらいかせんじゅかんのんぜんぶはんのうちゃんとふぉー	おがんでいい\\{?,\\}\\{軽く,かるく\\}\\{後光,ごこう\\}が\\{射し,さし\\}てる\\{ ,\\}\\{誰,だれ\\}かれかまわず\\{手,て\\}をかざしてる\\{ ,\\}こっから\\{見りゃ,みりゃ\\}\\{ライカ,らいか\\}\\{千手観音,せんじゅかんのん\\}\\{ ,\\}\\{全部,ぜんぶ\\}\\{反応,はんのう\\}ちゃんと\\{ ,\\}\\{(,\\}\\{フォー,ふぉー\\}\\{!),\\}\\{ ,\\}	12	2018-05-18 13:23:33.080572	2018-05-18 13:23:33.080572	9
759503810	350177866	434322821	318236322	アーイ長い長い付き合いだマイメン毎晩ダイナマイト(ダイナマイト!)アーイ固い固い仲つないだライムがなきゃ知り合いじゃない(アーイ)アーイ互い互いがライバル(おれら)マイカフォン友達よフォーエバーマイク離さないで話そうやこの長丁場Keepon!	あーいながいながいつきあいだまいめんまいばんだいなまいとだいなまいとあーいかたいかたいなかつないだらいむがなきゃしりあいじゃないあーいあーいたがいたがいがらいばるおれらまいかふぉんともだちよふぉーえばーまいくはなさないではなそうやこのながちょうばきーぷおん	\\{アーイ,あーい\\}\\{長い,ながい\\}\\{長い,ながい\\}\\{付き合い,つきあい\\}だ\\{マイ,まい\\}\\{メン,めん\\}\\{毎晩,まいばん\\}\\{ダイナマイト,だいなまいと\\}\\{ ,\\}\\{(,\\}\\{ダイナマイト,だいなまいと\\}\\{!),\\}\\{ ,\\}\\{アーイ,あーい\\}\\{固い,かたい\\}\\{固い,かたい\\}\\{仲,なか\\}つないだ\\{ライム,らいむ\\}がなきゃ\\{知り合い,しりあい\\}じゃない\\{ ,\\}\\{(,\\}\\{アーイ,あーい\\}\\{),\\}\\{ ,\\}\\{アーイ,あーい\\}\\{互い,たがい\\}\\{互い,たがい\\}が\\{ライバル,らいばる\\}\\{ ,\\}\\{(,\\}おれら\\{),\\}\\{ ,\\}\\{マイカフォン,まいかふぉん\\}\\{友達,ともだち\\}よ\\{フォーエバー,ふぉーえばー\\}\\{ ,\\}\\{マイク,まいく\\}\\{離さ,はなさ\\}ないで\\{話そ,はなそ\\}うやこの\\{長丁場,ながちょうば\\}\\{ ,\\}\\{Keep,きーぷ\\}\\{ ,\\}\\{on,おん\\}\\{!,\\}\\{ ,\\}	13	2018-05-18 13:23:33.080572	2018-05-18 13:23:33.080572	11
857837155	350177866	607805222	318236322	ビートにぴっとり寄り添って歌えないような言葉と言葉音にのせ伝えたいのはYou!You!!You!!!AndYou!!!!AndYou!!!!ThankyouRAP平気いつも充実オレらにもできたmusic	びーとにぴっとりよりそってうたえないようなことばとことばおとにのせつたえたいのはゆーゆーゆーあんどゆーあんどゆーさんきゅーあーるえーぴーへいきいつもじゅうじつおれらにもできたみゅーじっく	\\{ビート,びーと\\}にぴっとり\\{寄り添っ,よりそっ\\}て\\{ ,\\}\\{歌え,うたえ\\}ないような\\{言葉,ことば\\}と\\{言葉,ことば\\}\\{音,おと\\}にのせ\\{ ,\\}\\{伝え,つたえ\\}たいのは\\{ ,\\}\\{You,ゆー\\}\\{!,\\}\\{ ,\\}\\{You,ゆー\\}\\{!!,\\}\\{ ,\\}\\{You,ゆー\\}\\{!!!,\\}\\{ ,\\}\\{And,あんど\\}\\{ ,\\}\\{You,ゆー\\}\\{!!!!,\\}\\{ ,\\}\\{And,あんど\\}\\{ ,\\}\\{You,ゆー\\}\\{!!!!,\\}\\{ ,\\}\\{Thank you,さんきゅー\\}\\{ ,\\}\\{RAP,あーるえーぴー\\}\\{ ,\\}\\{平気,へいき\\}いつも\\{充実,じゅうじつ\\}\\{ ,\\}\\{オレ,おれ\\}らにもできた\\{ ,\\}\\{music,みゅーじっく\\}\\{ ,\\}	14	2018-05-18 13:23:33.080572	2018-05-18 13:23:33.080572	12
69648122	350177866	72714515	609764183	まじ最高まじ最高(TORIIIIIICO!)Unn…やばいね。首ったけゾッコンクラクラいったれROCKONclap!clap!まじ最高まじ最高(TORIIIIIICO!)Unn…やばいね。首ったけゾッコンクラクラみんなで速攻Rap!Rap!	まじさいこうまじさいこうとりいこうんやばいねくびったけぞっこんくらくらいったれろっくおんくらっぷくらっぷまじさいこうまじさいこうとりいこうんやばいねくびったけぞっこんくらくらみんなでそっこうらっぷらっぷ	まじ\\{最高,さいこう\\}\\{ ,\\}まじ\\{最高,さいこう\\}\\{ ,\\}\\{(,\\}\\{TORIIIIIICO,とりいこ\\}\\{!),\\}\\{ ,\\}\\{Unn,うん\\}\\{…,\\}\\{ ,\\}やばいね\\{。,\\}\\{ ,\\}\\{首ったけ,くびったけ\\}\\{ ,\\}\\{ゾッコン,ぞっこん\\}\\{ ,\\}\\{クラクラ,くらくら\\}\\{ ,\\}いったれ\\{ ,\\}\\{ROCK,ろっく\\}\\{ ,\\}\\{ON,おん\\}\\{ ,\\}\\{clap,くらっぷ\\}\\{!,\\}\\{ ,\\}\\{clap,くらっぷ\\}\\{!,\\}\\{ ,\\}まじ\\{最高,さいこう\\}\\{ ,\\}まじ\\{最高,さいこう\\}\\{ ,\\}\\{(,\\}\\{TORIIIIIICO,とりいこ\\}\\{!),\\}\\{ ,\\}\\{Unn,うん\\}\\{…,\\}\\{ ,\\}やばいね\\{。,\\}\\{ ,\\}\\{首ったけ,くびったけ\\}\\{ ,\\}\\{ゾッコン,ぞっこん\\}\\{ ,\\}\\{クラクラ,くらくら\\}\\{ ,\\}みんなで\\{速攻,そっこう\\}\\{ ,\\}\\{Rap,らっぷ\\}\\{!,\\}\\{ ,\\}\\{Rap,らっぷ\\}\\{!,\\}\\{ ,\\}	15	2018-05-18 13:23:33.080572	2018-05-18 13:23:33.080572	2
266161454	249039998	301022393	425211171	イエイヤ野郎共又はメ～ンさあ声だそー	いえいややろうどもまたはめーんさあこえだそー	\\{イエイヤ,いえいや\\}\\{ ,\\}\\{野郎,やろう\\}\\{共,ども\\}\\{ ,\\}\\{又は,または\\}\\{ ,\\}\\{メ,め\\}\\{～,ー\\}\\{ン,ん\\}\\{ ,\\}さあ\\{ ,\\}\\{声,こえ\\}だそー\\{ ,\\}	1	2018-05-18 13:23:33.080572	2018-05-18 13:23:33.080572	1
382999702	249039998	607805222	425211171	次はladies女子のみみんなちゃんとsingalong!	つぎはれいでぃーずじょしのみみんなちゃんとしんぐあろんぐ	\\{次,つぎ\\}は\\{ladies,れいでぃーず\\}\\{ ,\\}\\{女子,じょし\\}のみ\\{ ,\\}みんなちゃんと\\{ ,\\}\\{sing,しんぐ\\}\\{ ,\\}\\{along,あろんぐ\\}\\{!,\\}\\{ ,\\}	2	2018-05-18 13:23:33.080572	2018-05-18 13:23:33.080572	2
567487489	249039998	434322821	425211171	オレもゆーぜガキンチョじゃりんこ坊ちゃん嬢ちゃんmyyouthsay	おれもゆーぜがきんちょじゃりんこぼっちゃんじょうちゃんまいゆーすせい	\\{オレ,おれ\\}もゆーぜ\\{ ,\\}\\{ガキンチョ,がきんちょ\\}\\{ ,\\}じゃりんこ\\{ ,\\}\\{坊ちゃん,ぼっちゃん\\}\\{ ,\\}\\{嬢,じょう\\}ちゃん\\{ ,\\}\\{my,まい\\}\\{ ,\\}\\{youth,ゆーす\\}\\{ ,\\}\\{say,せい\\}\\{ ,\\}	3	2018-05-18 13:23:33.080572	2018-05-18 13:23:33.080572	3
1069005222	249039998	15386296	425211171	everybody皆で言ってみなってahah	エブリバディみなでいってみなってあーあー	\\{everybody,エブリバディ\\}\\{ ,\\}\\{皆,みな\\}で\\{ ,\\}\\{言っ,いっ\\}てみなって\\{ ,\\}\\{ah,あー\\}\\{ ,\\}\\{ah,あー\\}\\{ ,\\}	4	2018-05-18 13:23:33.080572	2018-05-18 13:23:33.080572	4
145787191	249039998	434322821	318236322	どんな感じ?最高?(マジ最高!)カンチガイも愛嬌万事快調感じたいよ太陽光線(あったまるぜ!)まるで温泉だってユノーセイ心ふところもっとホットに(あらそう?)熱くなんのはほどほどに落ち着きスモーキンニコニコチンチン気持ちもいー(いー)(いー)ここち愛しい命あー生きてるわぁ明日っからまた日月火(水木)金土(日曜)日常をつれづれなるままherewego	どんなかんじさいこうまじさいこうかんちがいもあいきょうばんじかいちょうかんじたいよたいようこうせんあったまるぜまるでおんせんだってゆのーせいこころふところもっとほっとにあらそうあつくなんのはほどほどにおちつきすもーきんにこにこちんちんきもちもいーいーいーここちいとしいいのちあーいきてるわぁあしたっからまたにちげつかすいもくきんどにちようにちじょうをつれづれなるままひあうぃーごー	どんな\\{感じ,かんじ\\}\\{?,\\}\\{ ,\\}\\{最高,さいこう\\}\\{?,\\}\\{ ,\\}\\{(,\\}\\{マジ,まじ\\}\\{最高,さいこう\\}\\{!),\\}\\{ ,\\}\\{カンチガイ,かんちがい\\}も\\{愛嬌,あいきょう\\}\\{ ,\\}\\{万事,ばんじ\\}\\{快調,かいちょう\\}\\{ ,\\}\\{感じ,かんじ\\}たいよ\\{ ,\\}\\{太陽,たいよう\\}\\{光線,こうせん\\}\\{ ,\\}\\{(,\\}あったまるぜ\\{!),\\}まるで\\{温泉,おんせん\\}だって\\{ ,\\}\\{ユノーセイ,ゆのーせい\\}\\{ ,\\}\\{心,こころ\\}\\{ ,\\}ふところ\\{ ,\\}もっと\\{ホット,ほっと\\}に\\{ ,\\}\\{(,\\}あらそう\\{?),\\}\\{ ,\\}\\{熱く,あつく\\}なんのはほどほどに\\{ ,\\}\\{落ち着き,おちつき\\}\\{スモーキン,すもーきん\\}\\{ ,\\}\\{ニコニコチンチン,にこにこちんちん\\}\\{ ,\\}\\{気持ち,きもち\\}もいー\\{ ,\\}\\{(,\\}いー\\{),\\}\\{ ,\\}\\{(,\\}いー\\{),\\}ここち\\{ ,\\}\\{愛しい,いとしい\\}\\{ ,\\}\\{命,いのち\\}\\{ ,\\}あー\\{生き,いき\\}てるわぁ\\{ ,\\}\\{明日,あした\\}っからまた\\{ ,\\}\\{日,にち\\}\\{月,げつ\\}\\{火,か\\}\\{(,\\}\\{水,すい\\}\\{木,もく\\}\\{),\\}\\{金,きん\\}\\{土,ど\\}\\{(,\\}\\{日曜,にちよう\\}\\{),\\}\\{日常,にちじょう\\}を\\{ ,\\}つれづれなるまま\\{ ,\\}\\{here,ひあ\\}\\{ ,\\}\\{we,うぃー\\}\\{ ,\\}\\{go,ごー\\}\\{ ,\\}	5	2018-05-18 13:23:33.080572	2018-05-18 13:23:33.080572	1
650045466	249039998	607805222	318236322	キーポンジャミン日の光浴びすごく動くベロでゲロンザマイク皆さん聴いてんで感じて超ファンキーフレッシュ愛のない奴らに天誅(ドーン)こんな感じ先週も今週も今日もたった今もやりたいことばっかりだよ	きーぽんじゃみんひのひかりあびすごくうごくべろでげろんざまいくみなさんきいてんでかんじてちょうふぁんきーふれっしゅあいのないやつらにてんちゅうどーんこんなかんじせんしゅうもこんしゅうもきょうもたったいまもやりたいことばっかりだよ	\\{キーポンジャミン,きーぽんじゃみん\\}\\{ ,\\}\\{日,ひ\\}の\\{光,ひかり\\}\\{浴び,あび\\}\\{ ,\\}すごく\\{動く,うごく\\}\\{ベロ,べろ\\}で\\{ ,\\}\\{ゲロンザマイク,げろんざまいく\\}\\{ ,\\}\\{皆さん,みなさん\\}\\{聴い,きい\\}て\\{ ,\\}んで\\{感じ,かんじ\\}て\\{ ,\\}\\{超,ちょう\\}\\{ファンキー,ふぁんきー\\}\\{フレッシュ,ふれっしゅ\\}\\{ ,\\}\\{愛,あい\\}のない\\{奴ら,やつら\\}に\\{天誅,てんちゅう\\}\\{(,\\}\\{ドーン,どーん\\}\\{),\\}\\{ ,\\}こんな\\{感じ,かんじ\\}\\{ ,\\}\\{先週,せんしゅう\\}も\\{今週,こんしゅう\\}も\\{今日,きょう\\}も\\{たった今,たったいま\\}も\\{ ,\\}やりたいことばっかりだよ\\{ ,\\}	7	2018-05-18 13:23:33.080572	2018-05-18 13:23:33.080572	2
906098059	249039998	301022393	318236322	H～OそんでT(HOT)ぐらい夢中に遊んでいい?(ほっと)ひと息ついて充電完了この空の下あと何十年間と言わず何千何億と共にこんな暖かい感触を気分しだいで逃げ隠れする太陽を追いかけていたいのなっ	えっちからおーそんでてぃーほっとぐらいむちゅうにあそんでいいほっとひといきついてじゅうでんかんりょうこのそらのしたあとなんじゅうねんかんといわずなんぜんなんおくとともにこんなあたたかいかんしょくをきぶんしだいでにげかくれするたいようをおいかけていたいのなっ	\\{H,えっち\\}\\{～,から\\}\\{O,おー\\}そんで\\{T,てぃー\\}\\{(,\\}\\{HOT,ほっと\\}\\{),\\}ぐらい\\{夢中,むちゅう\\}に\\{遊ん,あそん\\}でいい\\{?,\\}\\{ ,\\}\\{(,\\}ほっと\\{),\\}\\{ひと息,ひといき\\}ついて\\{充電,じゅうでん\\}\\{完了,かんりょう\\}\\{ ,\\}この\\{空,そら\\}の\\{下,した\\}\\{ ,\\}あと\\{何,なん\\}\\{十,じゅう\\}\\{年間,ねんかん\\}と\\{言わ,いわ\\}ず\\{ ,\\}\\{何,なん\\}\\{千,ぜん\\}\\{ ,\\}\\{何,なん\\}\\{億,おく\\}と\\{ ,\\}\\{共に,ともに\\}こんな\\{暖かい,あたたかい\\}\\{感触,かんしょく\\}を\\{ ,\\}\\{気分,きぶん\\}しだいで\\{ ,\\}\\{逃げ,にげ\\}\\{隠れ,かくれ\\}する\\{太陽,たいよう\\}を\\{ ,\\}\\{追いかけ,おいかけ\\}ていたいの\\{ ,\\}なっ\\{ ,\\}	8	2018-05-18 13:23:33.080572	2018-05-18 13:23:33.080572	3
17220896	249039998	301022393	425211171	イエイヤ野郎共又はメ～ンさあ声だそー	いえいややろうどもまたはめーんさあこえだそー	\\{イエイヤ,いえいや\\}\\{ ,\\}\\{野郎,やろう\\}\\{共,ども\\}\\{ ,\\}\\{又は,または\\}\\{ ,\\}\\{メ,め\\}\\{～,ー\\}\\{ン,ん\\}\\{ ,\\}さあ\\{ ,\\}\\{声,こえ\\}だそー\\{ ,\\}	9	2018-05-18 13:23:33.080572	2018-05-18 13:23:33.080572	5
109866642	249039998	607805222	425211171	次はladies女子のみみんなちゃんとsingalong!	つぎはれいでぃーずじょしのみみんなちゃんとしんぐあろんぐ	\\{次,つぎ\\}は\\{ladies,れいでぃーず\\}\\{ ,\\}\\{女子,じょし\\}のみ\\{ ,\\}みんなちゃんと\\{ ,\\}\\{sing,しんぐ\\}\\{ ,\\}\\{along,あろんぐ\\}\\{!,\\}\\{ ,\\}	10	2018-05-18 13:23:33.080572	2018-05-18 13:23:33.080572	6
831217179	249039998	434322821	425211171	オレもゆーぜガキンチョじゃりんこ坊ちゃん嬢ちゃんmyyouthsay	おれもゆーぜがきんちょじゃりんこぼっちゃんじょうちゃんまいゆーすせい	\\{オレ,おれ\\}もゆーぜ\\{ ,\\}\\{ガキンチョ,がきんちょ\\}\\{ ,\\}じゃりんこ\\{ ,\\}\\{坊ちゃん,ぼっちゃん\\}\\{ ,\\}\\{嬢,じょう\\}ちゃん\\{ ,\\}\\{my,まい\\}\\{ ,\\}\\{youth,ゆーす\\}\\{ ,\\}\\{say,せい\\}\\{ ,\\}	11	2018-05-18 13:23:33.080572	2018-05-18 13:23:33.080572	7
679612323	249039998	15386296	425211171	everybody皆で言ってみなってahah	エブリバディみなでいってみなってあーあー	\\{everybody,エブリバディ\\}\\{ ,\\}\\{皆,みな\\}で\\{ ,\\}\\{言っ,いっ\\}てみなって\\{ ,\\}\\{ah,あー\\}\\{ ,\\}\\{ah,あー\\}\\{ ,\\}	12	2018-05-18 13:23:33.080572	2018-05-18 13:23:33.080572	8
528826166	249039998	15386296	609764183	ゲッタマイカフォン楽しいぜおれら結果やっぱこうかもしんねぇいつも通りやってこうカモンベイベーおれらどうしたってこうしょうがなくねえ?まだ性コンティニュー	げったまいかふぉんたのしいぜおれらけっかやっぱこうかもしんねぇいつもどおりやってこうかもんべいべーおれらどうしたってこうしょうがなくねえまださがこんてぃにゅー	\\{ゲッタマイカフォン,げったまいかふぉん\\}\\{ ,\\}\\{楽しい,たのしい\\}ぜ\\{ ,\\}おれら\\{結果,けっか\\}やっぱこう\\{ ,\\}かもしんねぇ\\{ ,\\}いつも\\{通り,どおり\\}やってこう\\{ ,\\}\\{カモンベイベー,かもんべいべー\\}\\{ ,\\}おれらどうしたってこう\\{ ,\\}しょうがなくねえ\\{?,\\}\\{ ,\\}まだ\\{ ,\\}\\{性,さが\\}\\{コンティニュー,こんてぃにゅー\\}\\{ ,\\}	13	2018-05-18 13:23:33.080572	2018-05-18 13:23:33.080572	2
31566489	249039998	15386296	609764183	つなげたマイカフォン楽しいぜおれら結果やっぱこうかもしんねぇいつも通りやってこうカモンベイベーおれらどうしたってこうしょうがなくねぇ?まだ性コンティニューah!lalalalalala	つなげたまいかふぉんたのしいぜおれらけっかやっぱこうかもしんねぇいつもどおりやってこうかもんべいべーおれらどうしたってこうしょうがなくねぇまださがこんてぃにゅーあーらららららら	つなげた\\{マイカフォン,まいかふぉん\\}\\{ ,\\}\\{楽しい,たのしい\\}ぜ\\{ ,\\}おれら\\{結果,けっか\\}やっぱこう\\{ ,\\}かもしんねぇ\\{ ,\\}いつも\\{通り,どおり\\}やってこう\\{ ,\\}\\{カモンベイベー,かもんべいべー\\}\\{ ,\\}おれらどうしたってこう\\{ ,\\}しょうがなくねぇ\\{?,\\}\\{ ,\\}まだ\\{ ,\\}\\{性,さが\\}\\{コンティニュー,こんてぃにゅー\\}\\{ ,\\}\\{ah,あー\\}\\{!,\\}\\{ ,\\}\\{la,ら\\}\\{ ,\\}\\{la,ら\\}\\{ ,\\}\\{la,ら\\}\\{ ,\\}\\{la,ら\\}\\{ ,\\}\\{la,ら\\}\\{ ,\\}\\{la,ら\\}\\{ ,\\}	14	2018-05-18 13:23:33.080572	2018-05-18 13:23:33.080572	3
290107003	641744026	434322821	318236322	うさん臭いウタにハナをつまんでいる休日MONDAY急につまんねぇ自分に会う気づくと気分も沈んじまうオレのリズムに合わせ街がスクロールするフローする道ふいに思いが言葉になるするとどこからともなく音鳴り出すワァーァワンダフルワールド何だろうな分からんがイイネこんな風音楽で混雑もそんな苦じゃないですウォークするマンの大切なアイテム解説してる間に夕焼け日が暮れる行きはまぁともかく帰りがつれぇしかもソコとなり街のハズレまいっか行けるとこまで足伸ばすDAY!	うさんくさいうたにはなをつまんでいるきゅうじつまんでーきゅうにつまんねぇじぶんにあうきづくときぶんもしずんじまうおれのりずむにあわせまちがすくろーるするふろーするろーどふいにおもいがことばになるするとどこからともなくおとなりだすわぁーぁわんだふるわーるどなんだろうなわからんがいいねこんなふうおんがくでこんざつもそんなくじゃないですうぉーくするまんのたいせつなあいてむかいせつしてるまにゆうやけひがくれるいきはまぁともかくかえりがつれぇしかもそことなりまちのはずれまいっかいけるとこまであしのばすでー	うさん\\{臭い,くさい\\}\\{ ,\\}\\{ウタ,うた\\}に\\{ハナ,はな\\}をつまんでいる\\{ ,\\}\\{休日,きゅうじつ\\}\\{MONDAY,まんでー\\}\\{ ,\\}\\{急,きゅう\\}につまんねぇ\\{自分,じぶん\\}に\\{会う,あう\\}\\{ ,\\}\\{気づく,きづく\\}と\\{気分,きぶん\\}も\\{沈ん,しずん\\}じまう\\{ ,\\}\\{オレ,おれ\\}の\\{リズム,りずむ\\}に\\{合わせ,あわせ\\}\\{街,まち\\}が\\{スクロール,すくろーる\\}する\\{ ,\\}\\{フロー,ふろー\\}する\\{道,ろーど\\}\\{ ,\\}ふいに\\{思い,おもい\\}が\\{言葉,ことば\\}になる\\{ ,\\}するとどこからともなく\\{音,おと\\}\\{鳴り出す,なりだす\\}\\{ ,\\}\\{ワァー,わぁー\\}\\{ァ,ぁ\\}\\{ ,\\}\\{ワンダフル,わんだふる\\}\\{ワールド,わーるど\\}\\{ ,\\}\\{何,なん\\}だろうな\\{分から,わから\\}んが\\{イイ,いい\\}\\{ネ,ね\\}こんな\\{風,ふう\\}\\{ ,\\}\\{音楽,おんがく\\}で\\{混雑,こんざつ\\}もそんな\\{苦,く\\}じゃないです\\{ ,\\}\\{ウォーク,うぉーく\\}する\\{マン,まん\\}の\\{大切,たいせつ\\}な\\{アイテム,あいてむ\\}\\{ ,\\}\\{解説,かいせつ\\}してる\\{間,ま\\}に\\{夕焼け,ゆうやけ\\}\\{日,ひ\\}が\\{暮れる,くれる\\}\\{ ,\\}\\{行き,いき\\}はまぁともかく\\{帰り,かえり\\}がつれぇ\\{ ,\\}しかも\\{ソコ,そこ\\}\\{ ,\\}となり\\{街,まち\\}の\\{ハズレ,はずれ\\}\\{ ,\\}まいっか\\{行ける,いける\\}とこまで\\{足,あし\\}\\{伸ばす,のばす\\}\\{DAY,でー\\}\\{!,\\}\\{ ,\\}	5	2018-05-18 13:23:33.080572	2018-05-18 13:23:33.080572	3
25384789	800442314	607805222	318236322	やっぱあんたがいなくなるなんて考えたくもないこのまま気づかないふりで頑張れなくもない本当かどうか定かではないしオレはバカではないし奏でたい(GOODMUSIC)1年365日生きてる間中まだ下ろせないぜ肩の荷をビート鳴り止ませない片時も分かりあえなかった日バカになれなかった日涙流した日毎日をリズムが支えるオレ達はまだもっと笑える流れる音楽に永遠に愛を注げば差し込むトワイライト	やっぱあんたがいなくなるなんてかんがえたくもないこのままきづかないふりでがんばれなくもないほんとうかどうかさだかではないしおれはばかではないしかなでたいぐっどみゅーじっくいちねんさんびゃくろくじゅうごにちいきてるあいだじゅうまだおろせないぜかたのにをびーとなりやませないかたときもわかりあえなかったひばかになれなかったひなみだながしたひまいにちをりずむがささえるおれたちはまだもっとわらえるながれるおんがくにとわにあいをそそげばさしこむとわいらいと	やっぱあんたがいなくなるなんて\\{考え,かんがえ\\}たくもない\\{ ,\\}このまま\\{気づか,きづか\\}ないふりで\\{頑張れ,がんばれ\\}なくもない\\{ ,\\}\\{本当,ほんとう\\}かどうか\\{定か,さだか\\}ではないし\\{オレ,おれ\\}は\\{バカ,ばか\\}ではないし\\{奏で,かなで\\}たい\\{ ,\\}\\{(,\\}\\{GOOD,ぐっど\\}\\{MUSIC,みゅーじっく\\}\\{),\\}\\{1,いち\\}\\{年,ねん\\}\\{365,さんびゃくろくじゅうご\\}\\{日,にち\\}\\{生き,いき\\}てる\\{間中,あいだじゅう\\}\\{ ,\\}まだ\\{下ろせ,おろせ\\}ないぜ\\{肩,かた\\}の\\{荷,に\\}を\\{ ,\\}\\{ビート,びーと\\}\\{鳴り,なり\\}\\{止ま,やま\\}せない\\{片時,かたとき\\}も\\{ ,\\}\\{分かり,わかり\\}あえなかった\\{日,ひ\\}\\{バカ,ばか\\}になれなかった\\{日,ひ\\}\\{涙,なみだ\\}\\{流し,ながし\\}た\\{日,ひ\\}\\{ ,\\}\\{毎日,まいにち\\}を\\{リズム,りずむ\\}が\\{支える,ささえる\\}\\{ ,\\}\\{オレ,おれ\\}\\{達,たち\\}はまだもっと\\{笑える,わらえる\\}\\{ ,\\}\\{流れる,ながれる\\}\\{音楽,おんがく\\}に\\{永遠,とわ\\}に\\{愛,あい\\}を\\{注げ,そそげ\\}ば\\{ ,\\}\\{差し込む,さしこむ\\}\\{トワイライト,とわいらいと\\}\\{ ,\\}	1	2018-05-18 13:23:33.080572	2018-05-18 13:23:33.080572	1
411698921	800442314	15386296	609764183	とまらないでずっとGOODMUSIC追いかけ近づいてゆくゆっくり距離言葉超え世界中に少しづつでいい響けMYMUSICとまらないでずっとGOODMUSIC追いかけ近づいてゆくゆっくり全て乗り越えさぁ世界中に響けMYMUSIC	とまらないでずっとぐっどみゅーじっくおいかけちかづいてゆくゆっくりきょりことばこえせかいじゅうにすこしづつでいいひびけまいみゅーじっくとまらないでずっとぐっどみゅーじっくおいかけちかづいてゆくゆっくりすべてのりこえさぁせかいじゅうにひびけまいみゅーじっく	とまらないでずっと\\{ ,\\}\\{GOOD,ぐっど\\}\\{ ,\\}\\{MUSIC,みゅーじっく\\}\\{ ,\\}\\{追いかけ,おいかけ\\}\\{近づい,ちかづい\\}てゆく\\{ ,\\}ゆっくり\\{ ,\\}\\{距離,きょり\\}\\{ ,\\}\\{言葉,ことば\\}\\{ ,\\}\\{超,こ\\}え\\{ ,\\}\\{世界中,せかいじゅう\\}に\\{ ,\\}\\{少し,すこし\\}づつでいい\\{ ,\\}\\{響け,ひびけ\\}\\{ ,\\}\\{MY,まい\\}\\{ ,\\}\\{MUSIC,みゅーじっく\\}\\{ ,\\}とまらないでずっと\\{ ,\\}\\{GOOD,ぐっど\\}\\{ ,\\}\\{MUSIC,みゅーじっく\\}\\{ ,\\}\\{追いかけ,おいかけ\\}\\{近づい,ちかづい\\}てゆく\\{ ,\\}ゆっくり\\{ ,\\}\\{全て,すべて\\}\\{乗り越え,のりこえ\\}さぁ\\{ ,\\}\\{世界中,せかいじゅう\\}に\\{ ,\\}\\{響け,ひびけ\\}\\{ ,\\}\\{MY,まい\\}\\{ ,\\}\\{MUSIC,みゅーじっく\\}\\{ ,\\}	2	2018-05-18 13:23:33.080572	2018-05-18 13:23:33.080572	1
797783680	800442314	301022393	318236322	右も左もYESNOも今も明日も何も見えず今日も上と下とのその間にポツリと俺なりに書いた詩未完詩なままで言葉は運ばれていくこのまま嘘はないがところどころ格好つける自分心の底この場所からあの場所へ行きあの場所からまたこの場所へ結局どこにいてもUターン行きつくところその場所の中間そうほら今日も歌って皆に届けまたノートに埋まってGOODMUSICにさまようGOODMUSICに漂う	みぎもひだりもいえすのーもいまもあしたもなにもみえずきょうもうえとしたとのそのあいだにぽつりとおれなりにかいたしみかんしなままでことばははこばれていくこのままうそはないがところどころかっこうつけるじぶんこころのそここのばしょからあのばしょへゆきあのばしょからまたこのばしょへけっきょくどこにいてもゆーたーんいきつくところそのばしょのちゅうかんそうほらきょうもうたってみなにとどけまたのーとにうまってぐっどみゅーじっくにさまようぐっどみゅーじっくにただよう	\\{右,みぎ\\}も\\{左,ひだり\\}も\\{YES,いえす\\}\\{ ,\\}\\{NO,のー\\}も\\{ ,\\}\\{今,いま\\}も\\{明日,あした\\}も\\{何,なに\\}も\\{見え,みえ\\}ず\\{今日,きょう\\}も\\{ ,\\}\\{上と下,うえとした\\}との\\{その間,そのあいだ\\}に\\{ ,\\}\\{ポツリ,ぽつり\\}と\\{俺,おれ\\}なりに\\{書い,かい\\}た\\{詩,し\\}\\{ ,\\}\\{未完,みかん\\}\\{詩,し\\}なままで\\{言葉,ことば\\}は\\{運ば,はこば\\}れていくこのまま\\{ ,\\}\\{嘘,うそ\\}はないがところどころ\\{ ,\\}\\{格好,かっこう\\}つける\\{自分,じぶん\\}\\{ ,\\}\\{心,こころ\\}の\\{底,そこ\\}\\{ ,\\}この\\{場所,ばしょ\\}からあの\\{場所,ばしょ\\}へ\\{行き,ゆき\\}\\{ ,\\}あの\\{場所,ばしょ\\}からまたこの\\{場所,ばしょ\\}へ\\{ ,\\}\\{結局,けっきょく\\}どこにいても\\{U,ゆー\\}\\{ターン,たーん\\}\\{ ,\\}\\{行きつく,いきつく\\}ところその\\{場所,ばしょ\\}の\\{中間,ちゅうかん\\}\\{ ,\\}そう\\{ ,\\}ほら\\{今日,きょう\\}も\\{歌っ,うたっ\\}て\\{ ,\\}\\{皆,みな\\}に\\{届け,とどけ\\}\\{ ,\\}また\\{ノート,のーと\\}に\\{埋まっ,うまっ\\}て\\{ ,\\}\\{GOOD,ぐっど\\}\\{ ,\\}\\{MUSIC,みゅーじっく\\}にさまよう\\{ ,\\}\\{GOOD,ぐっど\\}\\{ ,\\}\\{MUSIC,みゅーじっく\\}に\\{漂う,ただよう\\}\\{ ,\\}	3	2018-05-18 13:23:33.080572	2018-05-18 13:23:33.080572	2
837395423	800442314	15386296	609764183	とまらないでずっとGOODMUSIC追いかけ近づいてゆくゆっくり距離言葉超え世界中に少しづつでいい響けMYMUSICとまらないでずっとGOODMUSIC追いかけ近づいてゆくゆっくり全て乗り越えさぁ世界中に響けMYMUSIC	とまらないでずっとぐっどみゅーじっくおいかけちかづいてゆくゆっくりきょりことばこえせかいじゅうにすこしづつでいいひびけまいみゅーじっくとまらないでずっとぐっどみゅーじっくおいかけちかづいてゆくゆっくりすべてのりこえさぁせかいじゅうにひびけまいみゅーじっく	とまらないでずっと\\{ ,\\}\\{GOOD,ぐっど\\}\\{ ,\\}\\{MUSIC,みゅーじっく\\}\\{ ,\\}\\{追いかけ,おいかけ\\}\\{近づい,ちかづい\\}てゆく\\{ ,\\}ゆっくり\\{ ,\\}\\{距離,きょり\\}\\{ ,\\}\\{言葉,ことば\\}\\{ ,\\}\\{超,こ\\}え\\{ ,\\}\\{世界中,せかいじゅう\\}に\\{ ,\\}\\{少し,すこし\\}づつでいい\\{ ,\\}\\{響け,ひびけ\\}\\{ ,\\}\\{MY,まい\\}\\{ ,\\}\\{MUSIC,みゅーじっく\\}\\{ ,\\}とまらないでずっと\\{ ,\\}\\{GOOD,ぐっど\\}\\{ ,\\}\\{MUSIC,みゅーじっく\\}\\{ ,\\}\\{追いかけ,おいかけ\\}\\{近づい,ちかづい\\}てゆく\\{ ,\\}ゆっくり\\{ ,\\}\\{全て,すべて\\}\\{乗り越え,のりこえ\\}さぁ\\{ ,\\}\\{世界中,せかいじゅう\\}に\\{ ,\\}\\{響け,ひびけ\\}\\{ ,\\}\\{MY,まい\\}\\{ ,\\}\\{MUSIC,みゅーじっく\\}\\{ ,\\}	4	2018-05-18 13:23:33.080572	2018-05-18 13:23:33.080572	2
138674115	641744026	15386296	609764183	手(ブンブンブン)足(ズンズンズン)振って歩けば音鳴り出し気付きゃもうすぐとなり街手(ブンブンブン)足(ズンズンズン)振って歩こう行けるとこまで聞こえる音だけがナビゲーター	てぶんぶんぶんあしずんずんずんふってあるけばおとなりだしきづきゃもうすぐとなりまちてぶんぶんぶんあしずんずんずんふってあるこういけるとこまできこえるおとだけがなびげーたー	\\{手,て\\}\\{(,\\}\\{ブンブンブン,ぶんぶんぶん\\}\\{),\\}\\{ ,\\}\\{足,あし\\}\\{(,\\}\\{ズンズンズン,ずんずんずん\\}\\{),\\}\\{ ,\\}\\{振っ,ふっ\\}て\\{歩け,あるけ\\}ば\\{音,おと\\}\\{鳴り出し,なりだし\\}\\{ ,\\}\\{気付き,きづき\\}ゃもうすぐとなり\\{街,まち\\}\\{ ,\\}\\{手,て\\}\\{(,\\}\\{ブンブンブン,ぶんぶんぶん\\}\\{),\\}\\{ ,\\}\\{足,あし\\}\\{(,\\}\\{ズンズンズン,ずんずんずん\\}\\{),\\}\\{ ,\\}\\{振っ,ふっ\\}て\\{歩,ある\\}こう\\{行ける,いける\\}とこまで\\{ ,\\}\\{聞こえる,きこえる\\}\\{音,おと\\}だけが\\{ナビゲーター,なびげーたー\\}\\{ ,\\}	6	2018-05-18 13:23:33.080572	2018-05-18 13:23:33.080572	3
116298572	800442314	434322821	318236322	女神への手紙宛名はアテナ合ってる、合ってないなんてなハテナ立ってる、立ってないアンテナハテナ果てなきハテナ楽しい花いちもんめクエスチョンまだまだ一問目たった一音で耳に染み込んでくMUSIC我々は離れられないどこまでも問いかけの答えを追いかけたが天使達からまだ返事なし手品師じゃねぇよチェキチェキチェキ何より劇的で奇跡的なMAGIC女神ふり向かすその時君は何口ずさむの	めがみへのてがみあてなはあてなあってるあってないなんてなはてなたってるたってないあんてなはてなはてなきはてなたのしいはないちもんめくえすちょんまだまだいちもんめたったいちおんでみみにしみこんでくみゅーじっくわれわれははなれられないどこまでもといかけのこたえをおいかけたがてんしたちからまだへんじなしてじなしじゃねぇよちぇきちぇきちぇきなによりげきてきできせきてきなまじっくめがみふりむかすそのとききみはなにくちずさむの	\\{女神,めがみ\\}への\\{手紙,てがみ\\}\\{ ,\\}\\{宛名,あてな\\}は\\{アテナ,あてな\\}\\{ ,\\}\\{合っ,あっ\\}てる\\{、,\\}\\{合っ,あっ\\}てない\\{ ,\\}なんてな\\{ ,\\}\\{ハテナ,はてな\\}\\{ ,\\}\\{立っ,たっ\\}てる\\{、,\\}\\{立っ,たっ\\}てない\\{ ,\\}\\{アンテナ,あんてな\\}\\{ ,\\}\\{ハテナ,はてな\\}\\{ ,\\}\\{果て,はて\\}なき\\{ ,\\}\\{ハテナ,はてな\\}\\{ ,\\}\\{楽しい,たのしい\\}\\{花いちもんめ,はないちもんめ\\}\\{ ,\\}\\{クエスチョン,くえすちょん\\}まだまだ\\{一,いち\\}\\{問,もん\\}\\{目,め\\}\\{ ,\\}たった\\{一,いち\\}\\{音,おん\\}で\\{耳,みみ\\}に\\{染み込ん,しみこん\\}でく\\{ ,\\}\\{MUSIC,みゅーじっく\\}\\{ ,\\}\\{我々,われわれ\\}は\\{離れ,はなれ\\}られない\\{ ,\\}どこまでも\\{問いかけ,といかけ\\}\\{ ,\\}の\\{答え,こたえ\\}を\\{追いかけ,おいかけ\\}\\{ ,\\}たが\\{天使,てんし\\}\\{達,たち\\}からまだ\\{返事,へんじ\\}なし\\{ ,\\}\\{手品,てじな\\}\\{師,し\\}じゃねぇよ\\{ ,\\}\\{チェキチェキチェキ,ちぇきちぇきちぇき\\}\\{ ,\\}\\{何より,なにより\\}\\{劇的,げきてき\\}で\\{奇跡,きせき\\}\\{的,てき\\}な\\{ ,\\}\\{MAGIC,まじっく\\}\\{ ,\\}\\{女神,めがみ\\}\\{ふり向か,ふりむか\\}す\\{ ,\\}その\\{時,とき\\}\\{ ,\\}\\{君,きみ\\}は\\{何,なに\\}\\{ ,\\}\\{口ずさむ,くちずさむ\\}の\\{ ,\\}	5	2018-05-18 13:23:33.080572	2018-05-18 13:23:33.080572	3
535282416	800442314	15386296	609764183	とまらないでずっとGOODMUSIC追いかけ近づいてゆくゆっくり距離言葉超え世界中に少しづつでいい響けMYMUSICとまらないでずっとGOODMUSIC追いかけ近づいてゆくゆっくり全て乗り越えさぁ世界中に響けMYMUSIC	とまらないでずっとぐっどみゅーじっくおいかけちかづいてゆくゆっくりきょりことばこえせかいじゅうにすこしづつでいいひびけまいみゅーじっくとまらないでずっとぐっどみゅーじっくおいかけちかづいてゆくゆっくりすべてのりこえさぁせかいじゅうにひびけまいみゅーじっく	とまらないでずっと\\{ ,\\}\\{GOOD,ぐっど\\}\\{ ,\\}\\{MUSIC,みゅーじっく\\}\\{ ,\\}\\{追いかけ,おいかけ\\}\\{近づい,ちかづい\\}てゆく\\{ ,\\}ゆっくり\\{ ,\\}\\{距離,きょり\\}\\{ ,\\}\\{言葉,ことば\\}\\{ ,\\}\\{超,こ\\}え\\{ ,\\}\\{世界中,せかいじゅう\\}に\\{ ,\\}\\{少し,すこし\\}づつでいい\\{ ,\\}\\{響け,ひびけ\\}\\{ ,\\}\\{MY,まい\\}\\{ ,\\}\\{MUSIC,みゅーじっく\\}\\{ ,\\}とまらないでずっと\\{ ,\\}\\{GOOD,ぐっど\\}\\{ ,\\}\\{MUSIC,みゅーじっく\\}\\{ ,\\}\\{追いかけ,おいかけ\\}\\{近づい,ちかづい\\}てゆく\\{ ,\\}ゆっくり\\{ ,\\}\\{全て,すべて\\}\\{乗り越え,のりこえ\\}さぁ\\{ ,\\}\\{世界中,せかいじゅう\\}に\\{ ,\\}\\{響け,ひびけ\\}\\{ ,\\}\\{MY,まい\\}\\{ ,\\}\\{MUSIC,みゅーじっく\\}\\{ ,\\}	6	2018-05-18 13:23:33.080572	2018-05-18 13:23:33.080572	3
557355534	273780870	301022393	425211171	(フォー!)	ふぉー	\\{(,\\}\\{フォー,ふぉー\\}\\{!),\\}\\{ ,\\}	1	2018-05-18 13:23:33.080572	2018-05-18 13:23:33.080572	1
942785462	273780870	434322821	318236322	ダレよりも先にはじめたいよじゃなきゃなぜかなかたじけないよマジでないなんてなじめないなんてハジケないなんて味気ないよ何気ない夜だって気づけばハンパねぇパーティーだアッパレ鳴らせファンファーレもう破裂寸前だパンッ!!つーかしちまったぜパンパカパンパンパン	だれよりもさきにはじめたいよじゃなきゃなぜかなかたじけないよまじでないなんてなじめないなんてはじけないなんてあじけないよなにげないよるだってきづけばはんぱねぇぱーてぃーだあっぱれならせふぁんふぁーれもうはれつすんぜんだぱんっつーかしちまったぜぱんぱかぱんぱんぱん	\\{ダレ,だれ\\}よりも\\{先,さき\\}にはじめたいよ\\{ ,\\}じゃなきゃなぜかな\\{ ,\\}かたじけないよ\\{ ,\\}\\{マジ,まじ\\}でないなんて\\{ ,\\}なじめないなんて\\{ ,\\}\\{ハジケ,はじけ\\}ないなんて\\{ ,\\}\\{味気,あじけ\\}ないよ\\{ ,\\}\\{何気ない,なにげない\\}\\{夜,よる\\}だって\\{ ,\\}\\{気づけ,きづけ\\}ば\\{ハンパ,はんぱ\\}ねぇ\\{ ,\\}\\{パーティー,ぱーてぃー\\}だ\\{アッ,あっ\\}\\{パレ,ぱれ\\}\\{ ,\\}\\{鳴ら,なら\\}せ\\{ファンファーレ,ふぁんふぁーれ\\}\\{ ,\\}もう\\{破裂,はれつ\\}\\{寸前,すんぜん\\}だ\\{ ,\\}\\{パンッ,ぱんっ\\}\\{!!,\\}\\{ ,\\}つーかしちまったぜ\\{ ,\\}\\{パンパカパンパンパン,ぱんぱかぱんぱんぱん\\}\\{ ,\\}	2	2018-05-18 13:23:33.080572	2018-05-18 13:23:33.080572	1
255259429	273780870	607805222	318236322	あんたらなんなんさぁ寒くねぇの?スペシャルな夜ライカダブプレート上がってけライカダブルデート声が少ねぇぞ叫べ!(フォー!)	あんたらなんなんさぁさむくねぇのすぺしゃるなよるらいかだぶぷれーとあがってけらいかだぶるでーとこえがすくねぇぞさけべふぉー	あんたらなんなんさぁ\\{寒く,さむく\\}ねぇの\\{?,\\}\\{ ,\\}\\{スペシャル,すぺしゃる\\}な\\{夜,よる\\}\\{ライカ,らいか\\}\\{ ,\\}\\{ダブプレート,だぶぷれーと\\}\\{ ,\\}\\{上がっ,あがっ\\}てけ\\{ライカ,らいか\\}\\{ ,\\}\\{ダブル,だぶる\\}\\{デート,でーと\\}\\{ ,\\}\\{声,こえ\\}が\\{少,すく\\}ねぇぞ\\{叫べ,さけべ\\}\\{!(,\\}\\{フォー,ふぉー\\}\\{!),\\}\\{ ,\\}	3	2018-05-18 13:23:33.080572	2018-05-18 13:23:33.080572	2
290612866	273780870	301022393	318236322	マイジャックかよ(ってMJだよ)的な勢い(フォー!)せつねぇかよ恥ずかしいなんてマジだめじゃないパンクしな声をはりあげなさい	まいじゃっくかよってえむじぇーだよてきないきおいふぉーせつねぇかよはずかしいなんてまじだめじゃないぱんくしなこえをはりあげなさい	\\{マイ,まい\\}\\{ジャック,じゃっく\\}かよ\\{(,\\}って\\{MJ,えむじぇー\\}だよ\\{),\\}\\{ ,\\}\\{的,てき\\}な\\{勢い,いきおい\\}\\{(,\\}\\{フォー,ふぉー\\}\\{!),\\}せつねぇかよ\\{ ,\\}\\{恥ずかしい,はずかしい\\}なんて\\{マジ,まじ\\}だめじゃない\\{ ,\\}\\{パンク,ぱんく\\}しな\\{ ,\\}\\{声,こえ\\}をはりあげなさい\\{ ,\\}	4	2018-05-18 13:23:33.080572	2018-05-18 13:23:33.080572	3
234103704	1060016335	15386296	609764183	どっかでなんかしたいななななんとなくなんかしたいイエーイ!とか言っちゃうぐらいちょーだいVACATIONワォ!脳内VACATION	どっかでなんかしたいななななんとなくなんかしたいいえーいとかいっちゃうぐらいちょーだいばけーしょんわぉのうないばけーしょん	どっかでなんかしたい\\{ ,\\}ななななんとなくなんかしたい\\{ ,\\}\\{イエーイ,いえーい\\}\\{!,\\}とか\\{言っ,いっ\\}ちゃうぐらい\\{ ,\\}ちょーだい\\{VACATION,ばけーしょん\\}\\{ ,\\}\\{ワォ,わぉ\\}\\{!,\\}\\{ ,\\}\\{脳,のう\\}\\{内,ない\\}\\{VACATION,ばけーしょん\\}\\{ ,\\}	4	2018-05-18 13:23:33.080572	2018-05-18 13:23:33.080572	2
643126807	273780870	15386296	609764183	ダンス!(ダンス!)できてもないのにダンス!(ダンス!)言えてもないのにファンク!(ファンク!)でも満タンのタンクやりてーよそんじゃみんなのってけ(フォー!)そんじゃみんなのってけ(フォー!)そんじゃみんなのってけ(フォー!)もうパンク寸前のファンク(パンッ!)	だんすだんすできてもないのにだんすだんすいえてもないのにふぁんくふぁんくでもまんたんのたんくやりてーよそんじゃみんなのってけふぉーそんじゃみんなのってけふぉーそんじゃみんなのってけふぉーもうぱんくすんぜんのふぁんくぱんっ	\\{ダンス,だんす\\}\\{!(,\\}\\{ダンス,だんす\\}\\{!),\\}\\{ ,\\}できてもないのに\\{ダンス,だんす\\}\\{!(,\\}\\{ダンス,だんす\\}\\{!),\\}\\{ ,\\}\\{言え,いえ\\}てもないのに\\{ファンク,ふぁんく\\}\\{!(,\\}\\{ファンク,ふぁんく\\}\\{!),\\}\\{ ,\\}でも\\{満,まん\\}\\{タン,たん\\}の\\{タンク,たんく\\}\\{ ,\\}やりてーよ\\{ ,\\}そんじゃみんなのってけ\\{ ,\\}\\{(,\\}\\{フォー,ふぉー\\}\\{!),\\}\\{ ,\\}そんじゃみんなのってけ\\{ ,\\}\\{(,\\}\\{フォー,ふぉー\\}\\{!),\\}\\{ ,\\}そんじゃみんなのってけ\\{ ,\\}\\{(,\\}\\{フォー,ふぉー\\}\\{!),\\}\\{ ,\\}もう\\{パンク,ぱんく\\}\\{寸前,すんぜん\\}の\\{ファンク,ふぁんく\\}\\{ ,\\}\\{(,\\}\\{パンッ,ぱんっ\\}\\{!),\\}\\{ ,\\}	5	2018-05-18 13:23:33.080572	2018-05-18 13:23:33.080572	1
1062995887	273780870	607805222	318236322	なぁなぁまだ?判断なんだかんだいってハレツ寸前もうっ!我慢我慢ばっかなんかバカみてぇにさせてくんねぇの?いじらしてすぐにじらしてチャンスを逃がしてたって意味ないぜ隠せないうずくBODY軽くスクラッチズビズビ(フォー!)	なぁなぁまだはんだんなんだかんだいってはれつすんぜんもうっがまんがまんばっかなんかばかみてぇにさせてくんねぇのいじらしてすぐにじらしてちゃんすをにがしてたっていみないぜかくせないうずくぼでぃーかるくすくらっちずびずびふぉー	なぁなぁ\\{ ,\\}まだ\\{?,\\}\\{判断,はんだん\\}\\{ ,\\}なんだかんだいって\\{ハレツ,はれつ\\}\\{寸前,すんぜん\\}もうっ\\{!,\\}\\{ ,\\}\\{我慢,がまん\\}\\{我慢,がまん\\}ばっか\\{ ,\\}なんか\\{バカ,ばか\\}みてぇにさせてくんねぇの\\{?,\\}\\{ ,\\}いじらしてすぐにじらして\\{ ,\\}\\{チャンス,ちゃんす\\}を\\{逃がし,にがし\\}てたって\\{意味,いみ\\}ないぜ\\{ ,\\}\\{隠せ,かくせ\\}ないうずく\\{BODY,ぼでぃー\\}\\{ ,\\}\\{軽く,かるく\\}\\{スクラッチ,すくらっち\\}\\{ ,\\}\\{ズビズビ,ずびずび\\}\\{(,\\}\\{フォー,ふぉー\\}\\{!),\\}\\{ ,\\}	6	2018-05-18 13:23:33.080572	2018-05-18 13:23:33.080572	4
140195646	273780870	301022393	318236322	YEAHウキウキ超どろくさいがFRESHなこの舞台で(さあ)パツンパツンだっつんだつんだーなーLIKEAバルーンだフンガーフンガー	いぇーうきうきちょうどろくさいがふれっしゅなこのぶたいでさあぱつんぱつんだっつんだつんだーなーらいくあばるーんだふんがーふんがー	\\{YEAH,いぇー\\}\\{ ,\\}\\{ウキウキ,うきうき\\}\\{ ,\\}\\{超,ちょう\\}どろくさいが\\{FRESH,ふれっしゅ\\}なこの\\{舞台,ぶたい\\}で\\{(,\\}さあ\\{),\\}\\{ ,\\}\\{パツンパツン,ぱつんぱつん\\}だっつんだつんだーなー\\{ ,\\}\\{LIKE,らいく\\}\\{ ,\\}\\{A,あ\\}\\{ ,\\}\\{バルーン,ばるーん\\}だ\\{フンガーフンガー,ふんがーふんがー\\}\\{ ,\\}	7	2018-05-18 13:23:33.080572	2018-05-18 13:23:33.080572	5
417606315	273780870	434322821	318236322	ふんだくんだ何から何までハジからハジまで確かなサジ加減マイク一本味のモトだから皆聞き逃しは無しのコト	ふんだくんだなにからなにまではじからはじまでたしかなさじかげんまいくいっぽんあじのもとだからみなききのがしはなしのこと	ふんだくんだ\\{何,なに\\}から\\{何,なに\\}まで\\{ ,\\}\\{ハジ,はじ\\}から\\{ハジ,はじ\\}まで\\{確か,たしか\\}な\\{サジ,さじ\\}\\{加減,かげん\\}\\{ ,\\}\\{マイク,まいく\\}\\{一,いっ\\}\\{本,ぽん\\}\\{味,あじ\\}の\\{モト,もと\\}\\{ ,\\}だから\\{皆,みな\\}\\{聞き,きき\\}\\{逃し,のがし\\}は\\{無し,なし\\}の\\{コト,こと\\}\\{ ,\\}	8	2018-05-18 13:23:33.080572	2018-05-18 13:23:33.080572	6
803412540	273780870	15386296	609764183	ダンス!(ダンス!)できてもないのにダンス!(ダンス!)言えてもないのにファンク!(ファンク!)でも満タンのタンクやりてーよそんじゃみんなのってけ(フォー!)そんじゃみんなのってけ(フォー!)そんじゃみんなのってけ(フォー!)もうパンク寸前のファンク(パンッ!)	だんすだんすできてもないのにだんすだんすいえてもないのにふぁんくふぁんくでもまんたんのたんくやりてーよそんじゃみんなのってけふぉーそんじゃみんなのってけふぉーそんじゃみんなのってけふぉーもうぱんくすんぜんのふぁんくぱんっ	\\{ダンス,だんす\\}\\{!(,\\}\\{ダンス,だんす\\}\\{!),\\}\\{ ,\\}できてもないのに\\{ダンス,だんす\\}\\{!(,\\}\\{ダンス,だんす\\}\\{!),\\}\\{ ,\\}\\{言え,いえ\\}てもないのに\\{ファンク,ふぁんく\\}\\{!(,\\}\\{ファンク,ふぁんく\\}\\{!),\\}\\{ ,\\}でも\\{満,まん\\}\\{タン,たん\\}の\\{タンク,たんく\\}\\{ ,\\}やりてーよ\\{ ,\\}そんじゃみんなのってけ\\{ ,\\}\\{(,\\}\\{フォー,ふぉー\\}\\{!),\\}\\{ ,\\}そんじゃみんなのってけ\\{ ,\\}\\{(,\\}\\{フォー,ふぉー\\}\\{!),\\}\\{ ,\\}そんじゃみんなのってけ\\{ ,\\}\\{(,\\}\\{フォー,ふぉー\\}\\{!),\\}\\{ ,\\}もう\\{パンク,ぱんく\\}\\{寸前,すんぜん\\}の\\{ファンク,ふぁんく\\}\\{ ,\\}\\{(,\\}\\{パンッ,ぱんっ\\}\\{!),\\}\\{ ,\\}	9	2018-05-18 13:23:33.080572	2018-05-18 13:23:33.080572	2
323144372	273780870	301022393	318236322	破裂しそうで爆発手足ガクガクビンビンな脈拍どう?○×でいやー○○の二重○なFUNKあーだこーだなしでまずはDANCE(HEY)KICKTHEPUNKするもうKICKTHEFUNKするとびっきりにうまいジャンクフード(おまちどう)PじゃなくK-FUNKONENATIONUNDERTHEGROOVEまだまだ足んねえよ	はれつしそうでばくはつてあしがくがくびんびんなみゃくはくどうまるばつでいやーまるまるのにじゅうまるなふぁんくあーだこーだなしでまずはだんすへいきっくざするもうきっくざふぁんくするとびっきりにうまいじゃんくふーどおまちどうぴーじゃなくけーふぁんくわんねーしょんあんだーざぐるーゔまだまだたんねえよ	\\{破裂,はれつ\\}しそうで\\{爆発,ばくはつ\\}\\{手足,てあし\\}\\{ガクガク,がくがく\\}\\{ ,\\}\\{ビンビン,びんびん\\}な\\{脈拍,みゃくはく\\}どう\\{?,\\}\\{ ,\\}\\{○,まる\\}\\{×,ばつ\\}\\{ ,\\}でいやー\\{ ,\\}\\{○,まる\\}\\{○,まる\\}の\\{二,に\\}\\{重,じゅう\\}\\{○,まる\\}な\\{FUNK,ふぁんく\\}\\{ ,\\}あーだこーだなしでまずは\\{DANCE,だんす\\}\\{ ,\\}\\{(,\\}\\{HEY,へい\\}\\{),\\}\\{ ,\\}\\{KICK,きっく\\}\\{ ,\\}\\{THE,ざ\\}\\{ ,\\}\\{PUNK,\\}する\\{ ,\\}もう\\{KICK,きっく\\}\\{ ,\\}\\{THE,ざ\\}\\{ ,\\}\\{FUNK,ふぁんく\\}する\\{ ,\\}とびっきりにうまい\\{ジャンク,じゃんく\\}\\{フード,ふーど\\}\\{(,\\}おまちどう\\{),\\}\\{ ,\\}\\{P,ぴー\\}じゃなく\\{K,けー\\}\\{-,\\}\\{FUNK,ふぁんく\\}\\{ ,\\}\\{ONE,わん\\}\\{ ,\\}\\{NATION,ねーしょん\\}\\{ ,\\}\\{UNDER,あんだー\\}\\{ ,\\}\\{THE,ざ\\}\\{ ,\\}\\{GROOVE,ぐるーゔ\\}\\{ ,\\}まだまだ\\{足ん,たん\\}ねえよ\\{ ,\\}	10	2018-05-18 13:23:33.080572	2018-05-18 13:23:33.080572	7
172727056	273780870	15386296	609764183	ダンス!(ダンス!)できてもないのにダンス!(ダンス!)言えてもないのにファンク!(ファンク!)でも満タンのタンクやりてーよそんじゃみんなのってけ(フォー!)そんじゃみんなのってけ(フォー!)そんじゃみんなのってけ(フォー!)もうパンク寸前のファンク(パンッ!)	だんすだんすできてもないのにだんすだんすいえてもないのにふぁんくふぁんくでもまんたんのたんくやりてーよそんじゃみんなのってけふぉーそんじゃみんなのってけふぉーそんじゃみんなのってけふぉーもうぱんくすんぜんのふぁんくぱんっ	\\{ダンス,だんす\\}\\{!(,\\}\\{ダンス,だんす\\}\\{!),\\}\\{ ,\\}できてもないのに\\{ダンス,だんす\\}\\{!(,\\}\\{ダンス,だんす\\}\\{!),\\}\\{ ,\\}\\{言え,いえ\\}てもないのに\\{ファンク,ふぁんく\\}\\{!(,\\}\\{ファンク,ふぁんく\\}\\{!),\\}\\{ ,\\}でも\\{満,まん\\}\\{タン,たん\\}の\\{タンク,たんく\\}\\{ ,\\}やりてーよ\\{ ,\\}そんじゃみんなのってけ\\{ ,\\}\\{(,\\}\\{フォー,ふぉー\\}\\{!),\\}\\{ ,\\}そんじゃみんなのってけ\\{ ,\\}\\{(,\\}\\{フォー,ふぉー\\}\\{!),\\}\\{ ,\\}そんじゃみんなのってけ\\{ ,\\}\\{(,\\}\\{フォー,ふぉー\\}\\{!),\\}\\{ ,\\}もう\\{パンク,ぱんく\\}\\{寸前,すんぜん\\}の\\{ファンク,ふぁんく\\}\\{ ,\\}\\{(,\\}\\{パンッ,ぱんっ\\}\\{!),\\}\\{ ,\\}	13	2018-05-18 13:23:33.080572	2018-05-18 13:23:33.080572	3
371681892	641744026	301022393	318236322	目的はあるようなあったようなもう時間はどれぐらい経ったろうか歩き疲れたらここで休もう休み疲れたらそこで歩こうとなり街までなんてすぐ行けるだが道はまだまだ続いてる先を急ぎたきゃ行けばいいボーッとしてたきゃボーッとしてりゃいいあても無いがどこかに向かってる景色を見て鼻歌歌ってる急な坂道を今下ってる疲れたので僕は今座ってるなんとなくもうちょい歩いていきたいがなんとなくじゃ意味ないか行けるところまで今日はここまでひとまずオヤスミまた明日	もくてきはあるようなあったようなもうじかんはどれぐらいたったろうかあるきつかれたらここでやすもうやすみつかれたらそこであるこうとなりまちまでなんてすぐいけるだがみちはまだまだつづいてるさきをいそぎたきゃいけばいいぼーっとしてたきゃぼーっとしてりゃいいあてもないがどこかにむかってるけしきをみてはなうたうたってるきゅうなさかみちをいまくだってるつかれたのでぼくはいますわってるなんとなくもうちょいあるいていきたいがなんとなくじゃいみないかいけるところまできょうはここまでひとまずおやすみまたあした	\\{目的,もくてき\\}はあるようなあったような\\{ ,\\}もう\\{時間,じかん\\}はどれぐらい\\{経っ,たっ\\}たろうか\\{ ,\\}\\{歩き疲れ,あるきつかれ\\}たらここで\\{休も,やすも\\}う\\{ ,\\}\\{休み,やすみ\\}\\{疲れ,つかれ\\}たらそこで\\{歩こ,あるこ\\}う\\{ ,\\}となり\\{街,まち\\}までなんてすぐ\\{行ける,いける\\}\\{ ,\\}だが\\{道,みち\\}はまだまだ\\{続い,つづい\\}てる\\{ ,\\}\\{先,さき\\}を\\{急ぎ,いそぎ\\}たきゃ\\{行け,いけ\\}ばいい\\{ ,\\}\\{ボーッ,ぼーっ\\}としてたきゃ\\{ボーッ,ぼーっ\\}としてりゃいい\\{ ,\\}あても\\{無い,ない\\}がどこかに\\{向かっ,むかっ\\}てる\\{ ,\\}\\{景色,けしき\\}を\\{見,み\\}て\\{鼻歌,はなうた\\}\\{歌っ,うたっ\\}てる\\{ ,\\}\\{急,きゅう\\}な\\{坂道,さかみち\\}を\\{今,いま\\}\\{下っ,くだっ\\}てる\\{ ,\\}\\{疲れ,つかれ\\}たので\\{僕,ぼく\\}は\\{今,いま\\}\\{座っ,すわっ\\}てる\\{ ,\\}なんとなく\\{ ,\\}もうちょい\\{歩い,あるい\\}ていきたいが\\{ ,\\}なんとなくじゃ\\{意味,いみ\\}ないか\\{ ,\\}\\{行ける,いける\\}ところまで\\{ ,\\}\\{今日,きょう\\}はここまで\\{ ,\\}ひとまず\\{オヤスミ,おやすみ\\}\\{ ,\\}また\\{明日,あした\\}\\{ ,\\}	1	2018-05-18 13:23:33.080572	2018-05-18 13:23:33.080572	1
254688220	641744026	15386296	609764183	手(ブンブンブン)足(ズンズンズン)振って歩けば音鳴り出し気付きゃもうすぐとなり街手(ブンブンブン)足(ズンズンズン)振って歩こう行けるとこまで聞こえる音だけがナビゲーター	てぶんぶんぶんあしずんずんずんふってあるけばおとなりだしきづきゃもうすぐとなりまちてぶんぶんぶんあしずんずんずんふってあるこういけるとこまできこえるおとだけがなびげーたー	\\{手,て\\}\\{(,\\}\\{ブンブンブン,ぶんぶんぶん\\}\\{),\\}\\{ ,\\}\\{足,あし\\}\\{(,\\}\\{ズンズンズン,ずんずんずん\\}\\{),\\}\\{ ,\\}\\{振っ,ふっ\\}て\\{歩け,あるけ\\}ば\\{音,おと\\}\\{鳴り出し,なりだし\\}\\{ ,\\}\\{気付き,きづき\\}ゃもうすぐとなり\\{街,まち\\}\\{ ,\\}\\{手,て\\}\\{(,\\}\\{ブンブンブン,ぶんぶんぶん\\}\\{),\\}\\{ ,\\}\\{足,あし\\}\\{(,\\}\\{ズンズンズン,ずんずんずん\\}\\{),\\}\\{ ,\\}\\{振っ,ふっ\\}て\\{歩,ある\\}こう\\{行ける,いける\\}とこまで\\{ ,\\}\\{聞こえる,きこえる\\}\\{音,おと\\}だけが\\{ナビゲーター,なびげーたー\\}\\{ ,\\}	2	2018-05-18 13:23:33.080572	2018-05-18 13:23:33.080572	1
942213965	641744026	607805222	318236322	歩いて行こうよレコード屋に(え?)あそこぐらいなら結構となり街なんつったって大丈夫でしょ?なぁ何つっ立ってんの?早く早く行こうよDJTATSUTAに顔PASS通信レゲエの7インチ情報が中心メールでギブアンドテイクで新譜をチェックしてんだ(あ、メールでも韻踏もぉっと…CUEと2人でBMXゲット?いいですね…5点だめだこれじゃ…)おぉゴメンゴメンほっといたから怒ったの?あぁオレのせい?なぁなぁ行こうよ健康にも美容にもいーよ用意しろよーいドン(ねえでもつかれない?)つーかそうだねー行けるとこまでなら駐車場が限度	あるいていこうよれこーどやにえあそこぐらいならけっこうとなりまちなんつったってだいじょうぶでしょなぁなにつったってんのはやくはやくいこうよでぃーじぇーたつたにかおぱすつうしんれげえのなないんちじょうほうがちゅうしんめーるでぎぶあんどていくでしんぷをちぇっくしてんだあめーるでもいんふもぉっときゅーとふたりでびーえむえっくすげっといいですねごてんだめだこれじゃおぉごめんごめんほっといたからおこったのあぁおれのせいなぁなぁいこうよけんこうにもびようにもいーよよういしろよーいどんねえでもつかれないつーかそうだねーいけるとこまでならちゅうしゃじょうがげんど	\\{歩い,あるい\\}て\\{行こ,いこ\\}うよ\\{ ,\\}\\{レコード,れこーど\\}\\{屋,や\\}に\\{ ,\\}\\{(,\\}え\\{?),\\}\\{ ,\\}あそこぐらいなら\\{結構,けっこう\\}となり\\{街,まち\\}\\{ ,\\}なんつったって\\{大丈夫,だいじょうぶ\\}でしょ\\{?,\\}\\{ ,\\}なぁ\\{何,なに\\}つっ\\{立っ,たっ\\}てんの\\{?,\\}\\{ ,\\}\\{早く,はやく\\}\\{早く,はやく\\}\\{行こ,いこ\\}うよ\\{ ,\\}\\{DJ,でぃーじぇー\\}\\{ ,\\}\\{TATSUTA,たつた\\}に\\{顔,かお\\}\\{PASS,ぱす\\}\\{通信,つうしん\\}\\{ ,\\}\\{レゲエ,れげえ\\}の\\{7,なな\\}\\{インチ,いんち\\}\\{情報,じょうほう\\}が\\{中心,ちゅうしん\\}\\{ ,\\}\\{メール,めーる\\}で\\{ ,\\}\\{ギブアンドテイク,ぎぶあんどていく\\}で\\{ ,\\}\\{新譜,しんぷ\\}を\\{チェック,ちぇっく\\}してんだ\\{ ,\\}\\{(,\\}あ\\{、,\\}\\{メール,めーる\\}でも\\{韻,いん\\}\\{踏も,ふも\\}ぉっと\\{…,\\}\\{CUE,きゅー\\}と\\{2人,ふたり\\}で\\{BMX,びーえむえっくす\\}\\{ゲット,げっと\\}\\{?,\\}いいですね\\{…,\\}\\{ ,\\}\\{5,ご\\}\\{点,てん\\}\\{ ,\\}だめだこれじゃ\\{…,\\}\\{),\\}\\{ ,\\}おぉ\\{ ,\\}\\{ゴメン,ごめん\\}\\{ゴメン,ごめん\\}\\{ ,\\}ほっといたから\\{怒っ,おこっ\\}たの\\{?,\\}\\{ ,\\}あぁ\\{オレ,おれ\\}のせい\\{?,\\}\\{ ,\\}なぁなぁ\\{行こ,いこ\\}うよ\\{ ,\\}\\{健康,けんこう\\}にも\\{美容,びよう\\}にもいーよ\\{ ,\\}\\{用意,ようい\\}しろ\\{ ,\\}よーい\\{ドン,どん\\}\\{ ,\\}\\{(,\\}ねえ\\{ ,\\}でもつかれない\\{?),\\}\\{ ,\\}つーかそうだねー\\{ ,\\}\\{行ける,いける\\}とこまでなら\\{駐車,ちゅうしゃ\\}\\{場,じょう\\}が\\{限度,げんど\\}\\{ ,\\}	3	2018-05-18 13:23:33.080572	2018-05-18 13:23:33.080572	2
642621168	641744026	15386296	609764183	手(ブンブンブン)足(ズンズンズン)振って歩けば音鳴り出し気付きゃもうすぐとなり街手(ブンブンブン)足(ズンズンズン)振って歩こう行けるとこまで聞こえる音だけがナビゲーター	てぶんぶんぶんあしずんずんずんふってあるけばおとなりだしきづきゃもうすぐとなりまちてぶんぶんぶんあしずんずんずんふってあるこういけるとこまできこえるおとだけがなびげーたー	\\{手,て\\}\\{(,\\}\\{ブンブンブン,ぶんぶんぶん\\}\\{),\\}\\{ ,\\}\\{足,あし\\}\\{(,\\}\\{ズンズンズン,ずんずんずん\\}\\{),\\}\\{ ,\\}\\{振っ,ふっ\\}て\\{歩け,あるけ\\}ば\\{音,おと\\}\\{鳴り出し,なりだし\\}\\{ ,\\}\\{気付き,きづき\\}ゃもうすぐとなり\\{街,まち\\}\\{ ,\\}\\{手,て\\}\\{(,\\}\\{ブンブンブン,ぶんぶんぶん\\}\\{),\\}\\{ ,\\}\\{足,あし\\}\\{(,\\}\\{ズンズンズン,ずんずんずん\\}\\{),\\}\\{ ,\\}\\{振っ,ふっ\\}て\\{歩,ある\\}こう\\{行ける,いける\\}とこまで\\{ ,\\}\\{聞こえる,きこえる\\}\\{音,おと\\}だけが\\{ナビゲーター,なびげーたー\\}\\{ ,\\}	4	2018-05-18 13:23:33.080572	2018-05-18 13:23:33.080572	2
807405292	362662043	434322821	318236322	ユラユラ揺らいでる週末はフライデー誘惑はつらいねだって浮ついちゃうついついつい(YO!SWINGSWINGSWING)揺らすブラスバンド次はBABY揺さぶらす番なんつって1、2、テストマイカフォン年中チェック中やたらでかい絵描いてついてくだけで精一杯で大きな大きなゆりかごの上で揺れてるDAYBYDAYYEAHせいぜいでっけぇ夢見させてくれ子守唄聞かせてくれよ響き渡るオレのイビキのバイブレーション君に	ゆらゆらゆらいでるしゅうまつはふらいでーゆうわくはつらいねだってうわついちゃうついついついよーすうぃんぐすうぃんぐすうぃんぐゆらすぶらすばんどつぎはべいびーゆさぶらすばんなんつってわんつーてすとまいかふぉんねんじゅうちぇっくちゅうやたらでかいええがいてついてくだけでせいいっぱいでおおきなおおきなゆりかごのうえでゆれてるでーばいでーいぇーせいぜいでっけぇゆめみさせてくれこもりうたきかせてくれよひびきわたるおれのいびきのばいぶれーしょんきみに	\\{ユラユラ,ゆらゆら\\}\\{揺らい,ゆらい\\}でる\\{ ,\\}\\{週末,しゅうまつ\\}は\\{フライデー,ふらいでー\\}\\{ ,\\}\\{誘惑,ゆうわく\\}はつらいね\\{ ,\\}だって\\{浮つい,うわつい\\}ちゃう\\{ ,\\}ついついつい\\{ ,\\}\\{(,\\}\\{YO,よー\\}\\{!,\\}\\{ ,\\}\\{SWING,すうぃんぐ\\}\\{ ,\\}\\{SWING,すうぃんぐ\\}\\{ ,\\}\\{SWING,すうぃんぐ\\}\\{),\\}\\{ ,\\}\\{揺らす,ゆらす\\}\\{ブラスバンド,ぶらすばんど\\}\\{ ,\\}\\{次,つぎ\\}は\\{BABY,べいびー\\}\\{揺さぶら,ゆさぶら\\}す\\{番,ばん\\}\\{ ,\\}なんつって\\{1,わん\\}\\{、,\\}\\{2,つー\\}\\{、,\\}\\{テスト,てすと\\}\\{ ,\\}\\{マイカフォン,まいかふぉん\\}\\{ ,\\}\\{年中,ねんじゅう\\}\\{ ,\\}\\{チェック,ちぇっく\\}\\{中,ちゅう\\}\\{ ,\\}やたらでかい\\{絵,え\\}\\{描い,えがい\\}て\\{ ,\\}ついてくだけで\\{精一杯,せいいっぱい\\}で\\{ ,\\}\\{大きな,おおきな\\}\\{大きな,おおきな\\}ゆりかごの\\{上,うえ\\}で\\{ ,\\}\\{揺れ,ゆれ\\}てる\\{ ,\\}\\{DAY,でー\\}\\{ ,\\}\\{BY,ばい\\}\\{ ,\\}\\{DAY,でー\\}\\{ ,\\}\\{YEAH,いぇー\\}\\{ ,\\}せいぜいでっけぇ\\{夢見,ゆめみ\\}させてくれ\\{ ,\\}\\{子守,こもり\\}\\{唄,うた\\}\\{聞か,きか\\}せてくれよ\\{ ,\\}\\{響き,ひびき\\}\\{渡る,わたる\\}\\{オレ,おれ\\}の\\{イビキ,いびき\\}の\\{ ,\\}\\{バイブレーション,ばいぶれーしょん\\}\\{ ,\\}\\{君,きみ\\}に\\{ ,\\}	1	2018-05-18 13:23:33.080572	2018-05-18 13:23:33.080572	1
690575188	362662043	15386296	609764183	ずれてていいんだぜずっと揺れてていいんだぜYEAHYEAH体の芯までグウィングウィンSWINGさせるYEAHYEAHずれてていいんだぜずっと揺れてていいんだぜYEAHYEAH心の芯までグウィングウィンSWINGさせるYEAHYEAH	ずれてていいんだぜずっとゆれてていいんだぜいぇーいぇーからだのしんまでぐうぃんぐうぃんすうぃんぐさせるいぇーいぇーずれてていいんだぜずっとゆれてていいんだぜいぇーいぇーこころのしんまでぐうぃんぐうぃんすうぃんぐさせるいぇーいぇー	ずれてていいんだぜ\\{ ,\\}ずっと\\{揺れ,ゆれ\\}てていいんだぜ\\{ ,\\}\\{YEAH,いぇー\\}\\{ ,\\}\\{YEAH,いぇー\\}\\{ ,\\}\\{体,からだ\\}の\\{芯,しん\\}まで\\{グウィングウィン,ぐうぃんぐうぃん\\}\\{ ,\\}\\{SWING,すうぃんぐ\\}させる\\{ ,\\}\\{YEAH,いぇー\\}\\{ ,\\}\\{YEAH,いぇー\\}\\{ ,\\}ずれてていいんだぜ\\{ ,\\}ずっと\\{揺れ,ゆれ\\}てていいんだぜ\\{ ,\\}\\{YEAH,いぇー\\}\\{ ,\\}\\{YEAH,いぇー\\}\\{ ,\\}\\{心,こころ\\}の\\{芯,しん\\}まで\\{グウィングウィン,ぐうぃんぐうぃん\\}\\{ ,\\}\\{SWING,すうぃんぐ\\}させる\\{ ,\\}\\{YEAH,いぇー\\}\\{ ,\\}\\{YEAH,いぇー\\}\\{ ,\\}	2	2018-05-18 13:23:33.080572	2018-05-18 13:23:33.080572	1
506357705	362662043	607805222	318236322	右に左に行き来したい1、2、3(1、2、3)ハイハイ毎回毎回ヤバイ毎回毎回ヤバイマイマイクこんな太ぇ根性親に感謝してるぜすげぇ、ホント、マジ、ハンパなく今日もベロ揺らす愛だけじゃなくて夢もプラスほら手が、腕が、胸が、揺れる波のよう同じ方向だったおとなりと違ってもあせらずに信じて待ってろ1、2オレがシグナルちゃんと送ればズレも静まるじゃあSWINGTOGETHERマイナスWでSINGTOGETHERさぁみな歌おう	みぎにひだりにいききしたいいちにさんいちにさんはいはいまいかいまいかいやばいまいかいまいかいやばいまいまいくこんなふてぇこんじょうおやにかんしゃしてるぜすげぇほんとまじはんぱなくきょうもべろゆらすあいだけじゃなくてゆめもぷらすほらてがうでがむねがゆれるなみのようおなじほうこうだったおとなりとちがってもあせらずにしんじてまってろわんつーおれがしぐなるちゃんとおくればずれもしずまるじゃあすうぃんぐとぅぎゃざーまいなすだぶるでしんぐとぅぎゃざーさぁみなうたおう	\\{右,みぎ\\}に\\{左,ひだり\\}に\\{行き来,いきき\\}したい\\{ ,\\}\\{1,いち\\}\\{、,\\}\\{2,に\\}\\{、,\\}\\{3,さん\\}\\{(,\\}\\{1,いち\\}\\{、,\\}\\{2,に\\}\\{、,\\}\\{3,さん\\}\\{),\\}\\{ハイハイ,はいはい\\}\\{ ,\\}\\{毎回,まいかい\\}\\{毎回,まいかい\\}\\{ヤバイ,やばい\\}\\{ ,\\}\\{毎回,まいかい\\}\\{毎回,まいかい\\}\\{ヤバイ,やばい\\}\\{ ,\\}\\{マイ,まい\\}\\{マイク,まいく\\}\\{ ,\\}こんな\\{太,ふて\\}ぇ\\{根性,こんじょう\\}\\{ ,\\}\\{親,おや\\}に\\{感謝,かんしゃ\\}してるぜ\\{ ,\\}すげぇ\\{、,\\}\\{ホント,ほんと\\}\\{、,\\}\\{マジ,まじ\\}\\{、,\\}\\{ハンパ,はんぱ\\}なく\\{ ,\\}\\{今日,きょう\\}も\\{ベロ,べろ\\}\\{揺らす,ゆらす\\}\\{ ,\\}\\{愛,あい\\}だけじゃなくて\\{夢,ゆめ\\}も\\{プラス,ぷらす\\}\\{ ,\\}ほら\\{手,て\\}が\\{、,\\}\\{腕,うで\\}が\\{、,\\}\\{胸,むね\\}が\\{、,\\}\\{揺れる,ゆれる\\}\\{波,なみ\\}のよう\\{ ,\\}\\{同じ,おなじ\\}\\{方向,ほうこう\\}だった\\{ ,\\}おとなりと\\{違っ,ちがっ\\}ても\\{ ,\\}あせらずに\\{信じ,しんじ\\}て\\{待っ,まっ\\}てろ\\{ ,\\}\\{1,わん\\}\\{、,\\}\\{2,つー\\}\\{ ,\\}\\{オレ,おれ\\}が\\{シグナル,しぐなる\\}\\{ ,\\}ちゃんと\\{送れ,おくれ\\}ば\\{ズレ,ずれ\\}も\\{静まる,しずまる\\}\\{ ,\\}じゃあ\\{SWING,すうぃんぐ\\}\\{ ,\\}\\{TOGETHER,とぅぎゃざー\\}\\{ ,\\}\\{マイナス,まいなす\\}\\{W,だぶる\\}で\\{ ,\\}\\{SING,しんぐ\\}\\{ ,\\}\\{TOGETHER,とぅぎゃざー\\}\\{ ,\\}さぁみな\\{歌お,うたお\\}う\\{ ,\\}	3	2018-05-18 13:23:33.080572	2018-05-18 13:23:33.080572	2
4911716	362662043	15386296	609764183	ずれてていいんだぜずっと揺れてていいんだぜYEAHYEAH体の芯までグウィングウィンSWINGさせるYEAHYEAHずれてていいんだぜずっと揺れてていいんだぜYEAHYEAH心の芯までグウィングウィンSWINGさせるYEAHYEAH	ずれてていいんだぜずっとゆれてていいんだぜいぇーいぇーからだのしんまでぐうぃんぐうぃんすうぃんぐさせるいぇーいぇーずれてていいんだぜずっとゆれてていいんだぜいぇーいぇーこころのしんまでぐうぃんぐうぃんすうぃんぐさせるいぇーいぇー	ずれてていいんだぜ\\{ ,\\}ずっと\\{揺れ,ゆれ\\}てていいんだぜ\\{ ,\\}\\{YEAH,いぇー\\}\\{ ,\\}\\{YEAH,いぇー\\}\\{ ,\\}\\{体,からだ\\}の\\{芯,しん\\}まで\\{グウィングウィン,ぐうぃんぐうぃん\\}\\{ ,\\}\\{SWING,すうぃんぐ\\}させる\\{ ,\\}\\{YEAH,いぇー\\}\\{ ,\\}\\{YEAH,いぇー\\}\\{ ,\\}ずれてていいんだぜ\\{ ,\\}ずっと\\{揺れ,ゆれ\\}てていいんだぜ\\{ ,\\}\\{YEAH,いぇー\\}\\{ ,\\}\\{YEAH,いぇー\\}\\{ ,\\}\\{心,こころ\\}の\\{芯,しん\\}まで\\{グウィングウィン,ぐうぃんぐうぃん\\}\\{ ,\\}\\{SWING,すうぃんぐ\\}させる\\{ ,\\}\\{YEAH,いぇー\\}\\{ ,\\}\\{YEAH,いぇー\\}\\{ ,\\}	4	2018-05-18 13:23:33.080572	2018-05-18 13:23:33.080572	2
651750086	366569672	15386296	609764183	俺は1000%俺を抜いて前を向いてなんなら進んでる俺は1000%俺を抜いて前を向いてなんなら進んでる今言える言えてるあの日もあの日も俺の本気は嘘じゃない経てからのここ	おれはせんぱーせんとおれをぬいてまえをむいてなんならすすんでるおれはせんぱーせんとおれをぬいてまえをむいてなんならすすんでるいまいえるいえてるあのひもあのひもおれのほんきはうそじゃないへてからのここ	\\{俺,おれ\\}は\\{1000,せん\\}\\{%,ぱーせんと\\}\\{ ,\\}\\{俺,おれ\\}を\\{抜い,ぬい\\}て\\{ ,\\}\\{前,まえ\\}を\\{向い,むい\\}て\\{ ,\\}なんなら\\{進ん,すすん\\}でる\\{ ,\\}\\{俺,おれ\\}は\\{1000,せん\\}\\{%,ぱーせんと\\}\\{ ,\\}\\{俺,おれ\\}を\\{抜い,ぬい\\}て\\{ ,\\}\\{前,まえ\\}を\\{向い,むい\\}て\\{ ,\\}なんなら\\{進ん,すすん\\}でる\\{ ,\\}\\{今,いま\\}\\{ ,\\}\\{言える,いえる\\}\\{ ,\\}\\{言え,いえ\\}てる\\{ ,\\}あの\\{日,ひ\\}もあの\\{日,ひ\\}も\\{俺,おれ\\}の\\{本気,ほんき\\}は\\{嘘,うそ\\}じゃない\\{ ,\\}\\{経,へ\\}て\\{ ,\\}からの\\{ ,\\}ここ\\{ ,\\}	4	2018-05-18 13:23:33.080572	2018-05-18 13:23:33.080572	2
927843059	362662043	301022393	318236322	どんな揺れでも構わないぜ受け止めてやるよまだまだ行けバラバラでも何でもOKだぜ心配ならば何でもいいから声出せ(YEAH)レフトライト気持ちのまま気付きゃ出来るリズムの実りの輪がフロントバックそう自由に揺れなこの街この地球に(YO!!)1、2、3、4俺らに任せなこのFREEZONESWINGSWING何度でも揺らすどんなノリノリバンドでもかなわないこの空間にはでもちゃんととれ休肝日は(さぁ)準備ができたら手振れよ3、2、1、揺れろ	どんなゆれでもかまわないぜうけとめてやるよまだまだいけばらばらでもなんでもおーけーだぜしんぱいならばなんでもいいからこえだせいぇーれふとらいときもちのままきづきゃできるりずむのみのりのわがふろんとばっくそうじゆうにゆれなこのまちこのちきゅうによーわんつーすりーふぉーおれらにまかせなこのふりーぞーんすうぃんぐすうぃんぐなんどでもゆらすどんなのりのりばんどでもかなわないこのくうかんにはでもちゃんととれきゅうかんびはさぁじゅんびができたらてふれよすりーつーわんゆれろ	どんな\\{揺れ,ゆれ\\}でも\\{構わ,かまわ\\}ないぜ\\{ ,\\}\\{受け止め,うけとめ\\}てやるよまだまだ\\{行け,いけ\\}\\{ ,\\}\\{バラバラ,ばらばら\\}でも\\{何,なん\\}でも\\{OK,おーけー\\}だぜ\\{ ,\\}\\{心配,しんぱい\\}ならば\\{何,なん\\}でもいいから\\{声,こえ\\}\\{出せ,だせ\\}\\{ ,\\}\\{(,\\}\\{YEAH,いぇー\\}\\{),\\}\\{レフト,れふと\\}\\{ ,\\}\\{ライト,らいと\\}\\{ ,\\}\\{気持ち,きもち\\}のまま\\{ ,\\}\\{気付きゃ,きづきゃ\\}\\{出来る,できる\\}\\{リズム,りずむ\\}の\\{実り,みのり\\}の\\{輪,わ\\}が\\{ ,\\}\\{フロント,ふろんと\\}\\{ ,\\}\\{バック,ばっく\\}\\{ ,\\}そう\\{自由,じゆう\\}に\\{ ,\\}\\{揺れ,ゆれ\\}なこの\\{街,まち\\}この\\{地球,ちきゅう\\}に\\{ ,\\}\\{(,\\}\\{YO,よー\\}\\{!!),\\}\\{ ,\\}\\{1,わん\\}\\{、,\\}\\{2,つー\\}\\{、,\\}\\{3,すりー\\}\\{、,\\}\\{4,ふぉー\\}\\{ ,\\}\\{俺,おれ\\}らに\\{任せ,まかせ\\}なこの\\{FREEZONE,ふりーぞーん\\}\\{ ,\\}\\{SWING,すうぃんぐ\\}\\{ ,\\}\\{SWING,すうぃんぐ\\}\\{ ,\\}\\{何,なん\\}\\{度,ど\\}でも\\{揺らす,ゆらす\\}\\{ ,\\}どんな\\{ノリノリバンド,のりのりばんど\\}でも\\{ ,\\}かなわないこの\\{空間,くうかん\\}には\\{ ,\\}でもちゃんととれ\\{ ,\\}\\{休肝,きゅうかん\\}\\{日,び\\}は\\{ ,\\}\\{(,\\}さぁ\\{),\\}\\{準備,じゅんび\\}ができたら\\{手,て\\}\\{振れ,ふれ\\}よ\\{ ,\\}\\{3,すりー\\}\\{、,\\}\\{2,つー\\}\\{、,\\}\\{1,わん\\}\\{、,\\}\\{揺れろ,ゆれろ\\}\\{ ,\\}	5	2018-05-18 13:23:33.080572	2018-05-18 13:23:33.080572	3
776246091	362662043	15386296	609764183	ずれてていいんだぜずっと揺れてていいんだぜYEAHYEAH体の芯までグウィングウィンSWINGさせるYEAHYEAHずれてていいんだぜずっと揺れてていいんだぜYEAHYEAH心の芯までグウィングウィンSWINGさせるYEAHYEAH	ずれてていいんだぜずっとゆれてていいんだぜいぇーいぇーからだのしんまでぐうぃんぐうぃんすうぃんぐさせるいぇーいぇーずれてていいんだぜずっとゆれてていいんだぜいぇーいぇーこころのしんまでぐうぃんぐうぃんすうぃんぐさせるいぇーいぇー	ずれてていいんだぜ\\{ ,\\}ずっと\\{揺れ,ゆれ\\}てていいんだぜ\\{ ,\\}\\{YEAH,いぇー\\}\\{ ,\\}\\{YEAH,いぇー\\}\\{ ,\\}\\{体,からだ\\}の\\{芯,しん\\}まで\\{グウィングウィン,ぐうぃんぐうぃん\\}\\{ ,\\}\\{SWING,すうぃんぐ\\}させる\\{ ,\\}\\{YEAH,いぇー\\}\\{ ,\\}\\{YEAH,いぇー\\}\\{ ,\\}ずれてていいんだぜ\\{ ,\\}ずっと\\{揺れ,ゆれ\\}てていいんだぜ\\{ ,\\}\\{YEAH,いぇー\\}\\{ ,\\}\\{YEAH,いぇー\\}\\{ ,\\}\\{心,こころ\\}の\\{芯,しん\\}まで\\{グウィングウィン,ぐうぃんぐうぃん\\}\\{ ,\\}\\{SWING,すうぃんぐ\\}させる\\{ ,\\}\\{YEAH,いぇー\\}\\{ ,\\}\\{YEAH,いぇー\\}\\{ ,\\}	6	2018-05-18 13:23:33.080572	2018-05-18 13:23:33.080572	3
1033819928	1060016335	607805222	318236322	休暇っつーかVACATIONいーねいーねどこ行きたいとかポロポロ言ってたとこ行ったらおもろそうもろもろ込みで2、3週間パッとフッ飛ばそうぜ時間空間ヨーロッパ?アメリカ?北半球だけじゃねぇんだ南半球も範疇オーストラリアじゃサンタも半袖どっか言ってみてよあんたの番それ!「え～、それじゃタイとかバリ」やっばいねビーチとかで愛を語りてぇな(♪)こんな感じ計画練ってる時間が贅沢(♪)脳内小旅行今日もいつもの東京都	きゅうかっつーかぶいえーしーえーてぃーあいおーえぬいーねいーねどこいきたいとかぽろぽろいってたとこいったらおもろそうもろもろこみでにさんしゅうかんぱっとふっとばそうぜじかんくうかんよーろっぱあめりかきたはんきゅうだけじゃねぇんだみなみはんきゅうもはんちゅうおーすとらりあじゃさんたもはんそでどっかいってみてよあんたのばんそれえーそれじゃたいとかばりやっばいねびーちとかであいをかたりてぇなこんなかんじけいかくねってるじかんがぜいたくのうないしょうりょこうきょうもいつものとうきょうと	\\{休暇,きゅうか\\}っつーか\\{V,ぶい\\}\\{A,えー\\}\\{C,しー\\}\\{A,えー\\}\\{T,てぃー\\}\\{I,あい\\}\\{O,おー\\}\\{N,えぬ\\}\\{ ,\\}いーねいーね\\{ ,\\}どこ\\{行き,いき\\}たいとか\\{ポロポロ,ぽろぽろ\\}\\{ ,\\}\\{言っ,いっ\\}てたとこ\\{行っ,いっ\\}たらおもろそう\\{ ,\\}もろもろ\\{込み,こみ\\}で\\{2,に\\}\\{、,\\}\\{3,さん\\}\\{週間,しゅうかん\\}\\{ ,\\}\\{パッ,ぱっ\\}と\\{フッ,ふっ\\}\\{飛ばそ,とばそ\\}うぜ\\{時間,じかん\\}\\{空間,くうかん\\}\\{ ,\\}\\{ヨーロッパ,よーろっぱ\\}\\{?,\\}\\{アメリカ,あめりか\\}\\{?,\\}\\{北,きた\\}\\{半球,はんきゅう\\}だけじゃねぇんだ\\{ ,\\}\\{南半球,みなみはんきゅう\\}も\\{範疇,はんちゅう\\}\\{ ,\\}\\{オーストラリア,おーすとらりあ\\}じゃ\\{サンタ,さんた\\}も\\{半袖,はんそで\\}\\{ ,\\}どっか\\{言っ,いっ\\}てみてよあんたの\\{番,ばん\\}\\{ ,\\}それ\\{!,\\}\\{ ,\\}\\{「,\\}え\\{～,ー\\}\\{、,\\}それじゃ\\{タイ,たい\\}とか\\{バリ,ばり\\}\\{」,\\}\\{ ,\\}やっばいね\\{ ,\\}\\{ビーチ,びーち\\}とかで\\{愛,あい\\}を\\{語り,かたり\\}てぇな\\{ ,\\}\\{(♪),\\}\\{ ,\\}こんな\\{感じ,かんじ\\}\\{ ,\\}\\{計画,けいかく\\}\\{練っ,ねっ\\}てる\\{時間,じかん\\}が\\{贅沢,ぜいたく\\}\\{ ,\\}\\{(♪),\\}\\{ ,\\}\\{脳,のう\\}\\{内,ない\\}\\{小,しょう\\}\\{旅行,りょこう\\}\\{ ,\\}\\{今日,きょう\\}もいつもの\\{東京,とうきょう\\}\\{都,と\\}\\{ ,\\}	1	2018-05-18 13:23:33.080572	2018-05-18 13:23:33.080572	1
613910180	1060016335	15386296	609764183	どっかでなんかしたいななななんとなくなんかしたいイエーイ!とか言っちゃうぐらいちょーだいVACATIONワォ!脳内VACATION	どっかでなんかしたいななななんとなくなんかしたいいえーいとかいっちゃうぐらいちょーだいばけーしょんわぉのうないばけーしょん	どっかでなんかしたい\\{ ,\\}ななななんとなくなんかしたい\\{ ,\\}\\{イエーイ,いえーい\\}\\{!,\\}とか\\{言っ,いっ\\}ちゃうぐらい\\{ ,\\}ちょーだい\\{VACATION,ばけーしょん\\}\\{ ,\\}\\{ワォ,わぉ\\}\\{!,\\}\\{ ,\\}\\{脳,のう\\}\\{内,ない\\}\\{VACATION,ばけーしょん\\}\\{ ,\\}	2	2018-05-18 13:23:33.080572	2018-05-18 13:23:33.080572	1
328250935	1060016335	301022393	318236322	どっか行きてぇいや、行っちゃわねえ?最低でも2泊と3日だねじゃあ行っちゃいますかどこの海?もしくは京都よその国?どこだっていいんだぜ思うまま思いつきでいいんだよ旅行なんかそう久しぶりのバケーションじゃん負けてらんねー若ぇもんにゃ遊んで遊びすぎて壊れたいねなんて言っちゃいたいね夜明けまで年甲斐もなくハジケたいねそう2回も言うよマジでマジで本当行きてぇいや行っちゃわねえ?今からだっていいんじゃねぇの言ったらね意味とか理由などなくていい楽しければ全てがラフでいい	どっかいきてぇいやいっちゃわねえさいていでもにはくとみっかだねじゃあいっちゃいますかどこのうみもしくはきょうとよそのくにどこだっていいんだぜおもうままおもいつきでいいんだよりょこうなんかそうひさしぶりのばけーしょんじゃんまけてらんねーわけぇもんにゃあそんであそびすぎてこわれたいねなんていっちゃいたいねよあけまでとしがいもなくはじけたいねそうにかいもいうよまじでまじでほんとういきてぇいやいっちゃわねえいまからだっていいんじゃねぇのいったらねいみとかりゆうなどなくていいたのしければすべてがらふでいい	どっか\\{行き,いき\\}てぇ\\{ ,\\}いや\\{、,\\}\\{行っ,いっ\\}ちゃわねえ\\{?,\\}\\{ ,\\}\\{最低,さいてい\\}でも\\{2,に\\}\\{泊,はく\\}と\\{3日,みっか\\}だね\\{ ,\\}じゃあ\\{行っ,いっ\\}ちゃいますか\\{ ,\\}どこの\\{海,うみ\\}\\{?,\\}\\{ ,\\}もしくは\\{京都,きょうと\\}よその\\{国,くに\\}\\{?,\\}\\{ ,\\}どこだっていいんだぜ\\{ ,\\}\\{思う,おもう\\}まま\\{思いつき,おもいつき\\}でいいんだよ\\{旅行,りょこう\\}なんか\\{ ,\\}そう\\{ ,\\}\\{久しぶり,ひさしぶり\\}の\\{バケーション,ばけーしょん\\}じゃん\\{ ,\\}\\{負け,まけ\\}てらんねー\\{ ,\\}\\{若,わけ\\}ぇもんにゃ\\{ ,\\}\\{遊ん,あそん\\}で\\{遊び,あそび\\}すぎて\\{壊れ,こわれ\\}たいねなんて\\{ ,\\}\\{言っ,いっ\\}ちゃいたいね\\{夜明け,よあけ\\}まで\\{ ,\\}\\{年甲斐,としがい\\}もなく\\{ハジケ,はじけ\\}たいね\\{ ,\\}そう\\{2,に\\}\\{回,かい\\}も\\{言う,いう\\}よ\\{ ,\\}\\{マジ,まじ\\}で\\{マジ,まじ\\}で\\{ ,\\}\\{本当,ほんとう\\}\\{行き,いき\\}てぇ\\{ ,\\}いや\\{行っ,いっ\\}ちゃわねえ\\{?,\\}\\{ ,\\}\\{今,いま\\}からだっていいんじゃねぇの\\{ ,\\}\\{言っ,いっ\\}たらね\\{ ,\\}\\{意味,いみ\\}とか\\{理由,りゆう\\}などなくていい\\{ ,\\}\\{楽しけれ,たのしけれ\\}ば\\{全て,すべて\\}が\\{ラフ,らふ\\}でいい\\{ ,\\}	3	2018-05-18 13:23:33.080572	2018-05-18 13:23:33.080572	2
989008641	1060016335	434322821	318236322	このいい機会に君に会いに行きたい次第です来月いつ以来ですか長い歳月が照れくさくするそんな再会ですマイクテスト一番はじめ最初が大事なんだしねやっぱしねまずはベタに久しぶり調子どう変わんねぇな全く変わってたらどうしようどうにもこうにもならないさもういいよ遠い距離よりも遠い時取り戻せショートバケーションちょっとだけの長ぇ夜チケット掴んで夢に見た映像目を閉じれば手を振ってる君が見えるYEAH	このいいきかいにきみにあいにいきたいしだいですらいげついついらいですかながいさいげつがてれくさくするそんなさいかいですまいくてすといちばんはじめさいしょがだいじなんだしねやっぱしねまずはべたにひさしぶりちょうしどうかわんねぇなまったくかわってたらどうしようどうにもこうにもならないさもういいよとおいきょりよりもとおいときとりもどせしょーとばけーしょんちょっとだけのなげぇよるちけっとつかんでゆめにみたえいぞうめをとじればてをふってるきみがみえるいぇー	このいい\\{機会,きかい\\}に\\{君,きみ\\}に\\{会い,あい\\}に\\{ ,\\}\\{行き,いき\\}たい\\{次第,しだい\\}です\\{ ,\\}\\{来月,らいげつ\\}\\{ ,\\}いつ\\{以来,いらい\\}ですか\\{ ,\\}\\{長い,ながい\\}\\{歳月,さいげつ\\}が\\{ ,\\}\\{照れくさく,てれくさく\\}する\\{ ,\\}そんな\\{再会,さいかい\\}です\\{ ,\\}\\{マイク,まいく\\}\\{テスト,てすと\\}\\{ ,\\}\\{一番,いちばん\\}はじめ\\{ ,\\}\\{最初,さいしょ\\}が\\{大事,だいじ\\}なんだしね\\{ ,\\}やっぱしね\\{ ,\\}まずは\\{ベタ,べた\\}に\\{久しぶり,ひさしぶり\\}\\{ ,\\}\\{調子,ちょうし\\}どう\\{ ,\\}\\{変わん,かわん\\}ねぇな\\{ ,\\}\\{全く,まったく\\}\\{ ,\\}\\{変わっ,かわっ\\}てたらどうしよう\\{ ,\\}どうにもこうにもならないさ\\{ ,\\}もういいよ\\{ ,\\}\\{遠い,とおい\\}\\{距離,きょり\\}よりも\\{ ,\\}\\{遠い,とおい\\}\\{時,とき\\}\\{ ,\\}\\{取り戻せ,とりもどせ\\}\\{ ,\\}\\{ショート,しょーと\\}\\{バケーション,ばけーしょん\\}\\{ ,\\}ちょっとだけの\\{長,なげ\\}ぇ\\{夜,よる\\}\\{ ,\\}\\{チケット,ちけっと\\}\\{掴ん,つかん\\}で\\{夢,ゆめ\\}に\\{見,み\\}た\\{映像,えいぞう\\}\\{ ,\\}\\{目,め\\}を\\{閉じれ,とじれ\\}ば\\{手,て\\}を\\{振っ,ふっ\\}てる\\{ ,\\}\\{君,きみ\\}が\\{見える,みえる\\}\\{ ,\\}\\{YEAH,いぇー\\}\\{ ,\\}	5	2018-05-18 13:23:33.080572	2018-05-18 13:23:33.080572	3
603603645	1060016335	15386296	609764183	どっかでなんかしたいななななんとなくなんかしたいイエーイ!とか言っちゃうぐらいちょーだいVACATIONワォ!脳内VACATION	どっかでなんかしたいななななんとなくなんかしたいいえーいとかいっちゃうぐらいちょーだいばけーしょんわぉのうないばけーしょん	どっかでなんかしたい\\{ ,\\}ななななんとなくなんかしたい\\{ ,\\}\\{イエーイ,いえーい\\}\\{!,\\}とか\\{言っ,いっ\\}ちゃうぐらい\\{ ,\\}ちょーだい\\{VACATION,ばけーしょん\\}\\{ ,\\}\\{ワォ,わぉ\\}\\{!,\\}\\{ ,\\}\\{脳,のう\\}\\{内,ない\\}\\{VACATION,ばけーしょん\\}\\{ ,\\}	6	2018-05-18 13:23:33.080572	2018-05-18 13:23:33.080572	3
380771914	366569672	301022393	318236322	まだまだやりつくした感ゼロ回すベロでも毎回ヤバイ(完成度)安定とかも関係なしに(カンカラ)宙に蹴飛ばす(半端なく)最高な(アンバランス)頑張らなきゃ出せない結果を頑張って出す君の代弁者(OK?)けれどマイペースに注ぐダイレクトな言葉は水のよう自然な(Irep)(一生懸命を恥ずかしがるな)初心忘れずな丸刈りマスター(ライツカメラアクションで棒立ち)よりかまし続けしない後悔たとえ誰に抜かれよーが余裕に抜くアイディアが生まれそうだいつもONEWAY(YEAH)ありのままの姿見せる為今日も足伸ばすまた	まだまだやりつくしたかんぜろまわすべろでもまいかいやばいかんせいどあんていとかもかんけいなしにかんからちゅうにけとばすはんぱなくさいこうなあんばらんすがんばらなきゃだせないけっかをがんばってだすきみのだいべんしゃおーけーけれどまいぺーすにそそぐだいれくとなことばはみずのようしぜんなあいれっぷいっしょうけんめいをはずかしがるなしょしんわすれずなまるがりますたーらいつかめらあくしょんでぼうだちよりかましつづけしないこうかいたとえだれにぬかれよーがよゆうにぬくあいでぃあがうまれそうだいつもわんうぇーいぇーありのままのすがたみせるためきょうもあしのばすまた	まだまだやりつくした\\{感,かん\\}\\{ゼロ,ぜろ\\}\\{ ,\\}\\{回す,まわす\\}\\{ベロ,べろ\\}\\{ ,\\}でも\\{毎回,まいかい\\}\\{ヤバイ,やばい\\}\\{ ,\\}\\{(,\\}\\{完成,かんせい\\}\\{度,ど\\}\\{),\\}\\{ ,\\}\\{安定,あんてい\\}とかも\\{関係,かんけい\\}なしに\\{ ,\\}\\{(,\\}\\{カン,かん\\}\\{カラ,から\\}\\{),\\}\\{ ,\\}\\{宙,ちゅう\\}に\\{蹴飛ばす,けとばす\\}\\{ ,\\}\\{(,\\}\\{半端,はんぱ\\}なく\\{),\\}\\{ ,\\}\\{最高,さいこう\\}な\\{ ,\\}\\{(,\\}\\{アンバランス,あんばらんす\\}\\{),\\}\\{ ,\\}\\{頑張ら,がんばら\\}なきゃ\\{出せ,だせ\\}ない\\{結果,けっか\\}を\\{頑張っ,がんばっ\\}て\\{出す,だす\\}\\{君,きみ\\}の\\{代弁,だいべん\\}\\{者,しゃ\\}\\{ ,\\}\\{(,\\}\\{OK,おーけー\\}\\{?),\\}\\{ ,\\}けれど\\{マイペース,まいぺーす\\}に\\{注ぐ,そそぐ\\}\\{ダイレクト,だいれくと\\}な\\{言葉,ことば\\}は\\{水,みず\\}のよう\\{ ,\\}\\{自然,しぜん\\}な\\{ ,\\}\\{(,\\}\\{I,あい\\}\\{ ,\\}\\{rep,れっぷ\\}\\{),\\}\\{ ,\\}\\{(,\\}\\{一生懸命,いっしょうけんめい\\}を\\{恥ずかし,はずかし\\}がるな\\{),\\}\\{ ,\\}\\{初心,しょしん\\}\\{忘れ,わすれ\\}ずな\\{丸刈り,まるがり\\}\\{マスター,ますたー\\}\\{ ,\\}\\{(,\\}\\{ライツカメラアクション,らいつかめらあくしょん\\}で\\{棒立ち,ぼうだち\\}\\{),\\}\\{ ,\\}より\\{ ,\\}かまし\\{続け,つづけ\\}\\{ ,\\}しない\\{後悔,こうかい\\}\\{ ,\\}たとえ\\{誰,だれ\\}に\\{抜かれ,ぬかれ\\}よーが\\{ ,\\}\\{余裕,よゆう\\}に\\{抜く,ぬく\\}\\{アイディア,あいでぃあ\\}が\\{生まれ,うまれ\\}そうだ\\{ ,\\}いつも\\{ONEWAY,わんうぇー\\}\\{ ,\\}\\{(,\\}\\{YEAH,いぇー\\}\\{),\\}\\{ ,\\}ありのままの\\{姿,すがた\\}\\{見せる,みせる\\}\\{為,ため\\}\\{ ,\\}\\{今日,きょう\\}も\\{足,あし\\}\\{伸ばす,のばす\\}また\\{ ,\\}	1	2018-05-18 13:23:33.080572	2018-05-18 13:23:33.080572	1
263933938	366569672	15386296	609764183	俺は1000%俺を抜いて前を向いてなんなら進んでる俺は1000%俺を抜いて前を向いてなんなら進んでる今言える言えてるあの日もあの日も俺の本気は嘘じゃない経てからのここ	おれはせんぱーせんとおれをぬいてまえをむいてなんならすすんでるおれはせんぱーせんとおれをぬいてまえをむいてなんならすすんでるいまいえるいえてるあのひもあのひもおれのほんきはうそじゃないへてからのここ	\\{俺,おれ\\}は\\{1000,せん\\}\\{%,ぱーせんと\\}\\{ ,\\}\\{俺,おれ\\}を\\{抜い,ぬい\\}て\\{ ,\\}\\{前,まえ\\}を\\{向い,むい\\}て\\{ ,\\}なんなら\\{進ん,すすん\\}でる\\{ ,\\}\\{俺,おれ\\}は\\{1000,せん\\}\\{%,ぱーせんと\\}\\{ ,\\}\\{俺,おれ\\}を\\{抜い,ぬい\\}て\\{ ,\\}\\{前,まえ\\}を\\{向い,むい\\}て\\{ ,\\}なんなら\\{進ん,すすん\\}でる\\{ ,\\}\\{今,いま\\}\\{ ,\\}\\{言える,いえる\\}\\{ ,\\}\\{言え,いえ\\}てる\\{ ,\\}あの\\{日,ひ\\}もあの\\{日,ひ\\}も\\{俺,おれ\\}の\\{本気,ほんき\\}は\\{嘘,うそ\\}じゃない\\{ ,\\}\\{経,へ\\}て\\{ ,\\}からの\\{ ,\\}ここ\\{ ,\\}	2	2018-05-18 13:23:33.080572	2018-05-18 13:23:33.080572	1
951877481	366569672	607805222	318236322	一所でも一生でも(一緒)懸命だったら(それでいいっしょ)新しかろうが古かろうがやろうと思えたんなら(すぐやろう)恋は一秒もかからずに燃えるけど心には無いぜ追い炊き機能(さぁ今すぐに)もっと薪をくべろ(回せ回せ)世界を巻き込むベロ(でも)のぼせあがるな頭はクールに大事なとこで茶化すなよ(さぁここだ)かっこわるかろうが必死になれる事のかっこよさ(君は気がついた)(俺は気がついた)そうだそして地に足がついた軸がぶれない淀みない歩き出しまるで背中押すようにさす光	いっしょでもいっしょうでもいっしょけんめいだったらそれでいいっしょあたらしかろうがふるかろうがやろうとおもえたんならすぐやろうこいはいちびょうもかからずにもえるけどこころにはないぜおいだききのうさぁいますぐにもっとまきをくべろまわせまわせせかいをまきこむべろでものぼせあがるなあたまはくーるにだいじなとこでちゃかすなよさぁここだかっこわるかろうがひっしになれることのかっこよさきみはきがついたおれはきがついたそうだそしてちにあしがついたじくがぶれないよどみないあるきだしまるでせなかおすようにさすひかり	\\{一所,いっしょ\\}でも\\{ ,\\}\\{一生,いっしょう\\}でも\\{ ,\\}\\{(,\\}\\{一緒,いっしょ\\}\\{),\\}\\{ ,\\}\\{懸命,けんめい\\}だったら\\{ ,\\}\\{(,\\}それでいいっしょ\\{),\\}\\{ ,\\}\\{新しかろ,あたらしかろ\\}うが\\{ ,\\}\\{古かろ,ふるかろ\\}うが\\{ ,\\}やろうと\\{思え,おもえ\\}たんなら\\{ ,\\}\\{(,\\}すぐやろう\\{),\\}\\{ ,\\}\\{恋,こい\\}は\\{一,いち\\}\\{秒,びょう\\}もかからずに\\{燃える,もえる\\}けど\\{ ,\\}\\{心,こころ\\}には\\{無い,ない\\}ぜ\\{ ,\\}\\{追い,おい\\}\\{炊き,だき\\}\\{機能,きのう\\}\\{ ,\\}\\{(,\\}さぁ\\{今,いま\\}すぐに\\{),\\}\\{ ,\\}もっと\\{薪,まき\\}をくべろ\\{ ,\\}\\{(,\\}\\{回せ,まわせ\\}\\{回せ,まわせ\\}\\{),\\}\\{ ,\\}\\{世界,せかい\\}を\\{巻き込む,まきこむ\\}\\{ベロ,べろ\\}\\{ ,\\}\\{(,\\}でも\\{),\\}\\{ ,\\}のぼせあがるな\\{ ,\\}\\{頭,あたま\\}は\\{クール,くーる\\}に\\{ ,\\}\\{大事,だいじ\\}なとこで\\{茶化す,ちゃかす\\}なよ\\{ ,\\}\\{(,\\}さぁここだ\\{),\\}\\{ ,\\}かっこわるかろうが\\{必死,ひっし\\}になれる\\{事,こと\\}のかっこよさ\\{ ,\\}\\{(,\\}\\{君,きみ\\}は\\{気がつい,きがつい\\}た\\{),\\}\\{ ,\\}\\{(,\\}\\{俺,おれ\\}は\\{気がつい,きがつい\\}た\\{),\\}\\{ ,\\}そうだ\\{ ,\\}そして\\{地,ち\\}に\\{足,あし\\}がついた\\{ ,\\}\\{軸,じく\\}がぶれない\\{ ,\\}\\{淀み,よどみ\\}ない\\{歩き,あるき\\}\\{出し,だし\\}\\{ ,\\}まるで\\{背中,せなか\\}\\{押す,おす\\}ようにさす\\{光,ひかり\\}\\{ ,\\}	3	2018-05-18 13:23:33.080572	2018-05-18 13:23:33.080572	2
299883091	366569672	434322821	318236322	It'sbeenalongtime人類皆兄弟ってわけで全員で(kick)しましょうかい生涯は長い長いマラソン互いに争うよりよりヤバイ音楽を鳴らそうCOOLにみえても(FireFireburning)FRESHに感じられる(LikeaVirgin)リトルにみえても中身はラージ本気は(マジ)真剣は(ガチ)茶化したりしたり顔でバカにしたりその本気を笑いにしたり下に見たりしない(あの日の俺より先に行ってる)(悪くねぇよ)めちゃめちゃ気に入ってるぜDryじゃいられない都会のJungle何度でもTryするTriangleまず案ずるよりバズるBigな番狂わせ(キックザカンクルー)again	いっつびーんあろんぐたいむじんるいみなきょうだいってわけでぜんいんできっくしましょうかいしょうがいはながいながいまらそんたがいにあらそうよりよりやばいおんがくをならそうくーるにみえてもふぁいあふぁいあばーにんぐふれっしゅにかんじられるらいくあばーじんりとるにみえてもなかみはらーじほんきはまじしんけんはがちちゃかしたりしたりがおでばかにしたりそのほんきをわらいにしたりしたにみたりしないあのひのおれよりさきにいってるわるくねぇよめちゃめちゃきにいってるぜどらいじゃいられないとかいのじゃんぐるなんどでもとらいするとらいあんぐるまずあんずるよりばずるびっぐなばんくるわせきっくざかんくるーあげいん	\\{It's,いっつ\\}\\{ ,\\}\\{been,びーん\\}\\{ ,\\}\\{a,あ\\}\\{ ,\\}\\{long,ろんぐ\\}\\{ ,\\}\\{time,たいむ\\}\\{ ,\\}\\{人類,じんるい\\}\\{皆,みな\\}\\{兄弟,きょうだい\\}ってわけで\\{全員,ぜんいん\\}で\\{ ,\\}\\{(,\\}\\{kick,きっく\\}\\{),\\}\\{ ,\\}しましょうかい\\{ ,\\}\\{生涯,しょうがい\\}は\\{長い,ながい\\}\\{長い,ながい\\}\\{マラソン,まらそん\\}\\{ ,\\}\\{互いに,たがいに\\}\\{争う,あらそう\\}より\\{ ,\\}より\\{ヤバイ,やばい\\}\\{音楽,おんがく\\}を\\{鳴らそ,ならそ\\}う\\{ ,\\}\\{COOL,くーる\\}にみえても\\{ ,\\}\\{(,\\}\\{Fire,ふぁいあ\\}\\{ ,\\}\\{Fireburning,ふぁいあばーにんぐ\\}\\{),\\}\\{ ,\\}\\{FRESH,ふれっしゅ\\}に\\{感じ,かんじ\\}られる\\{ ,\\}\\{(,\\}\\{Like,らいく\\}\\{ ,\\}\\{a,あ\\}\\{ ,\\}\\{Virgin,ばーじん\\}\\{),\\}\\{ ,\\}\\{リトル,りとる\\}にみえても\\{中身,なかみ\\}は\\{ラージ,らーじ\\}\\{ ,\\}\\{本気,ほんき\\}は\\{ ,\\}\\{(,\\}\\{マジ,まじ\\}\\{),\\}\\{ ,\\}\\{真剣,しんけん\\}は\\{ ,\\}\\{(,\\}\\{ガチ,がち\\}\\{),\\}\\{ ,\\}\\{茶化し,ちゃかし\\}たり\\{ ,\\}\\{したり顔,したりがお\\}で\\{バカ,ばか\\}にしたり\\{ ,\\}その\\{本気,ほんき\\}を\\{笑い,わらい\\}にしたり\\{下,した\\}に\\{見,み\\}たりしない\\{ ,\\}\\{(,\\}あの\\{日,ひ\\}の\\{俺,おれ\\}より\\{先,さき\\}に\\{行っ,いっ\\}てる\\{),\\}\\{ ,\\}\\{(,\\}\\{悪く,わるく\\}ねぇよ\\{),\\}\\{ ,\\}めちゃめちゃ\\{気に入っ,きにいっ\\}てるぜ\\{ ,\\}\\{Dry,どらい\\}じゃいられない\\{都会,とかい\\}の\\{Jungle,じゃんぐる\\}\\{ ,\\}\\{何,なん\\}\\{度,ど\\}でも\\{Try,とらい\\}する\\{Triangle,とらいあんぐる\\}\\{ ,\\}まず\\{案ずる,あんずる\\}より\\{バズ,ばず\\}る\\{Big,びっぐ\\}な\\{番狂わせ,ばんくるわせ\\}\\{ ,\\}\\{(,\\}\\{キックザカンクルー,きっくざかんくるー\\}\\{),\\}\\{ ,\\}\\{again,あげいん\\}\\{ ,\\}	5	2018-05-18 13:23:33.080572	2018-05-18 13:23:33.080572	3
148278251	366569672	15386296	609764183	俺は1000%俺を抜いて前を向いてなんなら進んでる俺は1000%俺を抜いて前を向いてなんなら進んでる今言える言えてるあの日もあの日も俺の本気は嘘じゃない経てからのこここの先もそう	おれはせんぱーせんとおれをぬいてまえをむいてなんならすすんでるおれはせんぱーせんとおれをぬいてまえをむいてなんならすすんでるいまいえるいえてるあのひもあのひもおれのほんきはうそじゃないへてからのこここのさきもそう	\\{俺,おれ\\}は\\{1000,せん\\}\\{%,ぱーせんと\\}\\{ ,\\}\\{俺,おれ\\}を\\{抜い,ぬい\\}て\\{ ,\\}\\{前,まえ\\}を\\{向い,むい\\}て\\{ ,\\}なんなら\\{進ん,すすん\\}でる\\{ ,\\}\\{俺,おれ\\}は\\{1000,せん\\}\\{%,ぱーせんと\\}\\{ ,\\}\\{俺,おれ\\}を\\{抜い,ぬい\\}て\\{ ,\\}\\{前,まえ\\}を\\{向い,むい\\}て\\{ ,\\}なんなら\\{進ん,すすん\\}でる\\{ ,\\}\\{今,いま\\}\\{ ,\\}\\{言える,いえる\\}\\{ ,\\}\\{言え,いえ\\}てる\\{ ,\\}あの\\{日,ひ\\}もあの\\{日,ひ\\}も\\{俺,おれ\\}の\\{本気,ほんき\\}は\\{嘘,うそ\\}じゃない\\{ ,\\}\\{経,へ\\}て\\{ ,\\}からの\\{ ,\\}ここ\\{ ,\\}この\\{先,さき\\}もそう\\{ ,\\}	6	2018-05-18 13:23:33.080572	2018-05-18 13:23:33.080572	3
1070709634	366569672	15386296	609764183	俺は1000%俺を抜いて前を向いてなんなら進んでる俺は1000%俺を抜いて前を向いてなんなら進んでる今言える言えてるあの日もあの日も俺の本気は嘘じゃない経てからのここ	おれはせんぱーせんとおれをぬいてまえをむいてなんならすすんでるおれはせんぱーせんとおれをぬいてまえをむいてなんならすすんでるいまいえるいえてるあのひもあのひもおれのほんきはうそじゃないへてからのここ	\\{俺,おれ\\}は\\{1000,せん\\}\\{%,ぱーせんと\\}\\{ ,\\}\\{俺,おれ\\}を\\{抜い,ぬい\\}て\\{ ,\\}\\{前,まえ\\}を\\{向い,むい\\}て\\{ ,\\}なんなら\\{進ん,すすん\\}でる\\{ ,\\}\\{俺,おれ\\}は\\{1000,せん\\}\\{%,ぱーせんと\\}\\{ ,\\}\\{俺,おれ\\}を\\{抜い,ぬい\\}て\\{ ,\\}\\{前,まえ\\}を\\{向い,むい\\}て\\{ ,\\}なんなら\\{進ん,すすん\\}でる\\{ ,\\}\\{今,いま\\}\\{ ,\\}\\{言える,いえる\\}\\{ ,\\}\\{言え,いえ\\}てる\\{ ,\\}あの\\{日,ひ\\}もあの\\{日,ひ\\}も\\{俺,おれ\\}の\\{本気,ほんき\\}は\\{嘘,うそ\\}じゃない\\{ ,\\}\\{経,へ\\}て\\{ ,\\}からの\\{ ,\\}ここ\\{ ,\\}	7	2018-05-18 13:23:33.080572	2018-05-18 13:23:33.080572	4
\.


--
-- Name: lyrics_id_seq; Type: SEQUENCE SET; Schema: public; Owner: -
--

SELECT pg_catalog.setval('public.lyrics_id_seq', 1070709634, true);


--
-- Data for Name: schema_migrations; Type: TABLE DATA; Schema: public; Owner: -
--

COPY public.schema_migrations (version) FROM stdin;
20180518095114
20180404122410
20180404122648
20180404122728
20180404123133
20180404123146
20180404123208
20180404123221
20180404123242
20180407122347
20180409073325
20180409074227
20180409074726
20180409075455
20180409080847
20180412092842
20180412093640
20180421081606
20180424125115
20180426080113
20180426082005
20180430061300
20180430061734
20180430061814
20180430061940
20180430062006
20180430062108
20180430062227
20180430081629
20180505020617
20180518094437
\.


--
-- Data for Name: search_log_songs; Type: TABLE DATA; Schema: public; Owner: -
--

COPY public.search_log_songs (id, search_log_id, song_id, created_at, updated_at, phrase_hit_count) FROM stdin;
1	1	88824876	2018-05-18 13:23:53.515639	2018-05-18 13:23:53.526962	2
2	1	350177866	2018-05-18 13:23:53.517811	2018-05-18 13:23:53.532579	2
3	1	362662043	2018-05-18 13:23:53.519141	2018-05-18 13:23:53.539084	2
\.


--
-- Name: search_log_songs_id_seq; Type: SEQUENCE SET; Schema: public; Owner: -
--

SELECT pg_catalog.setval('public.search_log_songs_id_seq', 3, true);


--
-- Data for Name: search_logs; Type: TABLE DATA; Schema: public; Owner: -
--

COPY public.search_logs (id, searchword, searchtype, created_at, updated_at, hit_song_count, ip_address) FROM stdin;
1	ハイ	表記検索	2018-05-18 13:23:53.512661	2018-05-18 13:23:53.512661	3	10.0.2.2
\.


--
-- Name: search_logs_id_seq; Type: SEQUENCE SET; Schema: public; Owner: -
--

SELECT pg_catalog.setval('public.search_logs_id_seq', 1, true);


--
-- Data for Name: singers; Type: TABLE DATA; Schema: public; Owner: -
--

COPY public.singers (id, name, is_kick, created_at, updated_at) FROM stdin;
607805222	KREVA	t	2018-05-18 13:23:33.251721	2018-05-18 13:23:33.251721
301022393	MCU	t	2018-05-18 13:23:33.251721	2018-05-18 13:23:33.251721
434322821	LITTLE	t	2018-05-18 13:23:33.251721	2018-05-18 13:23:33.251721
15386296	KICK THE CAN CREW	t	2018-05-18 13:23:33.251721	2018-05-18 13:23:33.251721
12018489	CRAZY-A	f	2018-05-18 13:23:33.251721	2018-05-18 13:23:33.251721
72714515	KICK THE CAN CREW & CASSETTE VISION	t	2018-05-18 13:23:33.251721	2018-05-18 13:23:33.251721
49361917	SOHJIN	f	2018-05-18 13:23:33.251721	2018-05-18 13:23:33.251721
586780233	CHANNEL	f	2018-05-18 13:23:33.251721	2018-05-18 13:23:33.251721
664126409	CUEZERO	f	2018-05-18 13:23:33.251721	2018-05-18 13:23:33.251721
\.


--
-- Name: singers_id_seq; Type: SEQUENCE SET; Schema: public; Owner: -
--

SELECT pg_catalog.setval('public.singers_id_seq', 664126409, true);


--
-- Data for Name: songs; Type: TABLE DATA; Schema: public; Owner: -
--

COPY public.songs (id, lyric_url_id, name, lyricist, composer, arranger, created_at, updated_at, cd_id, note, search_log_song_id, artist_id) FROM stdin;
982511081	\N	タカオニ	KICK THE CAN CREW	KREVA	UNKNOWN	2018-05-18 13:23:33.260537	2018-05-18 13:23:33.260537	219224909	\N	\N	432004563
112866502	\N	カンケリ	KICK THE CAN CREW	KREVA	UNKNOWN	2018-05-18 13:23:33.260537	2018-05-18 13:23:33.260537	219224909	\N	\N	432004563
156861643	\N	今日から明日	KICK THE CAN CREW	KICK THE CAN CREW	UNKNOWN	2018-05-18 13:23:33.260537	2018-05-18 13:23:33.260537	621013149	「今日カラ明日」はこの曲の別バージョンで歌詞は同じ	\N	432004563
877844783	\N	今日カラ明日	KICK THE CAN CREW	KICK THE CAN CREW	UNKNOWN	2018-05-18 13:23:33.260537	2018-05-18 13:23:33.260537	621013149	「今日から明日」の別バージョンで歌詞は同じ	\N	432004563
131946517	\N	スーパーオリジナル	KICK THE CAN CREW	KICK THE CAN CREW	KREVA	2018-05-18 13:23:33.260537	2018-05-18 13:23:33.260537	535806224	\N	\N	432004563
844947265	\N	Down by Low(feat.CRAZY-A)	KICK THE CAN CREW	KREVA	KREVA	2018-05-18 13:23:33.260537	2018-05-18 13:23:33.260537	587316810	「ダウン バイ ロー」表記の場合あり	\N	432004563
133215380	\N	イツナロウバ	KICK THE CAN CREW	KICK THE CAN CREW	KREVA	2018-05-18 13:23:33.260537	2018-05-18 13:23:33.260537	436823389	\N	\N	432004563
88824876	\N	GOOD TIME!	KICK THE CAN CREW	KREVA	KREVA	2018-05-18 13:23:33.260537	2018-05-18 13:23:33.260537	479618900	\N	\N	432004563
440264634	\N	カンケリ01	KICK THE CAN CREW	KICK THE CAN CREW	KREVA	2018-05-18 13:23:33.260537	2018-05-18 13:23:33.260537	604606097	\N	\N	432004563
1069607210	\N	LIFELINE	KICK THE CAN CREW	KICK THE CAN CREW	KREVA	2018-05-18 13:23:33.260537	2018-05-18 13:23:33.260537	604606097	\N	\N	432004563
519972071	\N	クリスマス・イブRap	山下達郎 / KICK THE CAN CREW	山下達郎	UNKNOWN	2018-05-18 13:23:33.260537	2018-05-18 13:23:33.260537	178128301	\N	\N	432004563
106544218	\N	マルシェ	KICK THE CAN CREW	KICK THE CAN CREW	KREVA	2018-05-18 13:23:33.260537	2018-05-18 13:23:33.260537	614900124	\N	\N	432004563
1055050061	\N	ONEWAY	KICK THE CAN CREW	KICK THE CAN CREW	KREVA	2018-05-18 13:23:33.260537	2018-05-18 13:23:33.260537	1049752364	\N	\N	432004563
1014144295	\N	sayonara sayonara	KICK THE CAN CREW	KICK THE CAN CREW	KREVA	2018-05-18 13:23:33.260537	2018-05-18 13:23:33.260537	453528112	\N	\N	432004563
293514184	\N	アンバランス	KICK THE CAN CREW	KICK THE CAN CREW	KREVA	2018-05-18 13:23:33.260537	2018-05-18 13:23:33.260537	845852309	\N	\N	432004563
1019609961	\N	地球ブルース～337～	KICK THE CAN CREW	KICK THE CAN CREW	KREVA	2018-05-18 13:23:33.260537	2018-05-18 13:23:33.260537	251166158	\N	\N	432004563
581266737	\N	DJDJ [for RADIO]	KICK THE CAN CREW	KICK THE CAN CREW	KREVA	2018-05-18 13:23:33.260537	2018-05-18 13:23:33.260537	251166158	\N	\N	432004563
350177866	\N	TORIIIIIICO!	KICK THE CAN CREW feat. CASSETTE VISION	KICK THE CAN CREW feat. CASSETTE VISION	KREVA	2018-05-18 13:23:33.260537	2018-05-18 13:23:33.260537	359143221	KICK THE CAN CREW feat. CASSETTE VISION名義。Sg盤ではCUEZEROは「C.U.E ZERO」表記。Sg歌詞カードのSOHJIN VERSE1およびKREVA VERSE2に誤植（不足）あり。	\N	432004563
249039998	\N	性コンティニュー	KICK THE CAN CREW	KICK THE CAN CREW & DJ TATSUTA	KREVA	2018-05-18 13:23:33.260537	2018-05-18 13:23:33.260537	918794414	\N	\N	432004563
800442314	\N	GOOD MUSIC	KICK THE CAN CREW	KICK THE CAN CREW & DJ TATSUTA	KREVA	2018-05-18 13:23:33.260537	2018-05-18 13:23:33.260537	657635050	同一タイトルのSgとAlがリリースされている。	\N	432004563
273780870	\N	パンク寸前のFUNK	KICK THE CAN CREW	KICK THE CAN CREW & DJ TATSUTA	顔PASSブラザーズ	2018-05-18 13:23:33.260537	2018-05-18 13:23:33.260537	119379760	\N	\N	432004563
641744026	\N	ナビ	KICK THE CAN CREW	KICK THE CAN CREW & DJ TATSUTA	顔PASSブラザーズ	2018-05-18 13:23:33.260537	2018-05-18 13:23:33.260537	371092858	\N	\N	432004563
362662043	\N	揺れ	KICK THE CAN CREW	KICK THE CAN CREW	KREVA	2018-05-18 13:23:33.260537	2018-05-18 13:23:33.260537	371092858	\N	\N	432004563
1060016335	\N	脳内VACATION	KICK THE CAN CREW	KICK THE CAN CREW	KREVA	2018-05-18 13:23:33.260537	2018-05-18 13:23:33.260537	489917250	\N	\N	432004563
366569672	\N	千％	KICK THE CAN CREW	KICK THE CAN CREW & 柿崎洋一郎	KREVA & 柿崎洋一郎	2018-05-18 13:23:33.260537	2018-05-18 13:23:33.260537	712773829	\N	\N	432004563
\.


--
-- Name: songs_id_seq; Type: SEQUENCE SET; Schema: public; Owner: -
--

SELECT pg_catalog.setval('public.songs_id_seq', 1069607210, true);


--
-- Name: ar_internal_metadata_pkey; Type: CONSTRAINT; Schema: public; Owner: -
--

ALTER TABLE ONLY public.ar_internal_metadata
    ADD CONSTRAINT ar_internal_metadata_pkey PRIMARY KEY (key);


--
-- Name: artists_pkey; Type: CONSTRAINT; Schema: public; Owner: -
--

ALTER TABLE ONLY public.artists
    ADD CONSTRAINT artists_pkey PRIMARY KEY (id);


--
-- Name: cd_songs_pkey; Type: CONSTRAINT; Schema: public; Owner: -
--

ALTER TABLE ONLY public.cd_songs
    ADD CONSTRAINT cd_songs_pkey PRIMARY KEY (id);


--
-- Name: cds_pkey; Type: CONSTRAINT; Schema: public; Owner: -
--

ALTER TABLE ONLY public.cds
    ADD CONSTRAINT cds_pkey PRIMARY KEY (id);


--
-- Name: lyric_types_pkey; Type: CONSTRAINT; Schema: public; Owner: -
--

ALTER TABLE ONLY public.lyric_types
    ADD CONSTRAINT lyric_types_pkey PRIMARY KEY (id);


--
-- Name: lyric_url_songs_pkey; Type: CONSTRAINT; Schema: public; Owner: -
--

ALTER TABLE ONLY public.lyric_url_songs
    ADD CONSTRAINT lyric_url_songs_pkey PRIMARY KEY (id);


--
-- Name: lyric_urls_pkey; Type: CONSTRAINT; Schema: public; Owner: -
--

ALTER TABLE ONLY public.lyric_urls
    ADD CONSTRAINT lyric_urls_pkey PRIMARY KEY (id);


--
-- Name: lyric_websites_pkey; Type: CONSTRAINT; Schema: public; Owner: -
--

ALTER TABLE ONLY public.lyric_websites
    ADD CONSTRAINT lyric_websites_pkey PRIMARY KEY (id);


--
-- Name: lyrics_pkey; Type: CONSTRAINT; Schema: public; Owner: -
--

ALTER TABLE ONLY public.lyrics
    ADD CONSTRAINT lyrics_pkey PRIMARY KEY (id);


--
-- Name: schema_migrations_pkey; Type: CONSTRAINT; Schema: public; Owner: -
--

ALTER TABLE ONLY public.schema_migrations
    ADD CONSTRAINT schema_migrations_pkey PRIMARY KEY (version);


--
-- Name: search_log_songs_pkey; Type: CONSTRAINT; Schema: public; Owner: -
--

ALTER TABLE ONLY public.search_log_songs
    ADD CONSTRAINT search_log_songs_pkey PRIMARY KEY (id);


--
-- Name: search_logs_pkey; Type: CONSTRAINT; Schema: public; Owner: -
--

ALTER TABLE ONLY public.search_logs
    ADD CONSTRAINT search_logs_pkey PRIMARY KEY (id);


--
-- Name: singers_pkey; Type: CONSTRAINT; Schema: public; Owner: -
--

ALTER TABLE ONLY public.singers
    ADD CONSTRAINT singers_pkey PRIMARY KEY (id);


--
-- Name: songs_pkey; Type: CONSTRAINT; Schema: public; Owner: -
--

ALTER TABLE ONLY public.songs
    ADD CONSTRAINT songs_pkey PRIMARY KEY (id);


--
-- Name: index_cd_songs_on_cd_id; Type: INDEX; Schema: public; Owner: -
--

CREATE INDEX index_cd_songs_on_cd_id ON public.cd_songs USING btree (cd_id);


--
-- Name: index_cd_songs_on_song_id; Type: INDEX; Schema: public; Owner: -
--

CREATE INDEX index_cd_songs_on_song_id ON public.cd_songs USING btree (song_id);


--
-- Name: index_lyric_url_songs_on_lyric_url_id; Type: INDEX; Schema: public; Owner: -
--

CREATE INDEX index_lyric_url_songs_on_lyric_url_id ON public.lyric_url_songs USING btree (lyric_url_id);


--
-- Name: index_lyric_url_songs_on_song_id; Type: INDEX; Schema: public; Owner: -
--

CREATE INDEX index_lyric_url_songs_on_song_id ON public.lyric_url_songs USING btree (song_id);


--
-- Name: index_lyric_urls_on_lyric_website_id; Type: INDEX; Schema: public; Owner: -
--

CREATE INDEX index_lyric_urls_on_lyric_website_id ON public.lyric_urls USING btree (lyric_website_id);


--
-- Name: index_lyrics_on_lyric_type_id; Type: INDEX; Schema: public; Owner: -
--

CREATE INDEX index_lyrics_on_lyric_type_id ON public.lyrics USING btree (lyric_type_id);


--
-- Name: index_lyrics_on_singer_id; Type: INDEX; Schema: public; Owner: -
--

CREATE INDEX index_lyrics_on_singer_id ON public.lyrics USING btree (singer_id);


--
-- Name: index_lyrics_on_song_id; Type: INDEX; Schema: public; Owner: -
--

CREATE INDEX index_lyrics_on_song_id ON public.lyrics USING btree (song_id);


--
-- Name: index_search_log_songs_on_search_log_id; Type: INDEX; Schema: public; Owner: -
--

CREATE INDEX index_search_log_songs_on_search_log_id ON public.search_log_songs USING btree (search_log_id);


--
-- Name: index_search_log_songs_on_song_id; Type: INDEX; Schema: public; Owner: -
--

CREATE INDEX index_search_log_songs_on_song_id ON public.search_log_songs USING btree (song_id);


--
-- Name: index_songs_on_artist_id; Type: INDEX; Schema: public; Owner: -
--

CREATE INDEX index_songs_on_artist_id ON public.songs USING btree (artist_id);


--
-- Name: index_songs_on_cd_id; Type: INDEX; Schema: public; Owner: -
--

CREATE INDEX index_songs_on_cd_id ON public.songs USING btree (cd_id);


--
-- Name: index_songs_on_lyric_url_id; Type: INDEX; Schema: public; Owner: -
--

CREATE INDEX index_songs_on_lyric_url_id ON public.songs USING btree (lyric_url_id);


--
-- Name: index_songs_on_search_log_song_id; Type: INDEX; Schema: public; Owner: -
--

CREATE INDEX index_songs_on_search_log_song_id ON public.songs USING btree (search_log_song_id);


--
-- Name: fk_rails_43ff49d936; Type: FK CONSTRAINT; Schema: public; Owner: -
--

ALTER TABLE ONLY public.lyric_url_songs
    ADD CONSTRAINT fk_rails_43ff49d936 FOREIGN KEY (song_id) REFERENCES public.songs(id);


--
-- Name: fk_rails_4f6f3c0605; Type: FK CONSTRAINT; Schema: public; Owner: -
--

ALTER TABLE ONLY public.search_log_songs
    ADD CONSTRAINT fk_rails_4f6f3c0605 FOREIGN KEY (song_id) REFERENCES public.songs(id);


--
-- Name: fk_rails_5ce8fd4cc7; Type: FK CONSTRAINT; Schema: public; Owner: -
--

ALTER TABLE ONLY public.songs
    ADD CONSTRAINT fk_rails_5ce8fd4cc7 FOREIGN KEY (artist_id) REFERENCES public.artists(id);


--
-- Name: fk_rails_6560b8cff1; Type: FK CONSTRAINT; Schema: public; Owner: -
--

ALTER TABLE ONLY public.cd_songs
    ADD CONSTRAINT fk_rails_6560b8cff1 FOREIGN KEY (song_id) REFERENCES public.songs(id);


--
-- Name: fk_rails_68c58224df; Type: FK CONSTRAINT; Schema: public; Owner: -
--

ALTER TABLE ONLY public.songs
    ADD CONSTRAINT fk_rails_68c58224df FOREIGN KEY (lyric_url_id) REFERENCES public.lyric_urls(id);


--
-- Name: fk_rails_9093d6c46e; Type: FK CONSTRAINT; Schema: public; Owner: -
--

ALTER TABLE ONLY public.songs
    ADD CONSTRAINT fk_rails_9093d6c46e FOREIGN KEY (cd_id) REFERENCES public.cds(id);


--
-- Name: fk_rails_a21ef69422; Type: FK CONSTRAINT; Schema: public; Owner: -
--

ALTER TABLE ONLY public.lyric_urls
    ADD CONSTRAINT fk_rails_a21ef69422 FOREIGN KEY (lyric_website_id) REFERENCES public.lyric_websites(id);


--
-- Name: fk_rails_a7a77bd903; Type: FK CONSTRAINT; Schema: public; Owner: -
--

ALTER TABLE ONLY public.lyrics
    ADD CONSTRAINT fk_rails_a7a77bd903 FOREIGN KEY (song_id) REFERENCES public.songs(id);


--
-- Name: fk_rails_b4e7371454; Type: FK CONSTRAINT; Schema: public; Owner: -
--

ALTER TABLE ONLY public.lyrics
    ADD CONSTRAINT fk_rails_b4e7371454 FOREIGN KEY (lyric_type_id) REFERENCES public.lyric_types(id);


--
-- Name: fk_rails_c69f8462b0; Type: FK CONSTRAINT; Schema: public; Owner: -
--

ALTER TABLE ONLY public.search_log_songs
    ADD CONSTRAINT fk_rails_c69f8462b0 FOREIGN KEY (search_log_id) REFERENCES public.search_logs(id);


--
-- Name: fk_rails_d4779c92ad; Type: FK CONSTRAINT; Schema: public; Owner: -
--

ALTER TABLE ONLY public.songs
    ADD CONSTRAINT fk_rails_d4779c92ad FOREIGN KEY (search_log_song_id) REFERENCES public.search_log_songs(id);


--
-- Name: fk_rails_e59e4fcebb; Type: FK CONSTRAINT; Schema: public; Owner: -
--

ALTER TABLE ONLY public.cd_songs
    ADD CONSTRAINT fk_rails_e59e4fcebb FOREIGN KEY (cd_id) REFERENCES public.cds(id);


--
-- Name: fk_rails_efbed5505e; Type: FK CONSTRAINT; Schema: public; Owner: -
--

ALTER TABLE ONLY public.lyrics
    ADD CONSTRAINT fk_rails_efbed5505e FOREIGN KEY (singer_id) REFERENCES public.singers(id);


--
-- Name: fk_rails_fc6cdf313e; Type: FK CONSTRAINT; Schema: public; Owner: -
--

ALTER TABLE ONLY public.lyric_url_songs
    ADD CONSTRAINT fk_rails_fc6cdf313e FOREIGN KEY (lyric_url_id) REFERENCES public.lyric_urls(id);


--
-- PostgreSQL database dump complete
--

